acousticness,album_id,analysis_url,artists_id,artists_name,available_markets,country,danceability,disc_number,duration_ms,energy,href,id,instrumentalness,key,liveness,loudness,lyrics,mode,name,playlist,popularity,preview_url,speechiness,tempo,time_signature,track_href,track_name_prev,track_number,uri,valence,type
0.455,5vn1YLShQCNJsu3IbHBqTk,https://api.spotify.com/v1/audio-analysis/4jitHM87wUT8kkRNgU0bVA,['2PyT97wbUZvF6clgcl91cU'],Keith Urban,"['AD', 'AE', 'AR', 'AT', 'AU', 'BE', 'BG', 'BH', 'BO', 'BR', 'CA', 'CH', 'CL', 'CO', 'CR', 'CY', 'CZ', 'DE', 'DK', 'DO', 'DZ', 'EC', 'EE', 'EG', 'ES', 'FI', 'FR', 'GB', 'GR', 'GT', 'HK', 'HN', 'HU', 'ID', 'IE', 'IL', 'IN', 'IS', 'IT', 'JO', 'JP', 'KW', 'LB', 'LI', 'LT', 'LU', 'LV', 'MA', 'MC', 'MT', 'MX', 'MY', 'NI', 'NL', 'NO', 'NZ', 'OM', 'PA', 'PE', 'PH', 'PL', 'PS', 'PT', 'PY', 'QA', 'RO', 'SA', 'SE', 'SG', 'SK', 'SV', 'TH', 'TN', 'TR', 'TW', 'US', 'UY', 'VN', 'ZA']",BE,0.75,1.0,195122.0,0.776,https://api.spotify.com/v1/tracks/4jitHM87wUT8kkRNgU0bVA,4jitHM87wUT8kkRNgU0bVA,0.0162,0.0,0.111,-5.264,"

Oh, I've been driving
Every road, (Aa-ooh, ooh)
And what I'm after
I still don't know (Aa-ooh, ooh)

Let's fade together
Stay for
Just a little longer
Young forever
Long as you're by my side
We'll make it out alive (Yeah, yeah)

You and me, we got tied
Might be low, but I'm high
I'm a mess, but it's fine
I'm finding my way, eh
You and me, we alright (right)
Still got love on our side (side)
We get lost but it's fine
Always another day

Come up like a sunrise
Flowers in a desolate world
Flowers in a desolate world

What more can I say
Always on the upside (Aa-ooh, ooh)
Older every day
Younger in my own damn mind (Aa-ooh, ooh)

Let's fade together
Stay for just a little longer
Young forever
Long as you're by my side (alright)
We'll make it out alive (Yeah, yeah)

You and me, we got tied
Might be low, but I'm high
I'm a mess, but it's fine
I'm finding my way, eh
You and me, we alright (right)
Still got love on our side (side)
We get lost but it's fine
Always another day

Come up like a sunrise (oh yeah, oh yeah)
Flowers in a desolate world (oh yeah, oh yeah)
Flowers in a desolate world
Always another day
Ohh-oh-oh, we come up like a sunrise
Sure cut the flowers in a desolate world
Flowers in a desolate world

Ohh-oh-oh, we come up like a sunrise
Sure cut the flowers in a desolate world
Flowers in a desolate world
",0.0,Wasted Time,country,30.0,https://p.scdn.co/mp3-preview/9c0d34b93df87b52b8c9c5713a242602eaf596af?cid=b3cdb16d0df2409abf6a8f6c2f6c2e0c,0.0416,123.017,4.0,https://api.spotify.com/v1/tracks/4jitHM87wUT8kkRNgU0bVA,track_34,1.0,spotify:track:4jitHM87wUT8kkRNgU0bVA,0.455,track
0.111,3mXZIWJYygHtn9XaZrvpbJ,https://api.spotify.com/v1/audio-analysis/4QesgDOrAoI2sfMfrYgOnZ,['2BTZIqw0ntH9MvilQ3ewNY'],Patsy Cline,"['AD', 'AE', 'AR', 'AT', 'AU', 'BE', 'BG', 'BH', 'BO', 'BR', 'CA', 'CH', 'CL', 'CO', 'CR', 'CY', 'CZ', 'DE', 'DK', 'DO', 'DZ', 'EC', 'EE', 'EG', 'ES', 'FI', 'FR', 'GB', 'GR', 'GT', 'HK', 'HN', 'HU', 'ID', 'IE', 'IL', 'IS', 'IT', 'JO', 'JP', 'KW', 'LB', 'LI', 'LT', 'LU', 'LV', 'MA', 'MC', 'MT', 'MX', 'MY', 'NI', 'NL', 'NO', 'NZ', 'OM', 'PA', 'PE', 'PH', 'PL', 'PS', 'PT', 'PY', 'QA', 'RO', 'SA', 'SE', 'SG', 'SK', 'SV', 'TH', 'TN', 'TR', 'TW', 'US', 'UY', 'VN', 'ZA']",BE,0.795,1.0,136453.0,0.462,https://api.spotify.com/v1/tracks/4QesgDOrAoI2sfMfrYgOnZ,4QesgDOrAoI2sfMfrYgOnZ,3.77e-06,1.0,0.115,-9.47,"

I go out walkin’ after midnight
Out in the moonlight just like we used to do
I'm always walkin' after midnight searchin' for you
I walk for miles along the highway
Well that's just my way of sayin' I love you
I'm always walkin’ after midnight, searchin' for you

I stop and see a weepin' willow
Cryin' on his pillow, maybe he's cryin' for me
And as the sky turns gloomy
Night winds whisper to me, I'm lonesome as I can be

I go out walkin’ after midnight
Out in the starlight, just hopin' you may be
Somewhere out walkin’ after midnight, searchin' for me


I stop and see a weepin' willow
Cryin' on his pillow, maybe he's cryin' for me
And as the skies turn gloomy
Night winds whisper to me, I'm lonesome as I can be

I go out walkin’ after midnight
Out in the starlight, just hopin' you may be
Somewhere out walkin’ after midnight, searchin' for me
Searchin' for me
",1.0,Walkin' After Midnight,country,30.0,https://p.scdn.co/mp3-preview/a2642fa3cba8c7160f77a7a60580c16ebcfe4ee5?cid=b3cdb16d0df2409abf6a8f6c2f6c2e0c,0.0461,114.423,3.0,https://api.spotify.com/v1/tracks/4QesgDOrAoI2sfMfrYgOnZ,track_65,4.0,spotify:track:4QesgDOrAoI2sfMfrYgOnZ,0.918,track
0.175,2lKDDrmx5aqyBRkho5ljn5,https://api.spotify.com/v1/audio-analysis/5EYWGM3Ns3iYew8ws0FatB,['25NQNriVT2YbSW80ILRWJa'],Faith Hill,"['AD', 'AE', 'AR', 'AT', 'AU', 'BE', 'BG', 'BH', 'BO', 'BR', 'CA', 'CH', 'CL', 'CO', 'CR', 'CY', 'CZ', 'DE', 'DK', 'DO', 'DZ', 'EC', 'EE', 'EG', 'ES', 'FI', 'FR', 'GB', 'GR', 'GT', 'HK', 'HN', 'HU', 'ID', 'IE', 'IL', 'IS', 'IT', 'JO', 'JP', 'KW', 'LB', 'LI', 'LT', 'LU', 'LV', 'MA', 'MC', 'MT', 'MX', 'MY', 'NI', 'NL', 'NO', 'NZ', 'OM', 'PA', 'PE', 'PH', 'PL', 'PT', 'PY', 'QA', 'RO', 'SA', 'SE', 'SG', 'SK', 'SV', 'TH', 'TN', 'TR', 'TW', 'US', 'UY', 'VN', 'ZA']",BE,0.398,1.0,194307.0,0.804,https://api.spotify.com/v1/tracks/5EYWGM3Ns3iYew8ws0FatB,5EYWGM3Ns3iYew8ws0FatB,0.0,11.0,0.181,-5.559,"

I don't want another heartbreak
I don't need another turn to cry, no
I don't wanna learn the hard way
Baby, hello
Oh no, goodbye
But you got me like a rocket
Shooting straight across the sky

It's the way you love me
It's a feeling like this
It's centrifugal motion
It's perpetual bliss
It's that pivotal moment
It's, ah, impossible
This kiss, this kiss
Unstoppable
This kiss, this kiss

Cinderella said to Snow White
""How does love get so off course, oh
All I wanted was a white knight
With a good heart
Soft touch, fast horse
Ride me off into the sunset
Baby, I'm forever yours""

It's the way you love me
It's a feeling like this
It's centrifugal motion
It's perpetual bliss
It's that pivotal moment
It's, ah, unthinkable
This kiss, this kiss
Unsinkable
This kiss, this kiss

You can kiss me in the moonlight
On the rooftop under the sky, oh
You can kiss me with the windows open
While the rain comes pouring inside, oh
Kiss me in sweet slow motion
Let's let everything slide
You got me floating
You got me flying

It's the way you love me (The way)
It's a feeling like this
It's centrifugal motion (Ahh, ahh)
It's perpetual bliss
It's that pivotal moment
It's, ah, subliminal
This kiss, this kiss
It's criminal
This kiss, this kiss
It's the way you love me, baby (The way you love me, baby)
It's the way you love me, darling, yeah

It's the way you love me (The way)
It's a feeling like this
It's centrifugal motion (Ahh, ahh)
It's perpetual bliss
It's that pivotal moment
It's, ah, subliminal
This kiss, this kiss
It's criminal
This kiss, this kiss
It's the way you love me, baby (The way you love me, baby)
It's the way you love me darling, yeah

It's the way you love me
It's a feeling like this
It's centrifugal motion
",1.0,This Kiss,country,62.0,https://p.scdn.co/mp3-preview/a58d416f6e969830e4db865fb604450508fa62c2?cid=b3cdb16d0df2409abf6a8f6c2f6c2e0c,0.0451,186.752,4.0,https://api.spotify.com/v1/tracks/5EYWGM3Ns3iYew8ws0FatB,track_39,1.0,spotify:track:5EYWGM3Ns3iYew8ws0FatB,0.709,track
0.735,2Xdjo93noCuAF0Ev1yukt3,https://api.spotify.com/v1/audio-analysis/6o0LrwkjkSwN2LFxKknOmY,['0GGJB62JqywhEnwBPGwOGb'],Faith Hill,"['AD', 'AE', 'AR', 'AT', 'AU', 'BE', 'BG', 'BH', 'BO', 'BR', 'CA', 'CH', 'CL', 'CO', 'CR', 'CY', 'CZ', 'DE', 'DK', 'DO', 'DZ', 'EC', 'EE', 'EG', 'ES', 'FI', 'FR', 'GB', 'GR', 'GT', 'HK', 'HN', 'HU', 'ID', 'IE', 'IL', 'IN', 'IS', 'IT', 'JO', 'JP', 'KW', 'LB', 'LI', 'LT', 'LU', 'LV', 'MA', 'MC', 'MT', 'MX', 'MY', 'NI', 'NL', 'NO', 'NZ', 'OM', 'PA', 'PE', 'PH', 'PL', 'PS', 'PT', 'PY', 'QA', 'RO', 'SA', 'SE', 'SG', 'SK', 'SV', 'TH', 'TN', 'TR', 'TW', 'US', 'UY', 'VN', 'ZA']",BE,0.662,1.0,292138.0,0.478,https://api.spotify.com/v1/tracks/6o0LrwkjkSwN2LFxKknOmY,6o0LrwkjkSwN2LFxKknOmY,1.12e-05,9.0,0.074,-8.822,"

Mama's getting nervous
'Cause I haven't been to church here in a while
Honestly, I get it, probably feel the same if it was my child
I don't know if it's me or them
But, God, I can't breathe, this stress will kill me
Wish I'd never witnessed the corruption on the inside
Wish I'd never witnessed the corruption on the inside

I don't wanna be jaded
But I'm baring wounds from the church of celebrity
(Jaded, jaded, jaded, jaded, jaded)
I don't wanna be jaded
But I think I'm lost and not who I'm meant to be
(Jaded, jaded, jaded, jaded, jaded)

Another story broke about abuse and, God, I'm feeling crushed
Decades later, pastors richer, famous wallow, women hushed
I don't know if it's me or them
But, God, I can't breathe, this stress will kill me
I know I love justice but remember you're the only judge

I don't wanna be jaded
But I'm baring wounds from the church of celebrity
(Jaded, jaded, jaded, jaded, jaded)
I don't wanna be jaded
But I think I'm lost and not who I'm meant to be
(Jaded, jaded, jaded, jaded, jaded)

Pain and grief are honest friends we need but don't want
I wish nothing bothered me and I could move on
What if we're lost?
Why is it my business if our system's held up by our silent victims?
",1.0,Breathe,country,34.0,https://p.scdn.co/mp3-preview/6a47978eb41d845571236a8e54f0228c57b73d6c?cid=b3cdb16d0df2409abf6a8f6c2f6c2e0c,0.0308,129.957,4.0,https://api.spotify.com/v1/tracks/6o0LrwkjkSwN2LFxKknOmY,track_30,1.0,spotify:track:6o0LrwkjkSwN2LFxKknOmY,0.191,track
0.194,2xG5VLMFnDKhjJhsiJDcGm,https://api.spotify.com/v1/audio-analysis/0LTSNmOLBt25GMjHlxp9OR,['6kACVPfCOnqzgfEF5ryl0x'],Johnny Cash,"['AD', 'AE', 'AR', 'AT', 'AU', 'BE', 'BG', 'BH', 'BO', 'BR', 'CA', 'CH', 'CL', 'CO', 'CR', 'CY', 'CZ', 'DE', 'DK', 'DO', 'DZ', 'EC', 'EE', 'EG', 'ES', 'FI', 'FR', 'GB', 'GR', 'GT', 'HK', 'HN', 'HU', 'ID', 'IE', 'IL', 'IN', 'IS', 'IT', 'JO', 'JP', 'KW', 'LB', 'LI', 'LT', 'LU', 'LV', 'MA', 'MC', 'MT', 'MX', 'MY', 'NI', 'NL', 'NO', 'NZ', 'OM', 'PA', 'PE', 'PH', 'PL', 'PS', 'PT', 'PY', 'QA', 'RO', 'SA', 'SE', 'SG', 'SK', 'SV', 'TH', 'TN', 'TR', 'TW', 'US', 'UY', 'VN', 'ZA']",BE,0.689,1.0,155640.0,0.527,https://api.spotify.com/v1/tracks/0LTSNmOLBt25GMjHlxp9OR,0LTSNmOLBt25GMjHlxp9OR,0.0784,5.0,0.278,-9.934,"

I hear the train a comin', it's rolling 'round the bend
And I ain't seen the sunshine since I don't know when
I'm stuck in Folsom prison, and time keeps draggin' on
But that train keeps a rollin' on down to San Antone

When I was just a baby my mama told me, ""Son
Always be a good boy, don't ever play with guns""
But I shot a man in Reno just to watch him die
When I hear that whistle blowing, I hang my head and cry

I bet there's rich folks eating in a fancy dining car
They're probably drinkin' coffee and smoking big cigars
Well I know I had it coming, I know I can't be free
But those people keep a-movin'
And that's what tortures me

Well if they freed me from this prison
If that railroad train was mine
I bet I'd move it on a little farther down the line
Far from Folsom prison, that's where I want to stay
And I'd let that lonesome whistle blow my blues away
",1.0,Folsom Prison Blues,country,56.0,https://p.scdn.co/mp3-preview/4abcbf13d95eabf61a0d3ab165a302a76d639fcd?cid=b3cdb16d0df2409abf6a8f6c2f6c2e0c,0.0314,110.519,4.0,https://api.spotify.com/v1/tracks/0LTSNmOLBt25GMjHlxp9OR,track_3,3.0,spotify:track:0LTSNmOLBt25GMjHlxp9OR,0.777,track
0.003,1dnqU0I31Tip9zSUskuSxr,https://api.spotify.com/v1/audio-analysis/6mt2vWVQ487J19ccwTuP6S,['2gyv1akuIB9fQvXoGSPaJr'],Patsy Cline,"['AD', 'AE', 'AR', 'AT', 'AU', 'BE', 'BG', 'BH', 'BO', 'BR', 'CA', 'CH', 'CL', 'CO', 'CR', 'CY', 'CZ', 'DE', 'DK', 'DO', 'DZ', 'EC', 'EE', 'EG', 'ES', 'FI', 'FR', 'GB', 'GR', 'GT', 'HK', 'HN', 'HU', 'ID', 'IE', 'IL', 'IN', 'IS', 'IT', 'JO', 'JP', 'KW', 'LB', 'LI', 'LT', 'LU', 'LV', 'MA', 'MC', 'MT', 'MX', 'MY', 'NI', 'NL', 'NO', 'NZ', 'OM', 'PA', 'PE', 'PH', 'PL', 'PS', 'PT', 'PY', 'QA', 'RO', 'SA', 'SE', 'SG', 'SK', 'SV', 'TH', 'TN', 'TR', 'TW', 'US', 'UY', 'VN', 'ZA']",BE,0.739,1.0,175987.0,0.836,https://api.spotify.com/v1/tracks/6mt2vWVQ487J19ccwTuP6S,6mt2vWVQ487J19ccwTuP6S,0.122,1.0,0.212,-3.702,"

Purse first, purse first
Walk in to the room purse first
Purse first, purse first
Walk in to the room purse first

It is a known fact that woman do carry an evening bag at dinnertime
You see the Real Housewives of Atlanta?
You see the Real Housewives of Potomac?
You even see it on Little Women LA!
I don't know why you all gagging..

Purse first, purse first
Walk in to the room purse first
Purse first, purse first
Walk in to the room purse first, ow
Purse first, purse first
Listen to the first verse of purse first
Purse first, purse first
Purse fir-fir-fir, purse first

Bitch pay too much, don't look like me
My purse was buy one, get one free
Is that a Vera Wang gown, girl I'll take your hand-me-down
Fendi, Prada, no it's not a Micheal Kors as nice as yours
You broke the bank, but I turn the ball
Now, who's the fiercest of them all

Kack, kack, kack boom
Kack boom, you walk into the room
Kack-a-da, kack-a-da, kack-a-da, kack
Pick it back up, then you fall on your back
Kack to the kack, kack, kack, kack boom
Sha-ka-kack kack kack kack, sha-wow
Boom, sha-cack, make sure you don't stop
Bring it back up and then death drop

Purse first, purse first
Walk in to the room purse first
Purse first, purse first
Walk in to the room purse first, ow
Purse first, purse first
Second verse, it's only gonna get worse
Purse first, purse first
Purse to the Purse, purse first

Wal-Mart, Conway(?), Rainbow, Ross
Maxxinista, feeling boss
Girl, you think this Louboutin?
Nah, I got this on Groupon
With curtains, paper, and a wish
I made this clutch, and turned it, bitch!
$3000, now you're in debt?
You got a Givenchy with a K-Mart dress?

Kack, kack, kack boom
Kack boom, you walk into the room
Kack-a-da, kack-a-da, kack-a-da, kack
Pick it back up, then you fall on your back
Kack to the kack, kack, kack, kack boom
Sha-ka-kack kack kack kack, sha-wow
Boom, sha-cack, make sure you don't stop
Bring it back up and then death drop

Purse first, purse first
Walk in to the room purse first
Purse first, purse first
Walk in to the room purse first, ow
Purse first, purse first
Walk in to the room purse first
Purse first, purse first
Walk in to the room purse first

Before you come for me, you better sharpen your claws
Tell me, is you mad OR NAH?
Your Jimmy Choos are killing you
Size 15 foot with a size 10 shoe
Girl, I'm way too blessed to be stressed
Why pay more when you can pay less?
I spill truth tea, and now you're mad
I duck walk on your Birkin bag

Duck duck, ooh, quack
I'm feeling quack
Quack, quack
Get back, a bitch is feeling quack
Oh, oh, get back, a bitch is feeling quack

Purse first, purse first
Walk in to the room purse first
Purse first, purse first
Walk in to the room purse first, ow
Purse first, purse first
Walk in to the room purse first
Purse first, purse first
Walk in to the room purse first

Kack, kack, kack boom
Kack boom, you walk into the room
Kack-a-da, kack-a-da, kack-a-da, kack
Pick it back up, then you fall on your back
Kack to the kack, kack, kack, kack boom
Sha-ka-kack kack kack kack, sha-wow
Boom, sha-cack, make sure you don't stop
Bring it back up and then death drop

Purse first, purse first
Walk in to the room purse first
Purse first, purse first
Walk in to the room purse first, ow
Purse first, purse first
Walk in to the room purse first
Purse first, purse first
Walk in to the room purse first, ow

Purse first, purse first
Walk in to the room purse first
",1.0,Crazy,country,28.0,https://p.scdn.co/mp3-preview/c6c18b9277f9264cbe278b3404a3fc1501dce32f?cid=b3cdb16d0df2409abf6a8f6c2f6c2e0c,0.061,100.492,4.0,https://api.spotify.com/v1/tracks/6mt2vWVQ487J19ccwTuP6S,track_7,1.0,spotify:track:6mt2vWVQ487J19ccwTuP6S,0.303,track
0.559,5IeDdczhkSnEMawt6Nu9E9,https://api.spotify.com/v1/audio-analysis/6iiDD7pDnTWu4G58VaUvYQ,['5JYReWgOGu4JKm5pqmACqG'],Johnny Cash,"['AD', 'AE', 'AR', 'AT', 'AU', 'BE', 'BG', 'BH', 'BO', 'BR', 'CA', 'CH', 'CL', 'CO', 'CR', 'CY', 'CZ', 'DE', 'DK', 'DO', 'DZ', 'EC', 'EE', 'EG', 'ES', 'FI', 'FR', 'GB', 'GR', 'GT', 'HK', 'HN', 'HU', 'ID', 'IE', 'IL', 'IN', 'IS', 'IT', 'JO', 'JP', 'KW', 'LB', 'LI', 'LT', 'LU', 'LV', 'MA', 'MC', 'MT', 'MX', 'MY', 'NI', 'NL', 'NO', 'NZ', 'OM', 'PA', 'PE', 'PH', 'PL', 'PS', 'PT', 'PY', 'QA', 'RO', 'SA', 'SE', 'SG', 'SK', 'SV', 'TH', 'TN', 'TR', 'TW', 'US', 'UY', 'VN', 'ZA']",BE,0.351,1.0,169671.0,0.448,https://api.spotify.com/v1/tracks/6iiDD7pDnTWu4G58VaUvYQ,6iiDD7pDnTWu4G58VaUvYQ,0.00159,4.0,0.101,-11.108,"

Love is a burning thing
And it makes a fiery ring
Bound by a love's desire
I fell into a ring of fire

I fell into a burning ring of fire
I went down, down, down
And the flames went higher
And it burns, burns, burns
The ring of fire
The ring of fire

The taste of love is sweet
When hearts like our's meet
I fell for you like a child
Oh, but the fire went wild

I fell into a burning ring of fire
I went down, down, down
And the flames went higher
And it burns, burns, burns
The ring of fire


I fell into a burning ring of fire
I went down, down, down
And the flames went higher
And it burns, burns, burns
The ring of fire
",0.0,Ring of Fire,country,35.0,https://p.scdn.co/mp3-preview/940189518c3071bd43fe47610a08c020b264f8e8?cid=b3cdb16d0df2409abf6a8f6c2f6c2e0c,0.0464,108.703,4.0,https://api.spotify.com/v1/tracks/6iiDD7pDnTWu4G58VaUvYQ,track_34,1.0,spotify:track:6iiDD7pDnTWu4G58VaUvYQ,0.205,track
0.93,17CT6ru3CyDXAi6xVaSUzg,https://api.spotify.com/v1/audio-analysis/1l2Xmg54EUr3TDzNIaCr1z,['32vWCbZh0xZ4o9gkz4PsEU'],Dolly Parton,"['AD', 'AE', 'AR', 'AT', 'AU', 'BE', 'BG', 'BH', 'BO', 'BR', 'CA', 'CH', 'CL', 'CO', 'CR', 'CY', 'CZ', 'DE', 'DK', 'DO', 'DZ', 'EC', 'EE', 'EG', 'ES', 'FI', 'FR', 'GB', 'GR', 'GT', 'HK', 'HN', 'HU', 'ID', 'IE', 'IL', 'IN', 'IS', 'IT', 'JO', 'JP', 'KW', 'LB', 'LI', 'LT', 'LU', 'LV', 'MA', 'MC', 'MT', 'MX', 'MY', 'NI', 'NL', 'NO', 'NZ', 'OM', 'PA', 'PE', 'PH', 'PL', 'PS', 'PT', 'PY', 'QA', 'RO', 'SA', 'SE', 'SG', 'SK', 'SV', 'TH', 'TN', 'TR', 'TW', 'US', 'UY', 'VN', 'ZA']",FI,0.624,1.0,183667.0,0.257,https://api.spotify.com/v1/tracks/1l2Xmg54EUr3TDzNIaCr1z,1l2Xmg54EUr3TDzNIaCr1z,7.56e-05,5.0,0.138,-13.341,"

Back through the years
I go wondering once again
Back to the seasons of my youth
I recall a box of rags that someone gave us
And how my mama put the rags to use
There were rags of many colors
Every piece was small
And I didn't have a coat
And it was way down in the fall
Mama sewed the rags together
Sewing every piece with love
She made my coat of many colors
That I was so proud of
As she sewed, she told a story
From the bible, she had read
About a coat of many colors
Joseph wore and then she said
Perhaps this coat will bring you
Good luck and happiness
And I just couldn't wait to wear it
And momma blessed it with a kiss

My coat of many colors
That my mama made for me
Made only from rags
But I wore it so proudly
Although we had no money
I was rich as I could be
In my coat of many colors
My mama made for me

So with patches on my britches
Holes in both my shoes
In my coat of many colors
I hurried off to school
Just to find the others laughing
And making fun of me
In my coat of many colors
My mama made for me

And oh I couldn't understand it
For I felt I was rich
And I told them of the love
My mama sewed in every stitch
And I told them all the story
Mama told me while she sewed
And how my coat of many colors
Was worth more than all their clothes

But they didn't understand it
And I tried to make them see
That one is only poor
Only if they choose to be
Now I know we had no money
But I was rich as I could be
In my coat of many colors
My mama made for me
Made just for me
",1.0,Coat of Many Colors,country,56.0,https://p.scdn.co/mp3-preview/051d54564b2dc343ee4688fe3e09591e1f0a441f?cid=b3cdb16d0df2409abf6a8f6c2f6c2e0c,0.0444,85.617,4.0,https://api.spotify.com/v1/tracks/1l2Xmg54EUr3TDzNIaCr1z,track_8,1.0,spotify:track:1l2Xmg54EUr3TDzNIaCr1z,0.681,track
0.578,76v3XMhmRuxlakE6e3lKox,https://api.spotify.com/v1/audio-analysis/5xZYQAl2oktfGQ20rLOJt6,"['7wCjDgV6nqBsHguQXPAaIM', '5W5bDNCqJ1jbCgTxDD0Cb3']",Waylon Jennings,"['AD', 'AE', 'AR', 'AT', 'AU', 'BE', 'BG', 'BH', 'BO', 'BR', 'CA', 'CH', 'CL', 'CO', 'CR', 'CY', 'CZ', 'DE', 'DK', 'DO', 'DZ', 'EC', 'EE', 'EG', 'ES', 'FI', 'FR', 'GB', 'GR', 'GT', 'HK', 'HN', 'HU', 'ID', 'IE', 'IL', 'IN', 'IS', 'IT', 'JO', 'JP', 'KW', 'LB', 'LI', 'LT', 'LU', 'LV', 'MA', 'MC', 'MT', 'MX', 'MY', 'NI', 'NL', 'NO', 'NZ', 'OM', 'PA', 'PE', 'PH', 'PL', 'PS', 'PT', 'PY', 'QA', 'RO', 'SA', 'SE', 'SG', 'SK', 'SV', 'TH', 'TN', 'TR', 'TW', 'US', 'UY', 'VN', 'ZA']",FI,0.373,2.0,152533.0,0.423,https://api.spotify.com/v1/tracks/5xZYQAl2oktfGQ20rLOJt6,5xZYQAl2oktfGQ20rLOJt6,0.00115,9.0,0.16,-11.642,"

Cowboys ain't easy to love and they're harder to hold
They'd rather give you a song than diamonds or gold

Lonestar belt buckles and old faded Levis
And each night begins a new day
And if you don't understand him, and he don't die young
He'll probably just ride away

Mammas, don't let your babies grow up to be cowboys
Don't let 'em pick guitars and drive them old trucks
Let 'em be doctors and lawyers and such
Mama, don't let your babies grow up to be cowboys
They'll never stay home and they're always alone
Even with someone they love

Cowboys like smoky old pool rooms and clear mountain mornings

Little warm puppies and children and girls of the night
Them that don't know him won't like him and them that do
Sometimes won't know how to take him

He ain't wrong, he's just different, but his pride won't let him
Do things to make you think he's right

Mammas, don't let your babies grow up to be cowboys
Don't let 'em pick guitars and drive them old trucks
Let 'em be doctors and lawyers and such
Mama, don't let your babies grow up to be cowboys
'Cause they'll never stay home and they're always alone
Even with someone they love

Mammas, don't let your babies grow up to be cowboys
Don't let 'em pick guitars and drive them old trucks
Let 'em be doctors and lawyers and such
",1.0,"Mammas, Don't Let Your Babies Grow Up to Be Cowboys",country,57.0,https://p.scdn.co/mp3-preview/4d344848ecc1fa5cbb419eeb3c87d9dbc842014f?cid=b3cdb16d0df2409abf6a8f6c2f6c2e0c,0.0618,187.477,3.0,https://api.spotify.com/v1/tracks/5xZYQAl2oktfGQ20rLOJt6,track_3,14.0,spotify:track:5xZYQAl2oktfGQ20rLOJt6,0.527,track
0.00682,71fTLpWajq5eWQeEIEMc51,https://api.spotify.com/v1/audio-analysis/3f5oUjI9jrHTxPKbHo6y99,['0exhrQcReCdr11oPbOh22M'],Florida Georgia Line,"['BR', 'CA', 'MX', 'US']",BE,0.538,1.0,218314.0,0.82,https://api.spotify.com/v1/tracks/3f5oUjI9jrHTxPKbHo6y99,3f5oUjI9jrHTxPKbHo6y99,0.0,11.0,0.341,-5.148,"

I was a liar
I'll never be holy in your eyes
But you'll never be either
'Cause I know that underneath your smile
Hides the nights that you regret and the days you can't forget
'Cause you know me
And we'll never be holy

I've been keeping to myself
And looking back over my shoulder
Trying to live my life just like somebody else
And forget all the empty words I told ya

I'm a mess, these demons follow me home
It's easy to bury the guilt on my own
Now my fears will finally swallow me whole
'Cause I wasn't honest
And I never wanted to admit that

I was a liar
I'll never be holy in your eyes
But you'll never be either
'Cause I know that underneath your smile
Hides the nights that you regret and the days you can't forget
'Cause you know me
And we'll never be holy

It's a sickness I can't seem to shake
'Til I wake up alone and ashamed
Or a tie that I'm too scared to break
In case I'm drunk and I need you again
I was never the one
I was always just easy
You would lend me enough to follow through
Maybe when you're alone
And you look in the mirror
Well, you can feel as low as I do

Just a mess, these demons follow you home
It's easy to bury the guilt on your own
Now your fears will finally swallow you whole
But I wasn't honest
And you never wanted to admit that

I was a liar
I'll never be holy in your eyes
But you'll never be either
'Cause I know that underneath your smile
Hides the nights that you regret and the days you can't forget
'Cause you know me
And we'll never be holy
And we'll never be holy (holy in your eyes)
No, we'll never be holy (holy in your eyes)
'Cause the nights that you regret and the days you can't forget
Leave you lonely
And we'll never be holy

I'll always be a mess if I keep living this way
Despite all my flaws, I still hope you're okay
I don't know if I can honestly say
That it's getting better
But at least together
We were holy
",1.0,Holy,country,30.0,https://p.scdn.co/mp3-preview/c02c4cfdd8dc76ed14f7038b5d537cc16fb4122c?cid=b3cdb16d0df2409abf6a8f6c2f6c2e0c,0.0482,106.114,4.0,https://api.spotify.com/v1/tracks/3f5oUjI9jrHTxPKbHo6y99,track_17,1.0,spotify:track:3f5oUjI9jrHTxPKbHo6y99,0.581,track
0.31,0b6ivSFfDs38MG7aLn9rvO,https://api.spotify.com/v1/audio-analysis/3s2MyU2YCwNNwcSokt0jXD,['1Y8cdNmUJH7yBTd9yOvr5i'],Maren Morris,"['AD', 'AE', 'AR', 'AT', 'AU', 'BE', 'BG', 'BH', 'BO', 'BR', 'CA', 'CH', 'CL', 'CO', 'CR', 'CY', 'CZ', 'DE', 'DK', 'DO', 'DZ', 'EC', 'EE', 'EG', 'ES', 'FI', 'FR', 'GB', 'GR', 'GT', 'HK', 'HN', 'HU', 'ID', 'IL', 'IN', 'IS', 'IT', 'JO', 'JP', 'KW', 'LB', 'LI', 'LT', 'LU', 'LV', 'MA', 'MC', 'MT', 'MX', 'MY', 'NI', 'NL', 'NO', 'NZ', 'OM', 'PA', 'PE', 'PH', 'PL', 'PS', 'PT', 'PY', 'QA', 'RO', 'SA', 'SE', 'SG', 'SK', 'SV', 'TH', 'TN', 'TR', 'TW', 'US', 'UY', 'VN', 'ZA']",FI,0.567,1.0,224147.0,0.747,https://api.spotify.com/v1/tracks/3s2MyU2YCwNNwcSokt0jXD,3s2MyU2YCwNNwcSokt0jXD,0.0,6.0,0.04,-6.019,"


Take a minute girl, come sit down
And tell us what's been happening
In your face I can see the pain
Don't you try to convince us that you're happy, yeah
We've seen this all before
Brothers taking advantage of the passion
Because we've come too far for you to feel alone
You don't let him walk over your heart, I'm telling you

Girl, I can tell you've been crying
And you needing somebody to talk to
Girl, I can tell he's been lying
And pretending that he's faithful and he loves you
Girl, you don't have to be hiding
Don't you be ashamed to say he hurt you
I'm your girl, you're my girl, we your girls
We want you to know that we love you

See, what y'all don't know about him
Is I can't let him go because he needs me
It ain't really him, it's stress from his job
And I ain't making it easy
I know you see him bugging most of the time
But I know deep inside, he don't mean it
It gets hard sometimes but I need my man
I don't think y'all understand, I'm telling ya

Girl, I can tell you've been crying
And you needing somebody to talk to
Girl, I can tell he's been lying
And pretending that he's faithful and he loves you
Girl, you don't have to be hiding
Don't you be ashamed to say he hurt you
I'm your girl, you're my girl, we your girls
We want you to know that we love you
Girl, I can tell you've been crying
And you needing somebody to talk to
Girl, I can tell he's been lying
And pretending that he's faithful and he loves you
Girl, you don't have to be hiding
Don't you be ashamed to say he hurt you
I'm your girl, you're my girl, we your girls
We want you to know that we love you

Girl, take a good look at yourself
He got you going through hell
We ain't never seen ya down like this
What you mean you don't need us to help?
We know each other too well
Girl, you're my girl, we your girls
We want you to know that we love you

Girl, I can tell you've been crying
And you needing somebody to talk to
Girl, I can tell he's been lying
And pretending that he's faithful and he loves you
Girl, you don't have to be hiding
Don't you be ashamed to say he hurt you
I'm your girl, you're my girl, we your girls
We want you to know that we love you
Girl, I can tell you've been crying
And you needing somebody to talk to
Girl, I can tell he's been lying
And pretending that he's faithful and he loves you
Girl, you don't have to be hiding
Don't you be ashamed to say he hurt you
I'm your girl, you're my girl, we your girls
We want you to know that we love you
",0.0,Girl,country,66.0,https://p.scdn.co/mp3-preview/686c0ba0056aed5e9b50f3fa05c1e8a5674b4859?cid=b3cdb16d0df2409abf6a8f6c2f6c2e0c,0.105,89.036,4.0,https://api.spotify.com/v1/tracks/3s2MyU2YCwNNwcSokt0jXD,track_14,6.0,spotify:track:3s2MyU2YCwNNwcSokt0jXD,0.556,track
0.465,2NvfPngtKzNClIdFMuUAxl,https://api.spotify.com/v1/audio-analysis/6qpt8RfvSz67i1UzPusvFt,['32vWCbZh0xZ4o9gkz4PsEU'],Dolly Parton,"['AD', 'AE', 'AR', 'AT', 'AU', 'BE', 'BG', 'BH', 'BO', 'BR', 'CA', 'CH', 'CL', 'CO', 'CR', 'CY', 'CZ', 'DE', 'DK', 'DO', 'DZ', 'EC', 'EE', 'EG', 'ES', 'FI', 'FR', 'GB', 'GR', 'GT', 'HK', 'HN', 'HU', 'ID', 'IE', 'IL', 'IN', 'IS', 'IT', 'JO', 'JP', 'KW', 'LB', 'LI', 'LT', 'LU', 'LV', 'MA', 'MC', 'MT', 'MX', 'MY', 'NI', 'NL', 'NO', 'NZ', 'OM', 'PA', 'PE', 'PH', 'PL', 'PS', 'PT', 'PY', 'QA', 'RO', 'SA', 'SE', 'SG', 'SK', 'SV', 'TH', 'TN', 'TR', 'TW', 'US', 'UY', 'VN', 'ZA']",FI,0.506,1.0,165427.0,0.856,https://api.spotify.com/v1/tracks/6qpt8RfvSz67i1UzPusvFt,6qpt8RfvSz67i1UzPusvFt,0.0,6.0,0.495,-4.201,"

Tumble outta bed
And stumble to the kitchen
Pour myself a cup of ambition
Yawnin' and stretchin' and try to come to life
Jump in the shower
And the blood starts pumpin'
Out on the streets
The traffic starts jumpin'
With folks like me on the job from 9 to 5

Working 9 to 5
What a way to make a living
Barely gettin' by
It's all taking
And no giving
They just use your mind
And they never give you credit
It's enough to drive you
Crazy if you let it

9 to 5, for service and devotion
You would think that I
Would deserve a fair promotion
Want to move ahead
But the boss won't seem to let me
I swear sometimes that man is out to get me
Mmmmm...
They let you dream
Just to watch them shatter
You're just a step
On the boss man's ladder
But you got dreams he'll never take away
In the same boat
With a lot of your friends
Waiting for the day
Your ship will come in
And the tide's gonna turn
An' it's all gonna roll you away

Working 9 to 5
What a way to make a living
Barely gettin' by
It's all taking
And no giving
They just use your mind
And you never get the credit
It's enough to drive you
Crazy if you let it
9 to 5, yeah, they got you where they want you
There's a better life
And you think about it don't you
It's a rich man's game
No matter what they call it
And you spend your life
Putting money in his wallet

Working 9 to 5
What a way to make a living
Barely gettin' by
It's all taking
And no giving
They just use your mind
And they never give you credit
It's enough to drive you
Crazy if you let it
9 to 5, yeah, they got you where they want you
There's a better life
And you think about it don't you
It's a rich man's game
No matter what they call it
And you spend your life
Putting money in his wallet
",1.0,9 to 5,country,52.0,https://p.scdn.co/mp3-preview/852c289e6692bb31eafcb055469aa667d8963c13?cid=b3cdb16d0df2409abf6a8f6c2f6c2e0c,0.044,104.103,4.0,https://api.spotify.com/v1/tracks/6qpt8RfvSz67i1UzPusvFt,track_5,9.0,spotify:track:6qpt8RfvSz67i1UzPusvFt,0.773,track
0.499,0H9qbHCWJRmKAhERqM5X9G,https://api.spotify.com/v1/audio-analysis/5rUZeNNC4R65U6UeElMoss,"['1mORehSVEd7lcaT2d7Sl2K', '6aLdhHUqgdKE86xbtNmY8g']",Taylor Swift,"['AD', 'AE', 'AR', 'AT', 'AU', 'BE', 'BG', 'BH', 'BO', 'BR', 'CA', 'CH', 'CL', 'CO', 'CR', 'CY', 'CZ', 'DE', 'DK', 'DO', 'DZ', 'EC', 'EE', 'EG', 'ES', 'FI', 'FR', 'GB', 'GR', 'GT', 'HK', 'HN', 'HU', 'ID', 'IE', 'IL', 'IN', 'IS', 'IT', 'JO', 'JP', 'KW', 'LB', 'LI', 'LT', 'LU', 'LV', 'MA', 'MC', 'MT', 'MX', 'MY', 'NI', 'NL', 'NO', 'NZ', 'OM', 'PA', 'PE', 'PH', 'PL', 'PS', 'PT', 'PY', 'QA', 'RO', 'SA', 'SE', 'SG', 'SK', 'SV', 'TH', 'TN', 'TR', 'TW', 'US', 'UY', 'VN', 'ZA']",BE,0.677,1.0,220759.0,0.622,https://api.spotify.com/v1/tracks/5rUZeNNC4R65U6UeElMoss,5rUZeNNC4R65U6UeElMoss,0.0,1.0,0.0907,-6.171,"
Hangul
어느 날 우연히 널 만났죠
보고 싶어 그렇게 사랑이 왔죠
아무 생각 없이 너만 볼래요
강아지처럼 아니 고양이처럼
I just love you 말도 안 돼
내 맘이 널 두근대게 한대
올 듯 말듯 이유도 없어
멋대로 매일 널 안고 싶어
I wanna be your star shining star
눈이 부셔와요
나 이대로 숨이 멎을 것 같아요
이 세상에 너와 나
우리 둘뿐이라 해도
반할 거야 또 Real love story
All day 왜 기분이 좋은 걸까
널 듣고 싶어 이런 게 사랑인 걸까
두 눈 꼭 감고 네 맘 가져볼까
강아지처럼 아니 고양이처럼
널 살랑살랑해 머리부터 발끝까지
네 발바닥 꼬순내
나 술에 취해 집에 들어가면
네 입술로 해장해 내 옆을 지켜주네
흰둥아 세상이 온통 까만색이어도
넌 날 완전하게 만드니까
곁에 있어줘
이젠 너도 말할 때 됐잖아
Do you love me like I love you
I wanna be your star shining star
눈이 부셔와요
나 이대로 숨이 멎을 것 같아요
이 세상에 너와 나
우리 둘뿐이라 해도
반할 거야 또 real love story
어느 날 우연히 널 만났죠
보고 싶어 그렇게 사랑이 왔죠
아무 생각 없이 너만 볼래요
강아지처럼 아니 고양이처럼
I wanna be your star shining star
눈이 부셔와요
나 이대로 숨이 멎을 것 같아요
이 세상에 너와 나
우리 둘뿐이라 해도
반할 거야 또 real love story
Romanization
Eoneu nal uyeonhi neol mannassjyo
Bogo sipeo geureohge sarangi wassjyo
Amu saenggak eopsi neoman bollaeyo
Gangajicheoreom ani goyangicheoreom
I just love you maldo an dwae
Nae mami neol dugeundaege handae
Ol deut maldeut iyudo eopseo
Meosdaero maeil neol ango sipeo
I wanna be your star shining star
Nuni busyeowayo
Na idaero sumi meojeul geot gatayo
I sesange neowa na
Uri dulppunira haedo
Banhal geoya tto Real love story
All day wae gibuni joheun geolkka
Neol deutgo sipeo ireon ge sarangin geolkka
Du nun kkok gamgo ne mam gajyeobolkka
Gangajicheoreom ani goyangicheoreom
Neol sallangsallanghae meoributeo balkkeutkkaji
Ne balbadak kkosunnae
Na sure chwihae jibe deureogamyeon
Ne ipsullo haejanghae nae yeopeul jikyeojune
Huindunga sesangi ontong kkamansaegieodo
Neon nal wanjeonhage mandeunikka
Gyeote isseojwo
Ijen neodo malhal ttae dwaessjanha
Do you love me like I love you
I wanna be your star shining star
Nuni busyeowayo
Na idaero sumi meojeul geot gatayo
I sesange neowa na
Uri dulppunira haedo
Banhal geoya tto real love story
Eoneu nal uyeonhi neol mannassjyo
Bogo sipeo geureohge sarangi wassjyo
Amu saenggak eopsi neoman bollaeyo
Gangajicheoreom ani goyangicheoreom
I wanna be your star shining star
Nuni busyeowayo
Na idaero sumi meojeul geot gatayo
I sesange neowa na
Uri dulppunira haedo
Banhal geoya tto real love story
English Translation
One day, I randomly met you
Then I missed you and that’s how love came
I only want to look at you, without thinking
Like a puppy, no, like a cat
I just love you, I can’t believe it
My heart says it pounds because of you
As if you’ll come but you won’t, there’s no reason
I want to hold you every day
I wanna be your star
Shining star
You’re so dazzling
Feels like I can’t breathe
Even if it’s just you and me in the world
I’d fall for you again
Real love story
All day, why am I in such a good mood?
I wanna hear your voice, is this love?
Should I close my eyes and take your heart?
Like a puppy, no, like a cat
I’m gently blowing on you
From your head to your toes
Your toes are curling
When I go home drunk
I get cured by your lips, you protect me
Whitey, even if the world is black
You perfect me so stay by my side
Now it’s time for you to tell me too
Do you love me like I love you?
I wanna be your star
Shining star
You’re so dazzling
Feels like I can’t breathe
Even if it’s just you and me in the world
I’d fall for you again
Real love story
One day, I randomly met you
Then I missed you and that’s how love came
I only want to look at you, without thinking
Like a puppy, no, like a cat
I wanna be your star
Shining star
You’re so dazzling
Feels like I can’t breathe
Even if it’s just you and me in the world
I’d fall for you again
Real love story
",1.0,Love Story,country,50.0,https://p.scdn.co/mp3-preview/2c151b8b7cace73bb9ae960b067785a1197f4b78?cid=b3cdb16d0df2409abf6a8f6c2f6c2e0c,0.0469,90.041,4.0,https://api.spotify.com/v1/tracks/5rUZeNNC4R65U6UeElMoss,track_22,1.0,spotify:track:5rUZeNNC4R65U6UeElMoss,0.439,track
0.681,7LAKDwDjQsjeOh5YbZobrn,https://api.spotify.com/v1/audio-analysis/64eovkdGR7xoIIyUjok9AQ,['4qsw90Ipm5SbFLFQZ4tvLr'],Kenny Rogers,"['AD', 'AE', 'AR', 'AT', 'AU', 'BE', 'BG', 'BH', 'BO', 'BR', 'CA', 'CH', 'CL', 'CO', 'CR', 'CY', 'CZ', 'DE', 'DK', 'DO', 'DZ', 'EC', 'EE', 'EG', 'ES', 'FI', 'FR', 'GB', 'GR', 'GT', 'HK', 'HN', 'HU', 'ID', 'IE', 'IL', 'IN', 'IS', 'IT', 'JO', 'JP', 'KW', 'LB', 'LI', 'LT', 'LU', 'LV', 'MA', 'MC', 'MT', 'MX', 'MY', 'NI', 'NL', 'NO', 'NZ', 'OM', 'PA', 'PE', 'PH', 'PL', 'PS', 'PT', 'PY', 'QA', 'RO', 'SA', 'SE', 'SG', 'SK', 'SV', 'TH', 'TN', 'TR', 'TW', 'US', 'UY', 'VN', 'ZA']",BE,0.651,1.0,282520.0,0.384,https://api.spotify.com/v1/tracks/64eovkdGR7xoIIyUjok9AQ,64eovkdGR7xoIIyUjok9AQ,0.000485,0.0,0.165,-8.789,"
On a warm summer's evening, on a train bound for nowhere
I met up with a gambler, we were both too tired to sleep
So we took turns a-staring out the window at the darkness
The boredom overtook us and he began to speak
He said, ""Son, I've made my life out of reading people's faces
And knowing what the cards were by the way they held their eyes
So if you don't mind my sayin', I can see you're out of aces
For a taste of your whiskey, I'll give you some advice""
So I handed him my bottle and he drank down my last swallow
Then he bummed a cigarette and asked me for a light
And the night got deathly quiet, and his face lost all expression
Said, ""If you're gonna play the game, boy, you gotta learn to play it right""
You got to know when to hold 'em, know when to fold 'em
Know when to walk away, know when to run
You never count your money when you're sittin' at the table
There'll be time enough for countin', when the dealin's done
Now, every gambler knows, the secret to survivin'
Is knowing what to throw away, knowing what to keep
'Cause every hand's a winner and every hand's a loser
And the best you can hope for, is to die in your sleep
So when he'd finished speakin', he turned back toward the window
Crushed out his cigarette and faded off to sleep
Then somewhere in the darkness, the gambler he broke even
But in his final words, I found an ace that I could keep
You got to know when to hold 'em, know when to fold 'em
Know when to walk away, know when to run
You never count your money when you're sittin' at the table
There'll be time enough for countin', when the dealin's done
You got to know when to hold 'em, know when to fold 'em
Know when to walk away, know when to run
You never count your money when you're sittin' at the table
There'll be time enough for countin', when the dealin's done
You got to know when to hold 'em, know when to fold 'em
Know when to walk away, know when to run
You never count your money when you're sittin' at the table
There'll be time enough for countin', when the dealin's done
",1.0,The Gambler,country,30.0,https://p.scdn.co/mp3-preview/1c381beb7eb09f83c0e5fb1e931f8d2c732fcce7?cid=b3cdb16d0df2409abf6a8f6c2f6c2e0c,0.0359,168.131,4.0,https://api.spotify.com/v1/tracks/64eovkdGR7xoIIyUjok9AQ,track_2,1.0,spotify:track:64eovkdGR7xoIIyUjok9AQ,0.586,track
0.54,5vk9yx7rs2uXJH9NTDZdSK,https://api.spotify.com/v1/audio-analysis/1XybhqEHZyBiI22INqDZjC,['32vWCbZh0xZ4o9gkz4PsEU'],Dolly Parton,"['GB', 'IE']",FI,0.682,1.0,160173.0,0.523,https://api.spotify.com/v1/tracks/1XybhqEHZyBiI22INqDZjC,1XybhqEHZyBiI22INqDZjC,0.0,1.0,0.143,-11.581,"


Jolene, Jolene, Jolene, Jolene
I'm begging of you please don't take my man
Jolene, Jolene, Jolene, Jolene
Please don't take him just because you can

Your beauty is beyond compare
With flaming locks of auburn hair
With ivory skin and eyes of emerald green
Your smile is like a breath of spring
Your voice is soft like summer rain
And I cannot compete with you, Jolene

He talks about you in his sleep
There's nothing I can do to keep
From crying when he calls your name, Jolene
And I can easily understand
How you could easily take my man
But you don't know what he means to me, Jolene

Jolene, Jolene, Jolene, Jolene
I'm begging of you please don't take my man
Jolene, Jolene, Jolene, Jolene
Please don't take him just because you can

You could have your choice of men
But I could never love again
He's the only one for me, Jolene
I had to have this talk with you
My happiness depends on you
And whatever you decide to do, Jolene

Jolene, Jolene, Jolene, Jolene
I'm begging of you please don't take my man
Jolene, Jolene, Jolene, Jolene
Please don't take him even though you can
Jolene, Jolene
",0.0,Jolene,country,34.0,https://p.scdn.co/mp3-preview/ea3b008e564fdf1130792c254ee17219306254fa?cid=b3cdb16d0df2409abf6a8f6c2f6c2e0c,0.0366,110.464,4.0,https://api.spotify.com/v1/tracks/1XybhqEHZyBiI22INqDZjC,track_8,4.0,spotify:track:1XybhqEHZyBiI22INqDZjC,0.78,track
0.96,5DyOxuvdSmTSNAmkfcsBsj,https://api.spotify.com/v1/audio-analysis/6nRvgo4ySezQKD1D7NIqAu,['32vWCbZh0xZ4o9gkz4PsEU'],Dolly Parton,"['AD', 'AE', 'AR', 'AT', 'AU', 'BE', 'BG', 'BH', 'BO', 'BR', 'CA', 'CH', 'CL', 'CO', 'CR', 'CY', 'CZ', 'DE', 'DK', 'DO', 'DZ', 'EC', 'EE', 'EG', 'ES', 'FI', 'FR', 'GB', 'GR', 'GT', 'HK', 'HN', 'HU', 'ID', 'IE', 'IL', 'IN', 'IS', 'IT', 'JO', 'JP', 'KW', 'LB', 'LI', 'LT', 'LU', 'LV', 'MA', 'MC', 'MT', 'MX', 'MY', 'NI', 'NL', 'NO', 'NZ', 'OM', 'PA', 'PE', 'PH', 'PL', 'PS', 'PT', 'PY', 'QA', 'RO', 'SA', 'SE', 'SG', 'SK', 'SV', 'TH', 'TN', 'TR', 'TW', 'US', 'UY', 'VN', 'ZA']",BE,0.446,1.0,176093.0,0.142,https://api.spotify.com/v1/tracks/6nRvgo4ySezQKD1D7NIqAu,6nRvgo4ySezQKD1D7NIqAu,0.00114,9.0,0.101,-13.498,"

If I should stay
I would only be in your way
So I'll go, but I know
I'll think of you each step of the way

And I will always love you
I will always love you

Bittersweet memories
That's all I'm taking with me
Goodbye, please don't cry
We both know that I'm not what you need

But I will always love you
I will always love you

I hope life treats you kind
And I hope that you have all
That you ever dreamed of
And I wish you joy and happiness
But above all this, I wish you love

And I will always love you
I will always love you
I will always love you
",1.0,I Will Always Love You,country,64.0,https://p.scdn.co/mp3-preview/fbff57f3300f9303d4f5fbe876fcc15ed7ee564d?cid=b3cdb16d0df2409abf6a8f6c2f6c2e0c,0.0335,135.724,4.0,https://api.spotify.com/v1/tracks/6nRvgo4ySezQKD1D7NIqAu,track_45,6.0,spotify:track:6nRvgo4ySezQKD1D7NIqAu,0.156,track
0.717,4449MfWtDgtRQBYZvbPqV6,https://api.spotify.com/v1/audio-analysis/1Vr6JSWTpl5MIxUHOJ3nny,['6kACVPfCOnqzgfEF5ryl0x'],Johnny Cash,"['AD', 'AE', 'AR', 'AT', 'AU', 'BE', 'BG', 'BH', 'BO', 'BR', 'CA', 'CH', 'CL', 'CO', 'CR', 'CY', 'CZ', 'DE', 'DK', 'DO', 'DZ', 'EC', 'EE', 'EG', 'ES', 'FI', 'FR', 'GB', 'GR', 'GT', 'HK', 'HN', 'HU', 'ID', 'IE', 'IL', 'IN', 'IS', 'IT', 'JO', 'JP', 'KW', 'LB', 'LI', 'LT', 'LU', 'LV', 'MA', 'MC', 'MT', 'MX', 'MY', 'NI', 'NL', 'NO', 'NZ', 'OM', 'PA', 'PE', 'PH', 'PL', 'PS', 'PT', 'PY', 'QA', 'RO', 'SA', 'SE', 'SG', 'SK', 'SV', 'TH', 'TN', 'TR', 'TW', 'US', 'UY', 'VN', 'ZA']",BE,0.859,1.0,167440.0,0.451,https://api.spotify.com/v1/tracks/1Vr6JSWTpl5MIxUHOJ3nny,1Vr6JSWTpl5MIxUHOJ3nny,0.00106,5.0,0.102,-12.725,"

I keep a close watch on this heart of mine
I keep my eyes wide open all the time
I keep the ends out for the tie that binds
Because you're mine, I walk the line

I find it very, very easy to be true
I find myself alone when each day is through
Yes, I'll admit that I'm a fool for you
Because you're mine, I walk the line
As sure as night is dark and day is light
I keep you on my mind both day and night
And happiness I've known proves it's right
Because you're mine, I walk the line
You've got a way to keep me on your side
You give me cause for love that I can't hide
For you, I know I'd even try to turn the tide
Because you're mine, I walk the line

I keep a close watch on this heart of mine
I keep my eyes wide open all the time
I keep the ends out for the tie that binds
Because you're mine, I walk the line
",1.0,I Walk The Line,country,49.0,https://p.scdn.co/mp3-preview/149a75f243932c8eef0051d9edc7b5d3d7a41fd5?cid=b3cdb16d0df2409abf6a8f6c2f6c2e0c,0.0421,105.418,4.0,https://api.spotify.com/v1/tracks/1Vr6JSWTpl5MIxUHOJ3nny,track_4,9.0,spotify:track:1Vr6JSWTpl5MIxUHOJ3nny,0.779,track
0.127,0bIVfatC5vTp6uT8E0dtHc,https://api.spotify.com/v1/audio-analysis/7fq8suDm3VeokTu6sQMgk5,['5b84ozqhKiJG9LN1IjVac1'],Zac Brown Band,"['AD', 'AE', 'AR', 'AT', 'AU', 'BE', 'BG', 'BH', 'BO', 'BR', 'CA', 'CH', 'CL', 'CO', 'CR', 'CY', 'CZ', 'DE', 'DK', 'DO', 'DZ', 'EC', 'EE', 'EG', 'ES', 'FI', 'FR', 'GB', 'GR', 'GT', 'HK', 'HN', 'HU', 'ID', 'IE', 'IL', 'IN', 'IS', 'IT', 'JO', 'JP', 'KW', 'LB', 'LI', 'LT', 'LU', 'LV', 'MA', 'MC', 'MT', 'MX', 'MY', 'NI', 'NL', 'NO', 'NZ', 'OM', 'PA', 'PE', 'PH', 'PL', 'PS', 'PT', 'PY', 'QA', 'RO', 'SA', 'SE', 'SG', 'SK', 'SV', 'TH', 'TN', 'TR', 'TW', 'US', 'UY', 'VN', 'ZA']",BE,0.473,1.0,223173.0,0.638,https://api.spotify.com/v1/tracks/7fq8suDm3VeokTu6sQMgk5,7fq8suDm3VeokTu6sQMgk5,0.0,1.0,0.0968,-5.321,"
I was fucked around when I was chasing you
I reckon at the time you realise it too, oh didn't you?
I never even heard you try apologise
All you did was deny it to my demise, oh what a suprise
So whatche know about my goals?
I'm feeling that you don't quite know about me
I think you're stepping on my toes
I think you're stepping on my toes
I always hoped that you would reconsider me but
You had eyes for those guys that were 6 foot 3, and had a degree
Now I know I'm so much better off without you
You wiped the cloth from my eyes, got me up off the couch, I started writing about you
So whatche know about my goals?
I'm feeling that you don't quite know about me
I think you're stepping on my toes
I think you're stepping on my toes
And if you could only feel just how I feel
Maybe you would realise
But the truth is that it hurts you to be real
What a way to live your life
So whatche know about my goals?
I'm feeling that you don't quite know about me
I think you're stepping on my toes
I think you're stepping on my toes
So whatche know about my goals
",0.0,Toes,country,38.0,https://p.scdn.co/mp3-preview/01ce9dabd34f2d3b4ec33840326ac79e446c0ca2?cid=b3cdb16d0df2409abf6a8f6c2f6c2e0c,0.0582,173.872,4.0,https://api.spotify.com/v1/tracks/7fq8suDm3VeokTu6sQMgk5,track_27,1.0,spotify:track:7fq8suDm3VeokTu6sQMgk5,0.486,track
0.305,4nYlZdw5Tw6VJYNYGhJ79u,https://api.spotify.com/v1/audio-analysis/4P9k7axR6Ul8Q9ejLDnqvA,"['12rBrcOPP50qIan8ew4iTP', '66tyfeU6ZerzudGCX9mXcg']",LeAnn Rimes,"['AD', 'AE', 'AR', 'AT', 'AU', 'BE', 'BG', 'BH', 'BO', 'BR', 'CA', 'CH', 'CL', 'CO', 'CR', 'CY', 'CZ', 'DE', 'DK', 'DO', 'DZ', 'EC', 'EE', 'EG', 'ES', 'FI', 'FR', 'GB', 'GR', 'GT', 'HK', 'HN', 'HU', 'ID', 'IE', 'IL', 'IN', 'IS', 'IT', 'JO', 'JP', 'KW', 'LB', 'LI', 'LT', 'LU', 'LV', 'MA', 'MC', 'MT', 'MX', 'MY', 'NI', 'NL', 'NO', 'NZ', 'OM', 'PA', 'PE', 'PH', 'PL', 'PS', 'PT', 'PY', 'QA', 'RO', 'SA', 'SE', 'SG', 'SK', 'SV', 'TH', 'TN', 'TR', 'TW', 'US', 'UY', 'VN', 'ZA']",FI,0.666,1.0,153308.0,0.48,https://api.spotify.com/v1/tracks/4P9k7axR6Ul8Q9ejLDnqvA,4P9k7axR6Ul8Q9ejLDnqvA,0.0,5.0,0.0915,-12.328,"

Because you move me
Baby dont you groove me
One this time...
Because you move me
Baby dont you groove me
One this time
One this time
",0.0,Blue,country,46.0,https://p.scdn.co/mp3-preview/dde9c1ca524582db0579b9d8746faa729a58768c?cid=b3cdb16d0df2409abf6a8f6c2f6c2e0c,0.209,77.393,4.0,https://api.spotify.com/v1/tracks/4P9k7axR6Ul8Q9ejLDnqvA,track_12,1.0,spotify:track:4P9k7axR6Ul8Q9ejLDnqvA,0.307,track
0.0745,3yV3cSbd83Hx9z6dL9Cdb3,https://api.spotify.com/v1/audio-analysis/43hmlDW4H4NHdvy6Cf60XD,"['5lwT6gFdwV3Wcol07KUiJx', '3nFkvH82eVm8wLghoXuw0o']",Willie Nelson,"['AD', 'AE', 'AR', 'AT', 'AU', 'BE', 'BG', 'BH', 'BO', 'BR', 'CA', 'CH', 'CL', 'CO', 'CR', 'CY', 'CZ', 'DE', 'DK', 'DO', 'DZ', 'EC', 'EE', 'EG', 'ES', 'FI', 'FR', 'GB', 'GR', 'GT', 'HK', 'HN', 'HU', 'ID', 'IE', 'IL', 'IS', 'IT', 'JO', 'JP', 'KW', 'LB', 'LI', 'LT', 'LU', 'LV', 'MA', 'MC', 'MT', 'MX', 'MY', 'NI', 'NL', 'NO', 'NZ', 'OM', 'PA', 'PE', 'PH', 'PL', 'PS', 'PT', 'PY', 'QA', 'RO', 'SA', 'SE', 'SG', 'SK', 'SV', 'TH', 'TN', 'TR', 'TW', 'US', 'UY', 'VN', 'ZA']",BE,0.732,1.0,183047.0,0.909,https://api.spotify.com/v1/tracks/43hmlDW4H4NHdvy6Cf60XD,43hmlDW4H4NHdvy6Cf60XD,0.00254,10.0,0.26,-4.572,"

I know I can be a mess and I make you too stressed out
You made me feel tired when I like to lay my head down
You like it soft when I'm always so loud
But at the end of the day we're still hooked on the same sound

You made me feel loved then you made me feel worthless
I drive you insane, but you know that we're perfect
'Cause even when I push away, you're coming back for me
We're like day and night but, baby, you're worth it

'Cause everybody hurts sometimes
But we gon' make it all alright
Yeah, I'll always be by your side
'Cause everybody hurts sometimes

Everybody hurts
Everybody hurts
Everybody hurts

No more  ducking when we're always together
'Cause you know I got your back and you make me feel better
I just dip in my toes and it's like we're in heaven
'Cause nothing compares to the love that you give me

But you made me feel loved then you made me feel worthless
I drive you insane, but you know that we're perfect
'Cause even when I push away, you're coming back for me
We're like day and night but, baby, you're worth it

'Cause everybody hurts sometimes
But we gon' make it all alright
Yeah, I'll always be by your side
'Cause everybody hurts sometimes

Everybody hurts
Everybody hurts
Everybody hurts
",1.0,Always On My Mind,country,50.0,https://p.scdn.co/mp3-preview/279cd22e67831a6fa696d0ccef5696332271ed53?cid=b3cdb16d0df2409abf6a8f6c2f6c2e0c,0.0547,123.94,4.0,https://api.spotify.com/v1/tracks/43hmlDW4H4NHdvy6Cf60XD,track_36,1.0,spotify:track:43hmlDW4H4NHdvy6Cf60XD,0.407,track
0.0583,52E4RP7XDzalpIrOgSTgiQ,https://api.spotify.com/v1/audio-analysis/0rT9f5BSZrZ6DvzfBEckG0,['3fMbdgg4jU18AjLCKBhRSm'],Kacey Musgraves,"['AD', 'AE', 'AR', 'AT', 'AU', 'BE', 'BG', 'BH', 'BO', 'BR', 'CA', 'CH', 'CL', 'CO', 'CR', 'CY', 'CZ', 'DE', 'DK', 'DO', 'DZ', 'EC', 'EE', 'EG', 'ES', 'FI', 'FR', 'GB', 'GR', 'GT', 'HK', 'HN', 'HU', 'ID', 'IE', 'IL', 'IN', 'IS', 'IT', 'JO', 'JP', 'KW', 'LB', 'LI', 'LT', 'LU', 'LV', 'MA', 'MC', 'MT', 'MX', 'MY', 'NI', 'NL', 'NO', 'NZ', 'OM', 'PA', 'PE', 'PH', 'PL', 'PS', 'PT', 'PY', 'QA', 'RO', 'SA', 'SE', 'SG', 'SK', 'SV', 'TH', 'TN', 'TR', 'TW', 'US', 'UY', 'VN', 'ZA']",BE,0.708,1.0,279160.0,0.655,https://api.spotify.com/v1/tracks/0rT9f5BSZrZ6DvzfBEckG0,0rT9f5BSZrZ6DvzfBEckG0,2.1e-06,8.0,0.11,-2.69,"

All you got to do is walk away and pass me by
Don't acknowledge my smile when I try to say hello to you, yeah
And all you got to do is not answer my calls when
I'm trying to get through
Keep me wondering why, when all I can do is sigh
I just want to touch you

I just want to touch and kiss
And I wish that I could be with you tonight
(You give me) 'Cause you give me butterflies inside, inside and I

All I got to say is that I must be dreaming, can't be real
You're not here with me, still I can feel you near to me
I caress you, let you taste us, just so blissful listen
I would give you anything baby, just make my dreams come true
Oh baby, you give me butterflies

I just want to touch and kiss
And I wish that I could be with you tonight
'Cause you give me butterflies inside, inside and I
I just want to touch and kiss
And I wish that I could be with you tonight
(You give me) 'Cause you give me butterflies inside, inside and I

If you would take my hand, baby, I would show you
Guide you to the light, babe
If you would be my love, baby, I will love you
Love you 'til the end of time

I just want to touch and kiss
And I wish that I could be with you tonight
(Girl you give me) Cause you give me butterflies inside, inside and I
I just want to touch and kiss
And I wish that I could be with you tonight
'Cause you give me butterflies inside, inside and I
I just want to touch and kiss
And I wish that I could be with you tonight
'Cause you give me butterflies inside, inside and I
I just want to touch and kiss
And I wish that I could be with you tonight
'Cause you give me butterflies inside, inside and I
",1.0,Butterflies,country,59.0,https://p.scdn.co/mp3-preview/57baa67a5ea88b464cb4d5b5fbe6b50c1561123a?cid=b3cdb16d0df2409abf6a8f6c2f6c2e0c,0.0883,89.99,4.0,https://api.spotify.com/v1/tracks/0rT9f5BSZrZ6DvzfBEckG0,track_49,7.0,spotify:track:0rT9f5BSZrZ6DvzfBEckG0,0.545,track
0.347,6gYk1JlSSmlUZGs1Lef1BI,https://api.spotify.com/v1/audio-analysis/2qYsSHsYkihWx043HVJQRV,['3FfvYsEGaIb52QPXhg4DcH'],Jason Aldean,"['CA', 'US']",FI,0.68,1.0,229400.0,0.741,https://api.spotify.com/v1/tracks/2qYsSHsYkihWx043HVJQRV,2qYsSHsYkihWx043HVJQRV,1.87e-06,2.0,0.117,-5.055,"

I'm chilling on a dirt road
Laid back swerving like I'm George Jones
Smoke Rolling out the window
An' ice cold beer sitting' in the console
Memory lane up in the headlights
It's got me reminiscing on them good times
I'm turning off of real life, driving' that's right
I'm hitting' easy street on mud tires

Back in the day Potts farm was the place to go
Load the truck up, hit the dirt road
Jump the barbwire, spread the word
Light the bonfire, then call the girls
The king in the can and the Marlboro man
Jack 'n' Jim were a few good men
Where ya learned how to kiss and cuss and fight too
Better watch out for the boys in blue

And all this small town he said, she said
Ain't it funny how rumors spread
Like I know something ya'll don't know
Man that talk is getting old
Ya better mind your business, man, watch your mouth
Before I have to knock that loud mouth out
I'm tired of talking, man, ya'll ain't listening
Them old dirt roads is what ya'll missing

I'm chilling on a dirt road
Laid back swerving like I'm George Jones
Smoke Rolling out the window
An' ice cold beer sitting' in the console
Memory lane up in the headlights
It's got me reminiscing on them good times
I'm turning off of real life, driving' that's right
I'm hitting' easy street on mud tires

I sit back and think about them good ole days
The way we were raised, and our southern ways
And we like cornbread, and biscuits
And if it's broke round here we fix it
I can take ya'll where ya need to go
Down to my hood, back in them woods

We do it different 'round here, that's right
But we sure do it good, and we do it all night
See, if you really wanna know how it feels
To get off the road with trucks and four wheels
Jump on in, and man, tell your friends
We'll raise some hell where the blacktop ends

I'm chilling on a dirt road
Laid back swerving like I'm George Jones
Smoke Rolling out the window
An' ice cold beer sitting' in the console
Memory lane up in the headlights
It's got me reminiscing on them good times
I'm turning off of real life, driving' that's right
I'm hitting' easy street on mud tires
I'm chilling on a dirt road
Laid back swerving like I'm George Jones
Smoke Rolling out the window
An' ice cold beer sitting' in the console
Memory lane up in the headlights
It's got me reminiscing on them good times
I'm turning off of real life, driving' that's right
I'm hitting' easy street on mud tires
That's right
",1.0,Dirt Road Anthem,country,72.0,https://p.scdn.co/mp3-preview/83f2505559e3377f213326f97cf45dea60bd1763?cid=b3cdb16d0df2409abf6a8f6c2f6c2e0c,0.0357,127.024,4.0,https://api.spotify.com/v1/tracks/2qYsSHsYkihWx043HVJQRV,track_12,2.0,spotify:track:2qYsSHsYkihWx043HVJQRV,0.635,track
0.785,7poo7LkjfXMcKLK8lAkD1p,https://api.spotify.com/v1/audio-analysis/4BcrWCZPXuoGU0SnAsJW1s,['2OpqcUtj10HHvGG6h9VYC5'],George Jones,"['AD', 'AE', 'AR', 'AT', 'AU', 'BE', 'BG', 'BH', 'BO', 'BR', 'CA', 'CH', 'CL', 'CO', 'CR', 'CY', 'CZ', 'DE', 'DK', 'DO', 'DZ', 'EC', 'EE', 'EG', 'ES', 'FI', 'FR', 'GB', 'GR', 'GT', 'HK', 'HN', 'HU', 'ID', 'IE', 'IL', 'IN', 'IS', 'IT', 'JO', 'JP', 'KW', 'LB', 'LI', 'LT', 'LU', 'LV', 'MA', 'MC', 'MT', 'MX', 'MY', 'NI', 'NL', 'NO', 'NZ', 'OM', 'PA', 'PE', 'PH', 'PL', 'PS', 'PT', 'PY', 'QA', 'RO', 'SA', 'SE', 'SG', 'SK', 'SV', 'TH', 'TN', 'TR', 'TW', 'US', 'UY', 'VN', 'ZA']",AR,0.333,1.0,197400.0,0.232,https://api.spotify.com/v1/tracks/4BcrWCZPXuoGU0SnAsJW1s,4BcrWCZPXuoGU0SnAsJW1s,0.000548,8.0,0.252,-14.605,"

He said ""I'll love you til I die""
She told him ""you'll forget in time""
As the years went slowly by
She still preyed upon his mind
He kept her picture on his wall
Went half crazy now and then
But he still loved her through it all
Hoping she'd come back again

He kept some letters by his bed
Dated 1962
He had underlined in red
Every single 'I love you'
I went to see him just today
Oh but I didn't see no tears
All dressed up to go away
First time I'd seen him smile in years

He stopped loving her today
They placed a wreath upon his door
And soon they'll carry him away
He stopped loving her today

You know she came to see him one last time
Oh, and we all wondered if she would
And it kept runnin' through my mind
This time - he's over her for good

He stopped loving her today
They placed a wreath upon his door
And soon they'll carry him away
He stopped loving her today
",1.0,He Stopped Loving Her Today,country,58.0,https://p.scdn.co/mp3-preview/027edb3107719f906e519b85eab13863aa543395?cid=b3cdb16d0df2409abf6a8f6c2f6c2e0c,0.0366,144.788,4.0,https://api.spotify.com/v1/tracks/4BcrWCZPXuoGU0SnAsJW1s,track_23,7.0,spotify:track:4BcrWCZPXuoGU0SnAsJW1s,0.398,track
0.0445,7gfvjngKsSQ3Zz8VdZW5rn,https://api.spotify.com/v1/audio-analysis/2MdtJWg3tsw1oPbpbIVzJK,['4obzFoKoKRHIphyHzJ35G3'],Luke Bryan,"['AD', 'AE', 'AR', 'AT', 'AU', 'BE', 'BG', 'BH', 'BO', 'BR', 'CA', 'CH', 'CL', 'CO', 'CR', 'CY', 'CZ', 'DE', 'DK', 'DO', 'DZ', 'EC', 'EE', 'EG', 'ES', 'FI', 'FR', 'GB', 'GR', 'GT', 'HK', 'HN', 'HU', 'ID', 'IE', 'IL', 'IN', 'IS', 'IT', 'JO', 'JP', 'KW', 'LB', 'LI', 'LT', 'LU', 'LV', 'MA', 'MC', 'MT', 'MX', 'MY', 'NI', 'NL', 'NO', 'NZ', 'OM', 'PA', 'PE', 'PH', 'PL', 'PS', 'PT', 'PY', 'QA', 'RO', 'SA', 'SE', 'SG', 'SK', 'SV', 'TH', 'TN', 'TR', 'TW', 'US', 'UY', 'VN', 'ZA']",BE,0.714,1.0,189160.0,0.69,https://api.spotify.com/v1/tracks/2MdtJWg3tsw1oPbpbIVzJK,2MdtJWg3tsw1oPbpbIVzJK,0.00429,1.0,0.099,-4.747,"

Watch me take it up, then I break it down
I don’t play sports, but it’s a touchdown
I don’t blend in, I-I’m a black sheep
And even then, ha, they still follow me
I rock the race stripes, go, go and check my closet
Never share the guap, go, go and check my wallet
I’m a comet heading this planet
Sitting on the throne, and these haters can’t stand it

DJ, play my song on the radio
Lift me up when I’m feeling low
Drop the beat and play it again
Play it again yeah
DJ, spin it back
If you feeling me
The 808 track is all I need
Drop the beat and play it again
Play it again yeah

Now watch me do my thing, do my thing out on the stage
I become an animal, go and put me in a cage
I’m a beast, I’m a beast
Why they let me off my leash
No you can’t tame me, in this jungle of concrete
I’m a creature, I ain’t lying
Not a cheater, I’m a lioness
They saying that I’m the best
And I ain’t drop an album yet
I got them waiting
Anticipating
They losing patience
My music is vaccination for all my loyal patients

DJ, play my song on the radio
Lift me up when I’m feeling low
Drop the beat and play it again
Play it again yeah
DJ, spin it back
If you feeling me
The 808 track is all I need
Drop the beat and play it again
Play it again yeah

Ride
Silver moon, moon light
Let the boom, boom play
Turn it up till you feel that bass
Rock
Never gon, gon stop
Say whatcha wan, wan say
We finna keep going anyway

DJ, play my song on the radio
Lift me up when I’m feeling low
Drop the beat and play it again
Play it again yeah
DJ, spin it back
If you feeling me
The 808 track is all I need
Drop the beat and play it again
Play it again yeah
DJ, play my song on the radio
Lift me up when I’m feeling low
Drop the beat and play it again
Play it again yeah
DJ, spin it back
If you feeling me
The 808 track is all I need
Drop the beat and play it again
Play it again yeah
",1.0,Play It Again,country,47.0,https://p.scdn.co/mp3-preview/c66290278e9d5d5516047a9fc546bf7f6ea62fa6?cid=b3cdb16d0df2409abf6a8f6c2f6c2e0c,0.158,159.998,4.0,https://api.spotify.com/v1/tracks/2MdtJWg3tsw1oPbpbIVzJK,track_34,1.0,spotify:track:2MdtJWg3tsw1oPbpbIVzJK,0.93,track
0.776,3Z0LdhZyBaeniH7m9VpSrR,https://api.spotify.com/v1/audio-analysis/5U2uhwJseYO7eH5nEwPb8z,['7dNsHhGeGU5MV01r06O8gK'],Patsy Cline,"['AE', 'AR', 'AT', 'BE', 'BG', 'BH', 'BO', 'BR', 'CA', 'CH', 'CL', 'CO', 'CR', 'CY', 'CZ', 'DE', 'DK', 'DO', 'DZ', 'EC', 'EE', 'EG', 'ES', 'FI', 'GB', 'GR', 'GT', 'HK', 'HN', 'HU', 'ID', 'IE', 'IL', 'IS', 'IT', 'JO', 'KW', 'LB', 'LI', 'LT', 'LU', 'LV', 'MA', 'MT', 'MX', 'MY', 'NI', 'NL', 'NO', 'OM', 'PA', 'PE', 'PH', 'PL', 'PS', 'PT', 'PY', 'QA', 'RO', 'SA', 'SE', 'SG', 'SK', 'SV', 'TH', 'TN', 'TR', 'TW', 'US', 'UY', 'VN', 'ZA']",FI,0.473,1.0,169474.0,0.376,https://api.spotify.com/v1/tracks/5U2uhwJseYO7eH5nEwPb8z,5U2uhwJseYO7eH5nEwPb8z,0.0,10.0,0.163,-4.723,"

I fall to pieces each time I see you again
I fall to pieces, how can I be just your friend
You want me to act like we've never kissed
You want me to forget, pretend we've never met
And I've tried and I've tried but I haven't yet
You walk by and I fall to pieces
I fall to pieces each time someone speaks your name
I fall to pieces time only adds to the flame
You tell me to find someone else to love
Someone who'll love me, too, the way you used to do
But each time I go out with someone new
You walk by and I fall to pieces
",1.0,I Fall To Pieces,country,43.0,https://p.scdn.co/mp3-preview/60a5d50e328c80367e6d6929e5874b52c1c64bd8?cid=b3cdb16d0df2409abf6a8f6c2f6c2e0c,0.0282,111.213,4.0,https://api.spotify.com/v1/tracks/5U2uhwJseYO7eH5nEwPb8z,track_4,5.0,spotify:track:5U2uhwJseYO7eH5nEwPb8z,0.538,track
0.0278,4XXMW5aAIvan2C5jRgJBes,https://api.spotify.com/v1/audio-analysis/7l3pXSpyWC4hKyCkFAN3NE,['5iuXjsXsTXs8lwmqzsF6dZ'],Taylor Swift,"['AD', 'AE', 'AR', 'AT', 'AU', 'BE', 'BG', 'BH', 'BO', 'BR', 'CA', 'CH', 'CL', 'CO', 'CR', 'CY', 'CZ', 'DE', 'DK', 'DO', 'DZ', 'EC', 'EE', 'EG', 'ES', 'FI', 'FR', 'GB', 'GR', 'GT', 'HK', 'HN', 'HU', 'ID', 'IE', 'IL', 'IS', 'IT', 'JO', 'JP', 'KW', 'LB', 'LI', 'LT', 'LU', 'LV', 'MA', 'MC', 'MT', 'MX', 'MY', 'NI', 'NL', 'NO', 'NZ', 'OM', 'PA', 'PE', 'PH', 'PL', 'PS', 'PT', 'PY', 'QA', 'RO', 'SA', 'SE', 'SG', 'SK', 'SV', 'TH', 'TN', 'TR', 'TW', 'US', 'UY', 'VN', 'ZA']",AR,0.718,1.0,195347.0,0.591,https://api.spotify.com/v1/tracks/7l3pXSpyWC4hKyCkFAN3NE,7l3pXSpyWC4hKyCkFAN3NE,7.52e-05,0.0,0.0787,-6.806,"

You're on fire
You lit the spark in my burning desire
You know me so much better
But baby get together with me
I'm down on my knees

I've got my mind and my head made up about you
So strong I just wanna wake up
With you
When it all comes down to a matter of time
When you find
This is our song
Get up and dance set your body free
To our song
Get up and dance with me

You're on fire
Give me just one sweet taste
Let me try ya
You give me so much reason
But everything is pleasin' about you
Let's get in that room

I've got my mind and my head made up about you
So strong I just wanna wake up
With you
When it all comes down to a matter of time
When you find
This is our song
Get up and dance set your body free
To our song
Get up and dance with me

So you now allow me to love you
Your love is getting me high

This is our song
Get up and dance set your body free
To our song
Get up and dance with me
This is our song
Get up and dance let your body free
To our song
Get up and dance with me
This is our song
Get up get up get up and set your body free
To our song
Get up and dance with me
",1.0,Our Song,country,33.0,https://p.scdn.co/mp3-preview/2e840dde241a058d113ef4b3f141cec93a741540?cid=b3cdb16d0df2409abf6a8f6c2f6c2e0c,0.0319,125.984,4.0,https://api.spotify.com/v1/tracks/7l3pXSpyWC4hKyCkFAN3NE,track_11,7.0,spotify:track:7l3pXSpyWC4hKyCkFAN3NE,0.938,track
0.00638,2pyB1nz43EkllrZia5wNwy,https://api.spotify.com/v1/audio-analysis/527GxEvkicBDbPnfTG0Idk,['14rP13jdQNgQvuPA2AkBgm'],Dan + Shay,"['AD', 'AE', 'AR', 'AT', 'BE', 'BG', 'BH', 'BO', 'BR', 'CA', 'CH', 'CL', 'CO', 'CR', 'CY', 'CZ', 'DE', 'DK', 'DO', 'DZ', 'EC', 'EE', 'EG', 'ES', 'FI', 'FR', 'GB', 'GR', 'GT', 'HK', 'HN', 'HU', 'ID', 'IE', 'IL', 'IN', 'IS', 'IT', 'JO', 'JP', 'KW', 'LB', 'LI', 'LT', 'LU', 'LV', 'MA', 'MC', 'MT', 'MX', 'MY', 'NI', 'NL', 'NO', 'OM', 'PA', 'PE', 'PH', 'PL', 'PS', 'PT', 'PY', 'QA', 'RO', 'SA', 'SE', 'SG', 'SK', 'SV', 'TH', 'TN', 'TR', 'TW', 'US', 'UY', 'VN', 'ZA']",FI,0.501,1.0,189130.0,0.661,https://api.spotify.com/v1/tracks/527GxEvkicBDbPnfTG0Idk,527GxEvkicBDbPnfTG0Idk,0.0,0.0,0.138,-5.601,"

Take me, take me, take me to your paradise, I'll follow
You've got me going crazy for you, got me going crazy for you
I will echo every word you say about tomorrow
Even when I can't see what you
Even when I can't see what you do

Damn you got me, got me speechless, speechless
You got me hooked on your fingertips, baby
Every time the pressure gets to me
You got me hooked 'cause damn, you got me speechless
Oh you got me on the edge of tonight with you
You got me, got me
I told you once that I would never think twice
Cause I know you got me, got me

With you, I'll go even if it's not my aspiration
I think about you only, only, think about you only, only
They say that you're toxic and you're flowing through my bloodstream
But I don't care what they say, I say we are in our own world anyway

Damn you got me, got me speechless, speechless
You got me hooked on your fingertips, baby
Every time the pressure gets to me
You got me hooked 'cause damn you got me speechless
Oh, you got me on the edge of tonight with you
You got me, got me
I told you once that I would never think twice
'Cause I know you got me, got me

Slowly sinking to the rhythm of your heartbeat, oh I won't let go
Caught me falling for the way you pull me closer, don't let me go

Oh, you got me on the edge of tonight with you
You got me, got me
I told you once that I would never think twice
'Cause I know you got me, got me
You got me, got me
You got me, got me
",0.0,Speechless,country,28.0,https://p.scdn.co/mp3-preview/459c052bd0456d290390a9fa853b983cb817957f?cid=b3cdb16d0df2409abf6a8f6c2f6c2e0c,0.0458,75.009,4.0,https://api.spotify.com/v1/tracks/527GxEvkicBDbPnfTG0Idk,track_59,1.0,spotify:track:527GxEvkicBDbPnfTG0Idk,0.444,track
0.526,7pul7RvuYLqryKehizOvsG,https://api.spotify.com/v1/audio-analysis/7nEdCj0MFbGWOxwjlpPesa,"['6roFdX1y5BYSbp60OTJWMd', '25NQNriVT2YbSW80ILRWJa']",Tim McGraw,"['AD', 'AE', 'AR', 'AT', 'AU', 'BE', 'BG', 'BH', 'BO', 'BR', 'CA', 'CH', 'CL', 'CO', 'CR', 'CY', 'CZ', 'DE', 'DK', 'DO', 'DZ', 'EC', 'EE', 'EG', 'ES', 'FI', 'FR', 'GB', 'GR', 'GT', 'HK', 'HN', 'HU', 'ID', 'IE', 'IL', 'IN', 'IS', 'IT', 'JO', 'JP', 'KW', 'LB', 'LI', 'LT', 'LU', 'LV', 'MA', 'MC', 'MT', 'MX', 'MY', 'NI', 'NL', 'NO', 'NZ', 'OM', 'PA', 'PE', 'PH', 'PL', 'PS', 'PT', 'PY', 'QA', 'RO', 'SA', 'SE', 'SG', 'SK', 'SV', 'TH', 'TN', 'TR', 'TW', 'US', 'UY', 'VN', 'ZA']",FI,0.474,1.0,227333.0,0.528,https://api.spotify.com/v1/tracks/7nEdCj0MFbGWOxwjlpPesa,7nEdCj0MFbGWOxwjlpPesa,0.0,7.0,0.109,-8.588,"

Dancin' in the dark
Middle of the night
Takin' your heart
And holdin' it tight
Emotional touch
Touchin' my skin
And askin' you to do
What you've been doin' all over again

Oh, it's a beautiful thing
Don't think I can keep it all in
I just gotta let you know
What it is that won't let me go

It's your love
It just does something to me
It sends a shock right through me
I can't get enough
And if you wonder
About the spell I'm under
It's your love

Better than I was
More than I am
And all of this happened
By takin' your hand
And who I am now
Is who I wanted to be
And now that we're together
I'm stronger than ever
I'm happy and free

Oh, it's a beautiful thing
Don't think I can keep it all in, no
And if you asked me why I changed
All I gotta do is say your sweet name

It's your love
It just does somethin' to me
It sends a shock right through me
I can't get enough
And if you wonder
About the spell I'm under
It's your love
Oh, baby

Oh, it's a beautiful thing
Don't think I can keep it all in
I just gotta let you know
What it is that won't let me go

It's your love
It just does something' to me
It sends a shock right through me
I can't get enough
And if you wonder
About the spell I'm under
It's your love

It's your love
It's your love
",1.0,It's Your Love,country,58.0,https://p.scdn.co/mp3-preview/3f737d0c1fdacd67eb2a11e709edab1ee7456816?cid=b3cdb16d0df2409abf6a8f6c2f6c2e0c,0.0276,144.366,4.0,https://api.spotify.com/v1/tracks/7nEdCj0MFbGWOxwjlpPesa,track_15,8.0,spotify:track:7nEdCj0MFbGWOxwjlpPesa,0.364,track
0.119,4oFLKch6Zh0YanY9Uj2s8z,https://api.spotify.com/v1/audio-analysis/7BjmEKAVTnJNkRNaUzBy2K,['6rJqqRce0Kvo2dJUXoHleC'],Alabama,"['AD', 'AE', 'AR', 'AT', 'AU', 'BE', 'BG', 'BH', 'BO', 'BR', 'CA', 'CH', 'CL', 'CO', 'CR', 'CY', 'CZ', 'DE', 'DK', 'DO', 'DZ', 'EC', 'EE', 'EG', 'ES', 'FI', 'FR', 'GB', 'GR', 'GT', 'HK', 'HN', 'HU', 'ID', 'IE', 'IL', 'IN', 'IS', 'IT', 'JO', 'JP', 'KW', 'LB', 'LI', 'LT', 'LU', 'LV', 'MA', 'MC', 'MT', 'MX', 'MY', 'NI', 'NL', 'NO', 'NZ', 'OM', 'PA', 'PE', 'PH', 'PL', 'PS', 'PT', 'PY', 'QA', 'RO', 'SA', 'SE', 'SG', 'SK', 'SV', 'TH', 'TN', 'TR', 'TW', 'US', 'UY', 'VN', 'ZA']",AR,0.464,1.0,218613.0,0.526,https://api.spotify.com/v1/tracks/7BjmEKAVTnJNkRNaUzBy2K,7BjmEKAVTnJNkRNaUzBy2K,0.0,9.0,0.124,-9.982,"

You see that mountain over there? Yeah?
Well, one of these days I'm going to climb that mountain

Oh, play me some mountain music
Like grandma and grandpa used to play
Then I'll float on down the river
To a Cajun hideaway

Drift away like Tom Sawyer, ride a raft with old Huck Finn
Take a nap like Rip Van Winkle, daze dreaming again


Swim across the river, just to prove that I'm a man
Spend the day being lazy, just being nature's friend
Climb a long tall hickory. Bend it over, skinning cats
Playing baseball with chert rocks, using sawmill slabs for bats

Play some back-home, come-on music
That comes from the heart
Play something with lots of feeling
Because that's where music has to start


Oh play me mountain music
",1.0,Mountain Music,country,60.0,https://p.scdn.co/mp3-preview/d274c6e542d020f0bdb309f0f2397ccab776e982?cid=b3cdb16d0df2409abf6a8f6c2f6c2e0c,0.0448,109.605,4.0,https://api.spotify.com/v1/tracks/7BjmEKAVTnJNkRNaUzBy2K,track_7,6.0,spotify:track:7BjmEKAVTnJNkRNaUzBy2K,0.754,track
0.928,5aEtg4dxdBk4pj6SJ3hNsM,https://api.spotify.com/v1/audio-analysis/2uRVPeQbsEpRQD0DKr1WTo,['5W5bDNCqJ1jbCgTxDD0Cb3'],Willie Nelson,"['AD', 'AE', 'AR', 'AT', 'AU', 'BE', 'BG', 'BH', 'BO', 'BR', 'CA', 'CH', 'CL', 'CO', 'CR', 'CY', 'CZ', 'DE', 'DK', 'DO', 'DZ', 'EC', 'EE', 'EG', 'ES', 'FI', 'FR', 'GB', 'GR', 'GT', 'HK', 'HN', 'HU', 'ID', 'IE', 'IL', 'IN', 'IS', 'IT', 'JO', 'JP', 'KW', 'LB', 'LI', 'LT', 'LU', 'LV', 'MA', 'MC', 'MT', 'MX', 'MY', 'NI', 'NL', 'NO', 'NZ', 'OM', 'PA', 'PE', 'PH', 'PL', 'PS', 'PT', 'PY', 'QA', 'RO', 'SA', 'SE', 'SG', 'SK', 'SV', 'TH', 'TN', 'TR', 'TW', 'US', 'UY', 'VN', 'ZA']",AR,0.626,1.0,138600.0,0.04,https://api.spotify.com/v1/tracks/2uRVPeQbsEpRQD0DKr1WTo,2uRVPeQbsEpRQD0DKr1WTo,0.00178,4.0,0.11,-19.994,"

In the twilight glow I see them
Blue eyes crying in the rain
When we kissed goodbye and parted
I knew we'd never meet again
Love is like a dying ember
And only memories remain
And through the ages I'll remember
Blue eyes crying in the rain
Some day when we meet up yonder
We'll stroll hand-in-hand again
In a land that knows no parting
Blue eyes crying in the rain
Now my hair has turned to silver
All my life I've loved in vain
I can see her star in heaven
Blue eyes crying in the rain
",1.0,Blue Eyes Crying in the Rain,country,58.0,https://p.scdn.co/mp3-preview/e925f021f6937fef208f4612aeddafbea9bc5933?cid=b3cdb16d0df2409abf6a8f6c2f6c2e0c,0.0405,117.136,4.0,https://api.spotify.com/v1/tracks/2uRVPeQbsEpRQD0DKr1WTo,track_14,5.0,spotify:track:2uRVPeQbsEpRQD0DKr1WTo,0.418,track
0.839,2VYNN13fbJjSxlP3J64Unh,https://api.spotify.com/v1/audio-analysis/4DT9CHLoibGSvSjGuiFcdC,['1JqJXI7idjd9rrxOox7yiB'],Little Big Town,"['AD', 'AE', 'AR', 'AT', 'AU', 'BE', 'BG', 'BH', 'BO', 'BR', 'CA', 'CH', 'CL', 'CO', 'CR', 'CY', 'CZ', 'DE', 'DK', 'DO', 'DZ', 'EC', 'EE', 'EG', 'ES', 'FI', 'FR', 'GB', 'GR', 'GT', 'HK', 'HN', 'HU', 'ID', 'IE', 'IL', 'IN', 'IS', 'IT', 'JO', 'JP', 'KW', 'LB', 'LI', 'LT', 'LU', 'LV', 'MA', 'MC', 'MT', 'MX', 'MY', 'NI', 'NL', 'NO', 'NZ', 'OM', 'PA', 'PE', 'PH', 'PL', 'PT', 'PY', 'QA', 'RO', 'SA', 'SE', 'SG', 'SK', 'SV', 'TH', 'TN', 'TR', 'TW', 'US', 'UY', 'VN', 'ZA']",AR,0.473,1.0,220172.0,0.164,https://api.spotify.com/v1/tracks/4DT9CHLoibGSvSjGuiFcdC,4DT9CHLoibGSvSjGuiFcdC,0.0,0.0,0.119,-13.145,"

I don't know if there’s a God up in heaven
But I met an angel today
Though her wings might be hidden
'Cause I don't see no feathers
She’s made of light and of grace

And so she took my hand
And she lead me down
As we sat by the water's edge

And I said, ""Matthew's daughter
Heaven knows I'm a sinner and I've made mistakes
So bathe me in water
Come and dive in the river, you can start again""

No, I don't see no halo but I know that it's there
Resting one inch over her auburn hair
And I told her my secrets, the darkest I have
And I swear that she sees me for all that I am

And I said, ""Matthew's daughter
Heaven knows I’m a sinner and I’ve made mistakes
So bathe me in water
Come and dive in the river, we can start again""

And then she took my hand, said, ""My love, don't you worry
It only means there’s a heart in your chest
Ooo, so follow me love and come away with me
To where the sun rises in the west""

Then I said, ""Matthew's daughter
Heaven knows I'm a sinner and I've made mistakes
So bathe me in water
Come and dive in the river, you can start again""

And I said, ""Matthew’s daughter
Heaven knows I'm a sinner and I've made mistakes
So bathe me in water""
And she said to me, ""Darling, lemme ease your pain
Come and dive in the water, you can start again""
",1.0,Girl Crush,country,39.0,https://p.scdn.co/mp3-preview/b25e309a05140161f6ce6490c3871155c99bf266?cid=b3cdb16d0df2409abf6a8f6c2f6c2e0c,0.0351,174.119,3.0,https://api.spotify.com/v1/tracks/4DT9CHLoibGSvSjGuiFcdC,track_6,1.0,spotify:track:4DT9CHLoibGSvSjGuiFcdC,0.285,track
0.00256,2T9CgeE4kEZ6wlS1kANt3B,https://api.spotify.com/v1/audio-analysis/5Y7xevnklNtHHvyFgSDd7V,['7lIVgUoLAjerzRuGGjzjve'],Lady A,"['AD', 'AE', 'AR', 'AT', 'AU', 'BE', 'BG', 'BH', 'BO', 'BR', 'CA', 'CH', 'CL', 'CO', 'CR', 'CY', 'CZ', 'DE', 'DK', 'DO', 'DZ', 'EC', 'EE', 'EG', 'ES', 'FI', 'FR', 'GB', 'GR', 'GT', 'HK', 'HN', 'HU', 'ID', 'IE', 'IL', 'IN', 'IS', 'IT', 'JO', 'JP', 'KW', 'LB', 'LI', 'LT', 'LU', 'LV', 'MA', 'MC', 'MT', 'MX', 'MY', 'NI', 'NL', 'NO', 'NZ', 'OM', 'PA', 'PE', 'PH', 'PL', 'PS', 'PT', 'PY', 'QA', 'RO', 'SA', 'SE', 'SG', 'SK', 'SV', 'TH', 'TN', 'TR', 'TW', 'US', 'UY', 'VN', 'ZA']",FI,0.544,1.0,229565.0,0.98,https://api.spotify.com/v1/tracks/5Y7xevnklNtHHvyFgSDd7V,5Y7xevnklNtHHvyFgSDd7V,0.305,6.0,0.352,-5.738,"

The melody
The melody
",0.0,Need You Now,country,40.0,https://p.scdn.co/mp3-preview/9981f1afacead2954b519ca33bd9d385d7427475?cid=b3cdb16d0df2409abf6a8f6c2f6c2e0c,0.332,138.007,4.0,https://api.spotify.com/v1/tracks/5Y7xevnklNtHHvyFgSDd7V,track_57,1.0,spotify:track:5Y7xevnklNtHHvyFgSDd7V,0.0829,track
0.000199,69SmxlEt1ophUvwX8lrkox,https://api.spotify.com/v1/audio-analysis/2wd2Js9RdCwDSzyDqrUFhM,['1s25YudYTrIRBOSsj917K7'],Johnny Cash,"['AD', 'AE', 'AR', 'AT', 'AU', 'BE', 'BG', 'BH', 'BO', 'BR', 'CA', 'CH', 'CL', 'CO', 'CR', 'CY', 'CZ', 'DE', 'DK', 'DO', 'DZ', 'EC', 'EE', 'EG', 'ES', 'FI', 'FR', 'GB', 'GR', 'GT', 'HK', 'HN', 'HU', 'ID', 'IE', 'IL', 'IN', 'IS', 'IT', 'JO', 'JP', 'KW', 'LB', 'LI', 'LT', 'LU', 'LV', 'MA', 'MC', 'MT', 'MX', 'MY', 'NI', 'NL', 'NO', 'NZ', 'OM', 'PA', 'PE', 'PH', 'PL', 'PS', 'PT', 'PY', 'QA', 'RO', 'SA', 'SE', 'SG', 'SK', 'SV', 'TH', 'TN', 'TR', 'TW', 'US', 'UY', 'VN', 'ZA']",FI,0.477,1.0,307652.0,0.887,https://api.spotify.com/v1/tracks/2wd2Js9RdCwDSzyDqrUFhM,2wd2Js9RdCwDSzyDqrUFhM,4.67e-06,2.0,0.117,-3.209,"
This world was never worthy
But how can I call it unfaithful
Every promise was fulfilled
As decay crawled from it's throat
Like the dead rising from an open grave
Like the dead rising from an open grave
Lips of splendor and tongue of deceit
All dying now as our fragile wrists hold only waste
Like those gasping for their last breath
We cannot hide there's nothing left
Like those gasping for their last breath
We cannot hide there's nothing left
Nothing left
Nothing left
There is nothing left
Nothing left
If all my sorrow has led me here
Then I would cry all of my tears
To have this chance again
To have this chance
And know there's more than this
And know there's more than you
Like those gasping for their last breath
We cannot hide there's nothing left
Like those gasping for their last breath
We cannot hide there's nothing left
",0.0,Hurt,country,39.0,https://p.scdn.co/mp3-preview/0a3760c85f310546227fde2b705aed3df40e0e22?cid=b3cdb16d0df2409abf6a8f6c2f6c2e0c,0.0422,139.98,4.0,https://api.spotify.com/v1/tracks/2wd2Js9RdCwDSzyDqrUFhM,track_52,1.0,spotify:track:2wd2Js9RdCwDSzyDqrUFhM,0.356,track
0.298,2v7S6K26bvlGpKP35MLF9j,https://api.spotify.com/v1/audio-analysis/7zcLCtqtovzOjUIr0GMAPh,['2MSlGNpwXDScUdspOK6TS7'],Florida Georgia Line,"['CA', 'US']",FI,0.584,1.0,100027.0,0.805,https://api.spotify.com/v1/tracks/7zcLCtqtovzOjUIr0GMAPh,7zcLCtqtovzOjUIr0GMAPh,0.0,11.0,0.103,-4.057,"
Baby you're a song
You make me wanna roll my windows down 'n' cruiseHey babyYeah, when I first saw that bikini top on her
She's poppin right out of the South Georgia water
Thought, ""Oh, good lord, she had them long tanned legs""
Couldn't help myself so I walked up and saidBaby you're a song
You make me wanna roll my windows down 'n' cruise
Down a back road blowin' stop signs through the middle
Every little farm town with you
In this brand new Chevy with a lift kit
Would look a hell of a lot better with you up in it
So baby you're a song
You make me wanna roll my windows down and cruiseShe was sippin' on southern and singin Marshall Tucker
We were falling in love in the sweet heart of summer
She hopped right up into the cab of my truck and said
""Fire it up, lets go get this thing stuck""Baby you're a song
You make me wanna roll my windows down 'n' cruise
Down a back road blowin' stop signs through the middle
Every little farm town with you
In this brand new Chevy with a lift kit
Would look a hell of a lot better with you up in it
So baby you're a song
You make me wanna roll my windows down and cruiseWhen that summer sun fell to its knees
I looked at her and she looked at me
And I turned on those KC lights and drove all night
'Cause it felt so right, her and I, man we felt so rightI put it in park and
Grabbed my guitar
And strummed a couple chords
And sang from the heart
Girl you sure got the beat in my chest bumpin
Hell I can't get you out of my headBaby you're a song
You make me wanna roll my windows down 'n' cruise
Down a back road blowin stop signs through the middle
Every little farm town with youBaby you're a song
You make me wanna roll my windows down 'n' cruise
Down a back road blowin stop signs through the middle
Every little farm town with you
In this brand new Chevy with a lift kit
Would look a hell of a
Lot better with you up in it
Come onBaby you're a song
You make me wanna roll my windows down 'n' cruise
Come on girl
Get those windows down and cruise
Aww yea
",1.0,Cruise,country,24.0,https://p.scdn.co/mp3-preview/a2b2b5191c6d128502d272f6d8287c51b1e967b2?cid=b3cdb16d0df2409abf6a8f6c2f6c2e0c,0.109,74.938,4.0,https://api.spotify.com/v1/tracks/7zcLCtqtovzOjUIr0GMAPh,track_37,3.0,spotify:track:7zcLCtqtovzOjUIr0GMAPh,0.89,track
0.588,7GMZZQIHIeqJXa5XHgFqhO,https://api.spotify.com/v1/audio-analysis/4xBmdY8IqVypz6M63YdiBN,['4ZPJfyYZ239ucep2OC8qzs'],Carrie Underwood,['US'],FI,0.358,1.0,105013.0,0.807,https://api.spotify.com/v1/tracks/4xBmdY8IqVypz6M63YdiBN,4xBmdY8IqVypz6M63YdiBN,0.0,1.0,0.82,-3.75,"
Baby you're a song
You make me wanna roll my windows down 'n' cruiseHey babyYeah, when I first saw that bikini top on her
She's poppin right out of the South Georgia water
Thought, ""Oh, good lord, she had them long tanned legs""
Couldn't help myself so I walked up and saidBaby you're a song
You make me wanna roll my windows down 'n' cruise
Down a back road blowin' stop signs through the middle
Every little farm town with you
In this brand new Chevy with a lift kit
Would look a hell of a lot better with you up in it
So baby you're a song
You make me wanna roll my windows down and cruiseShe was sippin' on southern and singin Marshall Tucker
We were falling in love in the sweet heart of summer
She hopped right up into the cab of my truck and said
""Fire it up, lets go get this thing stuck""Baby you're a song
You make me wanna roll my windows down 'n' cruise
Down a back road blowin' stop signs through the middle
Every little farm town with you
In this brand new Chevy with a lift kit
Would look a hell of a lot better with you up in it
So baby you're a song
You make me wanna roll my windows down and cruiseWhen that summer sun fell to its knees
I looked at her and she looked at me
And I turned on those KC lights and drove all night
'Cause it felt so right, her and I, man we felt so rightI put it in park and
Grabbed my guitar
And strummed a couple chords
And sang from the heart
Girl you sure got the beat in my chest bumpin
Hell I can't get you out of my headBaby you're a song
You make me wanna roll my windows down 'n' cruise
Down a back road blowin stop signs through the middle
Every little farm town with youBaby you're a song
You make me wanna roll my windows down 'n' cruise
Down a back road blowin stop signs through the middle
Every little farm town with you
In this brand new Chevy with a lift kit
Would look a hell of a
Lot better with you up in it
Come onBaby you're a song
You make me wanna roll my windows down 'n' cruise
Come on girl
Get those windows down and cruise
Aww yea
",0.0,Before He Cheats,country,15.0,https://p.scdn.co/mp3-preview/b33c1d671c7fdd0c92cf84bb0550556a36df50af?cid=b3cdb16d0df2409abf6a8f6c2f6c2e0c,0.14,79.069,4.0,https://api.spotify.com/v1/tracks/4xBmdY8IqVypz6M63YdiBN,track_38,10.0,spotify:track:4xBmdY8IqVypz6M63YdiBN,0.51,track
0.417,5FSETqzUj1EAlIVvPYmv5r,https://api.spotify.com/v1/audio-analysis/1uF89mP85UOIKlzYt1Tq49,['3S34Unhn5yRcaH5K9aU5Et'],Tammy Wynette,"['AD', 'AE', 'AR', 'AT', 'AU', 'BE', 'BG', 'BH', 'BO', 'BR', 'CA', 'CH', 'CL', 'CO', 'CR', 'CY', 'CZ', 'DE', 'DK', 'DO', 'DZ', 'EC', 'EE', 'EG', 'ES', 'FI', 'FR', 'GB', 'GR', 'GT', 'HK', 'HN', 'HU', 'ID', 'IE', 'IL', 'IS', 'IT', 'JO', 'JP', 'KW', 'LB', 'LI', 'LT', 'LU', 'LV', 'MA', 'MC', 'MT', 'MX', 'MY', 'NI', 'NL', 'NO', 'NZ', 'OM', 'PA', 'PE', 'PH', 'PL', 'PS', 'PT', 'PY', 'QA', 'RO', 'SA', 'SE', 'SG', 'SK', 'SV', 'TH', 'TN', 'TR', 'TW', 'US', 'UY', 'VN', 'ZA']",AR,0.657,1.0,178280.0,0.639,https://api.spotify.com/v1/tracks/1uF89mP85UOIKlzYt1Tq49,1uF89mP85UOIKlzYt1Tq49,0.0,9.0,0.117,-12.895,"
Sometimes it's hard to be a woman
Giving all your love to just one man
Oh, yeah, you'll have bad times
He'll have good times
Doing things that
You don't understand
But if you love him
You'll forgive him
Oh, oh, oh, even though
He's hard to understand
Mmm hmm, if you love him
Be proud of him
'Cause after all
He's just a man
Stand by your man
Give him two arms to cling to
And something warm to come to
When nights are cold and lonely
Stand by your man
And show the world you love him
He's giving you
All the love you can
Stand by your man
Give him two arms to cling to
And something, something warm to come to
When the nights are cold and lonely
Stand by your man and show
Show the world you love him
He's giving you
All the love you can, yeah
",1.0,Stand By Your Man,country,30.0,https://p.scdn.co/mp3-preview/b58d837e02df168a85e66fcf0fc6913e6149fe94?cid=b3cdb16d0df2409abf6a8f6c2f6c2e0c,0.0326,111.061,4.0,https://api.spotify.com/v1/tracks/1uF89mP85UOIKlzYt1Tq49,track_16,1.0,spotify:track:1uF89mP85UOIKlzYt1Tq49,0.868,track
0.364,1IR2nlwX6YVTXXeu2qzoWO,https://api.spotify.com/v1/audio-analysis/6foY66mWZN0pSRjZ408c00,['4oUHIQIBe0LHzYfvXNW4QM'],Morgan Wallen,"['AD', 'AE', 'AR', 'AT', 'AU', 'BE', 'BG', 'BH', 'BO', 'BR', 'CA', 'CH', 'CL', 'CO', 'CR', 'CY', 'CZ', 'DE', 'DK', 'DO', 'DZ', 'EC', 'EE', 'EG', 'ES', 'FI', 'FR', 'GB', 'GR', 'GT', 'HK', 'HN', 'HU', 'ID', 'IE', 'IL', 'IN', 'IS', 'IT', 'JO', 'JP', 'KW', 'LB', 'LI', 'LT', 'LU', 'LV', 'MA', 'MC', 'MT', 'MX', 'MY', 'NI', 'NL', 'NO', 'NZ', 'OM', 'PA', 'PE', 'PH', 'PL', 'PS', 'PT', 'PY', 'QA', 'RO', 'SA', 'SE', 'SG', 'SK', 'SV', 'TH', 'TN', 'TR', 'TW', 'US', 'UY', 'VN', 'ZA']",AR,0.615,1.0,234347.0,0.68,https://api.spotify.com/v1/tracks/6foY66mWZN0pSRjZ408c00,6foY66mWZN0pSRjZ408c00,1.75e-06,6.0,0.115,-4.582,"

Pour me, pour me another drink
'Cause I don't wanna feel a thing
No more, hell nah
I just wanna sip 'til the pain wears off
Pour me, pour me another round
Line 'em up and knock 'em down
Two more let's go
'Cause I ain't never hurt like this before

Don't wanna think about her
Or wear a ring without her
Don't wanna hit the karaoke bar
Can't sing without her
So make them drinks strong
'Cause brother she's gone
And if I'm ever gonna move on

I'ma need some whiskey glasses
'Cause I don't wanna see the truth
She's probably making out on the couch right now
With someone new
Yeah, I'ma need some whiskey glasses
If I'm gonna make it through
If I'ma be single
I'ma need a double shot of that heartbreak proof
And see the world through whiskey glasses
(Ain't nothing else to do, but sip around the truth)
And see the world through whiskey glasses
(I need a better view, where I don't drink to you)

Last call
I swear this will be my last call
Now I ain't drunk dialing no more at 3 am
Mr. Bartender hittin' me again

Don't wanna think about her
Or wear a ring without her
Don't wanna hit the karaoke bar
Can't sing without her
So make them drinks strong
'Cause brother she's gone
And if I'm ever gonna move on

I'ma need some whiskey glasses
'Cause I don't wanna see the truth
She's probably making out on the couch right now
With someone new
Yeah, I'ma need some whiskey glasses
If I'm gonna make it through
If I'ma be single
I'ma need a double shot of that heartbreak proof
And see the world through whiskey glasses
(Ain't nothing else to do, but sip around the truth)
Oh, see the world through whiskey glasses
(I need a better view, where I don't drink to you)

Line 'em up, line 'em up, line 'em up, line 'em up
Knock 'em back, knock 'em back, knock 'em back, knock 'em back
Fill 'em up, fill 'em up, fill 'em up, fill 'em up
'Cause if she ain't ever coming back
Line 'em up, line 'em up, line 'em up, line 'em up
Knock 'em back, knock 'em back, knock 'em back, knock 'em back
Fill 'em up, fill 'em up, fill 'em up, fill 'em up
'Cause if she ain't ever coming back

I'ma need some whiskey glasses
'Cause I don't wanna see the truth
She's probably making out on the couch right now
With someone new
Yeah, I'ma need some whiskey glasses
If I'm gonna make it through
If I'ma be single
I'ma need a double shot of that heartbreak proof
And see the world through whiskey glasses
(Ain't nothing else to do, but sip around the truth)
Oh, see the world through whiskey glasses
(I need a better view, where I don't drink to you)
Yeah

(Ain't nothing else to do, but sip around the truth)
And see the world through whiskey glasses
(I need a better view, where I don't drink to you)
Yeah
",1.0,Whiskey Glasses,country,79.0,https://p.scdn.co/mp3-preview/e30ac4e29a82422b9fa8454ddde40af92c63c709?cid=b3cdb16d0df2409abf6a8f6c2f6c2e0c,0.0286,149.992,4.0,https://api.spotify.com/v1/tracks/6foY66mWZN0pSRjZ408c00,track_14,4.0,spotify:track:6foY66mWZN0pSRjZ408c00,0.702,track
0.00727,7nt6hay1PahmwbByUn9VID,https://api.spotify.com/v1/audio-analysis/4bigD1ladaqN9dkN1WOdRM,['786hGmAEXHUeCdKPAj3JIa'],Willie Nelson,['AU'],AR,0.817,1.0,210467.0,0.582,https://api.spotify.com/v1/tracks/4bigD1ladaqN9dkN1WOdRM,4bigD1ladaqN9dkN1WOdRM,0.000254,11.0,0.0724,-5.75,"
On the road again
Just can't wait to get on the road again
The life I love is makin' music with my friends
And I can't wait to get on the road again
On the road again
Goin' places that I've never been
Seein' things that I may never see again
And I can't wait to get on the road again
On the road again
Like a band of gypsies we go down the highway
We're the best of friends
Insisting that the world be turnin' our way
And our way
Is on the road again
Just can't wait to get on the road again
The life I love is makin' music with my friends
And I can't wait to get on the road again
On the road again
Like a band of gypsies we go down the highway
We're the best of friends
Insisting that the world be turnin' our way
And our way
Is on the road again
Just can't wait to get on the road again
The life I love is makin' music with my friends
And I can't wait to get on the road again
And I can't wait to get on the road again
",0.0,On the Road Again,country,31.0,https://p.scdn.co/mp3-preview/3e4aa346bdc6b594bc14daec240124fa9cc1cfa8?cid=b3cdb16d0df2409abf6a8f6c2f6c2e0c,0.0355,133.977,4.0,https://api.spotify.com/v1/tracks/4bigD1ladaqN9dkN1WOdRM,track_24,2.0,spotify:track:4bigD1ladaqN9dkN1WOdRM,0.884,track
0.0125,179dnyOyfRbFMtCjI00xlQ,https://api.spotify.com/v1/audio-analysis/2YFmmNAq43FHO8IZ9EZ9aj,['5X1JzPIIonP3u9lA580pPT'],Keith Urban,"['AD', 'AE', 'AR', 'AT', 'AU', 'BE', 'BG', 'BH', 'BO', 'BR', 'CA', 'CH', 'CL', 'CO', 'CR', 'CY', 'CZ', 'DE', 'DK', 'DO', 'DZ', 'EC', 'EE', 'EG', 'ES', 'FI', 'FR', 'GB', 'GR', 'GT', 'HK', 'HN', 'HU', 'ID', 'IE', 'IL', 'IS', 'IT', 'JO', 'JP', 'KW', 'LB', 'LI', 'LT', 'LU', 'LV', 'MA', 'MC', 'MT', 'MX', 'MY', 'NI', 'NL', 'NO', 'NZ', 'OM', 'PA', 'PE', 'PH', 'PL', 'PS', 'PT', 'PY', 'QA', 'RO', 'SA', 'SE', 'SG', 'SK', 'SV', 'TH', 'TN', 'TR', 'TW', 'US', 'UY', 'VN', 'ZA']",AR,0.784,1.0,216162.0,0.802,https://api.spotify.com/v1/tracks/2YFmmNAq43FHO8IZ9EZ9aj,2YFmmNAq43FHO8IZ9EZ9aj,2.87e-05,3.0,0.0824,-3.821,"
There's something beautiful about you babe
And when I saw your face I just had to stay
You're sexy, crazy, cool and kinda strange
Ooh you're from outer space and I'm glad you came
So I said hey and you said hi, hello
I know you like me so, baby take me home
You took my hands and put them on your waist
And we went all the way and I had to say
Oh pretty babe you got my heart tonight
I ain't never met somebody like you, you
You blow a kiss and then you blow my mind
I ain't never met somebody like you, you
Oh pretty babe you got my heart tonight
I ain't never met somebody like you, you
You blow a kiss and then you blow my mind
I ain't never met somebody like you, you
It's like you take me to another world
A different colored world, undercover world
My black is blue and light is tangerine
You put the dance on me, you put the trance on me
And now I'm tripping, baby I don't care
I feel you everywhere, dancing in my head
And when I thought it was about to end
You put in a  you ain't seen nothing
Oh pretty babe you got my heart tonight
I ain't never met somebody like you, you
You blow a kiss and then you blow my mind
I ain't never met somebody like you, you
Oh pretty babe you got my heart tonight
I ain't never met somebody like you, you
You blow a kiss and then you blow my mind
I ain't never met somebody like you, you
Ooh, lover lover
Ooh, there ain't no other
Oh, it makes me feel so right
I said now
Ooh, lover lover
Ooh, there ain't no other
Ooh, and it makes me feel alive
Oh pretty babe you got my heart tonight
I ain't never met somebody like you, you
You blow a kiss and then you blow my mind
I ain't never met somebody like you, you
Oh pretty babe you got my heart tonight
I ain't never met somebody like you, you
You blow a kiss and then you blow my mind
I ain't never met somebody like you, you
",0.0,Somebody Like You,country,46.0,https://p.scdn.co/mp3-preview/e2d68576d43c8623b4171f76e8e204db8eb9ba78?cid=b3cdb16d0df2409abf6a8f6c2f6c2e0c,0.0388,118.003,4.0,https://api.spotify.com/v1/tracks/2YFmmNAq43FHO8IZ9EZ9aj,track_32,1.0,spotify:track:2YFmmNAq43FHO8IZ9EZ9aj,0.839,track
0.577,11Rni6y5dnNo6NRVuxltIj,https://api.spotify.com/v1/audio-analysis/6cjwec9ii5uLK7CDfPBYt1,['25IG9fa7cbdmCIy3OnuH57'],The Chicks,"['AD', 'AE', 'AR', 'AT', 'AU', 'BE', 'BG', 'BH', 'BO', 'BR', 'CA', 'CH', 'CL', 'CO', 'CR', 'CY', 'CZ', 'DE', 'DK', 'DO', 'DZ', 'EC', 'EE', 'EG', 'ES', 'FI', 'FR', 'GB', 'GR', 'GT', 'HN', 'HU', 'IE', 'IL', 'IN', 'IS', 'IT', 'JO', 'JP', 'KW', 'LB', 'LI', 'LT', 'LU', 'LV', 'MA', 'MC', 'MT', 'MX', 'NI', 'NL', 'NO', 'NZ', 'OM', 'PA', 'PE', 'PL', 'PS', 'PT', 'PY', 'QA', 'RO', 'SA', 'SE', 'SK', 'SV', 'TN', 'TR', 'US', 'UY', 'ZA']",AR,0.563,1.0,223832.0,0.544,https://api.spotify.com/v1/tracks/6cjwec9ii5uLK7CDfPBYt1,6cjwec9ii5uLK7CDfPBYt1,0.0,4.0,0.128,-6.102,"

Who doesn't know what I'm talking about
Who's never left home, who's never struck out
To find a dream and a life of their own
A place in the clouds, a foundation of stone

Many precede and many will follow
A young girl's dreams no longer hollow
It takes the shape of a place out west
But what it holds for her, she hasn't yet guessed

She needs
Wide open spaces (spaces)
Room to make her big mistakes
She needs (new)
New faces
She knows the high stakes

She traveled this road as a child
Wide-eyed and grinning, she never tired
But now she won't be coming back with the rest
If these are life's lessons, she'll take this test

She needs
Wide open spaces (spaces)
Room to make her big mistakes
She needs (new)
New faces
She knows the high stakes
She knows the high stakes

Aahhh aahhh aahhh
Aahhh aahhh aahhh

As her folks drive away, her dad yells, ""Check the oil""
Mom stares out the window and says, ""I'm leaving my girl""
She said, ""It didn't seem like that long ago""
When she stood there
And let her own folks know

She needed
Wide open spaces (spaces)
Room to make her big mistakes
She needs (new)
New faces
She knows the high stakes
She knows the high stakes
She knows the highest stakes

(Wide open spaces)
She knows the highest stakes
She knows the highest stakes
(Wide open spaces)
",1.0,Wide Open Spaces,country,65.0,https://p.scdn.co/mp3-preview/9e35e179f617c70530b26681b5b9498e18fda8bf?cid=b3cdb16d0df2409abf6a8f6c2f6c2e0c,0.0306,179.351,4.0,https://api.spotify.com/v1/tracks/6cjwec9ii5uLK7CDfPBYt1,track_19,2.0,spotify:track:6cjwec9ii5uLK7CDfPBYt1,0.602,track
0.275,467Cag6qid9mjW2hpnIcFi,https://api.spotify.com/v1/audio-analysis/2jOkuPweyFcDBBBF8ZW8Zr,['3P33qFNGBVXl86yQYWspFj'],Martina McBride,"['AD', 'AE', 'AR', 'AT', 'AU', 'BE', 'BG', 'BH', 'BO', 'BR', 'CA', 'CH', 'CL', 'CO', 'CR', 'CY', 'CZ', 'DE', 'DK', 'DO', 'DZ', 'EC', 'EE', 'EG', 'ES', 'FI', 'FR', 'GB', 'GR', 'GT', 'HK', 'HN', 'HU', 'ID', 'IE', 'IL', 'IN', 'IS', 'IT', 'JO', 'JP', 'KW', 'LB', 'LI', 'LT', 'LU', 'LV', 'MA', 'MC', 'MT', 'MX', 'MY', 'NI', 'NL', 'NO', 'NZ', 'OM', 'PA', 'PE', 'PH', 'PL', 'PS', 'PT', 'PY', 'QA', 'RO', 'SA', 'SE', 'SG', 'SK', 'SV', 'TH', 'TN', 'TR', 'TW', 'US', 'UY', 'VN', 'ZA']",AR,0.693,1.0,206093.0,0.683,https://api.spotify.com/v1/tracks/2jOkuPweyFcDBBBF8ZW8Zr,2jOkuPweyFcDBBBF8ZW8Zr,0.000101,9.0,0.0954,-4.575,"

Well she seemed all right by dawn's early light
Though she looked a little worried and weak
She tried to pretend he wasn't drinkin' again
But daddy left the proof on her cheek
And I was only eight years old that summer
And I always seemed to be in the way
So, I took myself down to the fair in town
On Independence Day

Well, word gets around in a small, small town
They said he was a dangerous man
But mama was proud and she stood her ground
She knew she was on the losin' end
Some folks whispered, some folks talked
But everybody looked the other way
When time ran out there was no one about
On Independence Day

Let freedom ring, let the white dove sing
Let the whole world know that today, is a day of reckoning
Let the weak be strong, let the right be wrong
Roll the stone away, let the guilty pay, it's Independence Day

Well she lit up the sky that fourth of July
By the time that the firemen come
They just put out the flames and took down some names
And sent me to the county home
Now, I ain't sayin' it's right or it's wrong
But maybe it's the only way
Talk about your revolution
It's Independence Day

Let freedom ring, let the white dove sing
Let the whole world know that today, is a day of reckoning
Let the weak be strong, let the right be wrong
Roll the stone away, let the guilty pay, it's Independence Day

Roll the stone away
It's Independence Day
",1.0,Independence Day,country,53.0,https://p.scdn.co/mp3-preview/ea29b1a927073805bfcef9877f158644d1144f88?cid=b3cdb16d0df2409abf6a8f6c2f6c2e0c,0.0292,118.388,4.0,https://api.spotify.com/v1/tracks/2jOkuPweyFcDBBBF8ZW8Zr,track_40,3.0,spotify:track:2jOkuPweyFcDBBBF8ZW8Zr,0.748,track
0.305,5p3nTBqh8WCoQfRDAaVp68,https://api.spotify.com/v1/audio-analysis/5HJqpDspKDKwQpLjvkcIsD,['3FfvYsEGaIb52QPXhg4DcH'],Jason Aldean,"['CA', 'US']",AR,0.681,1.0,219160.0,0.795,https://api.spotify.com/v1/tracks/5HJqpDspKDKwQpLjvkcIsD,5HJqpDspKDKwQpLjvkcIsD,9.41e-06,6.0,0.109,-6.652,"

You slip your finger through the tear in my t-shirt
You stirrin' up dirty in the back of my mind
You keep on flirtin', 'cause you know that it's workin'
You stuck in my head girl writing the lines
Couldn't sing this song without you if I tried
Let's light it up like it's our last night

We're just hanging around
Burnin' it down
Sippin' on some cold Jack Daniel's
Jammin' to some old Alabama with you baby
Laying right here naked in my bed
I'm just doing my thing
You love it when I sing
Say it makes you feel like an angel
We about to get a little tangled up right about now
So girl let's keep burnin' it down
Burnin' it down, burnin' it down

Girl when you want it
You know that I'm on it
You know that I love lovin' up on you
Let's hit the switch and let our shadows dance
And light it up like it's our last chance

We're just hanging around
Burnin' it down
Sippin' on some cold Jack Daniel's
Jammin' to some old Alabama with you baby
Laying right here dreamin' in my bed
I'm just doing my thing
You love it when I sing
Say it makes you feel like an angel
We about to get a little tangled up right about now
So girl let's keep burnin' it down
Burnin' it down, burnin' it down, burnin' it down
Burnin' it down, burnin' it down, burnin' it down

I wanna rock it all night
Baby girl will you rock it out with me (with me)
I wanna crawl through the dark
Just to feel your heartbeat against me (against me)
I wanna rock it all night
Baby girl will you rock it out with me (with me)
I wanna crawl through the dark
Just to feel your heartbeat against me  (against me)

We're just hanging around
Burnin' it down
Sippin' on some cold Jack Daniel's
Jammin' to some old Alabama with you baby
Laying right here naked in my bed
I'm just doing my thing
You love it when I sing
Say it makes you feel like an angel
We about to get a little tangled up right about now
So girl let's keep burnin' it down
Burnin' it down, burnin' it down, burnin' it down
Burnin' it down, burnin' it down, burnin' it down

I wanna rock it all night
Baby girl will you rock it out with me (with me)
I wanna crawl through the dark
Just to feel your heartbeat against me
",1.0,Burnin' It Down,country,65.0,https://p.scdn.co/mp3-preview/38e8e72fccdd6c0bafda0d9367ac1c562bffed63?cid=b3cdb16d0df2409abf6a8f6c2f6c2e0c,0.049,135.939,4.0,https://api.spotify.com/v1/tracks/5HJqpDspKDKwQpLjvkcIsD,track_28,3.0,spotify:track:5HJqpDspKDKwQpLjvkcIsD,0.64,track
0.408,7jTKK15tPEBZRNcYJF3I8K,https://api.spotify.com/v1/audio-analysis/5Kn5jBrNiTF1V5woyKOfkt,['1JmAXAbenjeUV9rTxyI9ZZ'],Reba McEntire,"['AD', 'AE', 'AR', 'AT', 'AU', 'BE', 'BG', 'BH', 'BO', 'BR', 'CA', 'CH', 'CL', 'CO', 'CR', 'CY', 'CZ', 'DE', 'DK', 'DO', 'DZ', 'EC', 'EE', 'EG', 'ES', 'FI', 'FR', 'GB', 'GR', 'GT', 'HK', 'HN', 'HU', 'ID', 'IE', 'IL', 'IS', 'IT', 'JO', 'JP', 'KW', 'LB', 'LI', 'LT', 'LU', 'LV', 'MA', 'MC', 'MT', 'MX', 'MY', 'NI', 'NL', 'NO', 'NZ', 'OM', 'PA', 'PE', 'PH', 'PL', 'PS', 'PT', 'PY', 'QA', 'RO', 'SA', 'SE', 'SG', 'SK', 'SV', 'TH', 'TN', 'TR', 'TW', 'US', 'UY', 'VN', 'ZA']",AR,0.36,1.0,242500.0,0.3,https://api.spotify.com/v1/tracks/5Kn5jBrNiTF1V5woyKOfkt,5Kn5jBrNiTF1V5woyKOfkt,0.0,11.0,0.0916,-11.515,"

First thing's first, I'm the realest
Drop this and let the whole world feel it
And I'm still in the Murda Bizness
I could hold you down, like I'm givin' lessons in physics
You should want a bad bitch like this
Drop it low and pick it up just like this
Cup of Ace, cup of Goose, cup of Cris
High heels, somethin' worth a half a ticket on my wrist
Takin' all the liquor straight, never chase that
Rooftop like we bringin' '88 back
Bring the hooks in, where the bass at?
Champagne spillin', you should taste that

I'm so fancy
You already know
I'm in the fast lane
From L.A. to Tokyo
I'm so fancy
Can't you taste this gold?
Remember my name
'Bout to blow

I said, ""Baby, I do this, I thought that you knew this.""
Can't stand no haters and honest, the truth is
And my flow retarded, they speak it depart it
Swagger on super, I can't shop at no department
Better get my money on time, if they not money, decline
And swear I meant that there so much that they give that line a rewind
So get my money on time, if they not money, decline
I just can't worry 'bout no haters, gotta stay on my grind
Now tell me, who that, who that? That do that, do that?
Put that paper over all, I thought you knew that, knew that
I be the I-G-G-Y, put my name in bold
I been working, I'm up in here with some change to throw

I'm so fancy
You already know
I'm in the fast lane
From L.A. to Tokyo
I'm so fancy
Can't you taste this gold?
Remember my name
'Bout to blow

Trash the hotel
Let's get drunk on the mini bar
Make the phone call
Feels so good getting what I want
Yeah, keep on turning it up
Chandelier swinging, we don't give a fuck
Film star, yeah I'm deluxe
Classic, expensive, you don't get to touch
Still stuntin', how you love that?
Got the whole world asking how I does that
Hot girl, hands off, don't touch that
Look at it I bet you wishing you could clutch that
It's just the way you like it, huh?
You're so good, he's just wishing he could bite it, huh?
Never turn down nothing,
Slaying these hoes, gold trigger on the gun like

I'm so fancy
You already know
I'm in the fast lane
From L.A. to Tokyo
I'm so fancy
Can't you taste this gold?
Remember my name
'Bout to blow
",0.0,Fancy,country,57.0,https://p.scdn.co/mp3-preview/96eb740b3808f8efe120235e1170e9802007b67f?cid=b3cdb16d0df2409abf6a8f6c2f6c2e0c,0.0381,145.935,4.0,https://api.spotify.com/v1/tracks/5Kn5jBrNiTF1V5woyKOfkt,track_65,1.0,spotify:track:5Kn5jBrNiTF1V5woyKOfkt,0.361,track
0.00906,64RZY2yiVERrJRZuW9IO5r,https://api.spotify.com/v1/audio-analysis/3NuoTeIShELS6qTu2I71oS,['3Z1RXhBBhcyVcry5HAcVRg'],Dan + Shay,"['AD', 'AE', 'AR', 'AT', 'AU', 'BE', 'BG', 'BH', 'BO', 'BR', 'CA', 'CH', 'CL', 'CO', 'CR', 'CY', 'CZ', 'DE', 'DK', 'DO', 'DZ', 'EC', 'EE', 'EG', 'ES', 'FI', 'FR', 'GB', 'GR', 'GT', 'HK', 'HN', 'HU', 'ID', 'IE', 'IL', 'IN', 'IS', 'IT', 'JO', 'JP', 'KW', 'LB', 'LI', 'LT', 'LU', 'LV', 'MA', 'MC', 'MT', 'MX', 'MY', 'NI', 'NL', 'NO', 'NZ', 'OM', 'PA', 'PE', 'PH', 'PL', 'PS', 'PT', 'PY', 'QA', 'RO', 'SA', 'SE', 'SG', 'SK', 'SV', 'TH', 'TN', 'TR', 'TW', 'US', 'UY', 'VN', 'ZA']",AR,0.629,1.0,234324.0,0.734,https://api.spotify.com/v1/tracks/3NuoTeIShELS6qTu2I71oS,3NuoTeIShELS6qTu2I71oS,1.8e-05,2.0,0.135,-7.952,"

I cannot get, I cannot get by without you honey
Mercy, mercy, I can't get out

I see that girl, and she play me a fool
By my tie, drag me high to some fabulous views
She's my ride, lost my mind, tryin' to walk in these shoes
All my life, and she's no good for me Sugar (woah)

I cannot get, I cannot get by without you honey
Mercy, mercy, I can't get out
I cannot get, I cannot get by without you honey
Mercy, mercy, I can't get out

Baby give me cravings, and
Baby got me shaking, said
No I'm not addicted but don't ever keep me waiting
Baby got me spending all this dough I could be saving
'cause she tastes like maple butter 'nilla cinnamon amazin
All my life
I want to get the green but she take
All my love
Now she be feeding me the cheesecake
Oh my heart
Is burning when you're close to me babe
You and me and something sweet should have a little three-way

I cannot get, I cannot get by without you honey
Mercy, mercy, I can't get out
I cannot get, I cannot get by without you honey
Mercy, mercy, I can't get out


She said darlin' take all the time you want
I wanna taste your sugar
Pass that my way, no I ain't had enough
I wanna taste your sugar
She said darlin' take all the time you want
I wanna taste your sugar
Pass that my way, no I ain't had enough
I wanna taste your sugar

I cannot get, I cannot get by without you honey
Mercy, mercy, I can't get out
I cannot get, I cannot get by without you honey
Mercy, mercy, I can't get out
I cannot get, I cannot get by without you honey
Mercy, mercy, I can't get out
I cannot get, I cannot get by without you honey
Mercy, mercy, I can't get out

I wanna taste your sugar
",1.0,Tequila,country,44.0,https://p.scdn.co/mp3-preview/b175b0ecb17c6d68a04e7aa680afb169a64530c6?cid=b3cdb16d0df2409abf6a8f6c2f6c2e0c,0.0443,150.15,4.0,https://api.spotify.com/v1/tracks/3NuoTeIShELS6qTu2I71oS,track_8,2.0,spotify:track:3NuoTeIShELS6qTu2I71oS,0.631,track
0.58,0ogkqQa8hPAtL02IqwJ36x,https://api.spotify.com/v1/audio-analysis/359krpyCKcFF8SFvqWES9L,['4DBi4EYXgiqbkxvWUXUzMi'],Darius Rucker,"['AD', 'AE', 'AR', 'AT', 'AU', 'BE', 'BG', 'BH', 'BO', 'BR', 'CA', 'CH', 'CL', 'CO', 'CR', 'CY', 'CZ', 'DE', 'DK', 'DO', 'DZ', 'EC', 'EE', 'EG', 'ES', 'FI', 'FR', 'GB', 'GR', 'GT', 'HK', 'HN', 'HU', 'ID', 'IE', 'IL', 'IS', 'IT', 'JO', 'JP', 'KW', 'LB', 'LI', 'LT', 'LU', 'LV', 'MA', 'MC', 'MT', 'MX', 'MY', 'NI', 'NL', 'NO', 'NZ', 'OM', 'PA', 'PE', 'PH', 'PL', 'PS', 'PT', 'PY', 'QA', 'RO', 'SA', 'SE', 'SG', 'SK', 'SV', 'TH', 'TN', 'TR', 'TW', 'US', 'UY', 'VN', 'ZA']",AR,0.621,1.0,232133.0,0.403,https://api.spotify.com/v1/tracks/359krpyCKcFF8SFvqWES9L,359krpyCKcFF8SFvqWES9L,0.0,9.0,0.114,-8.211,"

Headed down south to the land of the pines
I'm thumbin' my way to North Caroline
Starin' up the road
And pray to God I see headlights
I made it down the coast in seventeen hours
Pickin' me a bouquet of dogwood flowers
And I'm a-hopin' for Raleigh
I can see my baby tonight

So, rock me mama like a wagon wheel
Rock me mama any way you feel
Hey, mama rock me
Rock me mama like the wind and the rain
Rock me mama like a south-bound train
Hey, mama rock me
Runnin' from the cold up in New England
I was born to be a fiddler in an old-time string band
My baby plays the guitar
I pick a banjo now
Ah, the north country winters keep a-gettin' me
And I lost my money playin' poker so I had to up and leave
But I ain't a-turnin' back
To livin' that old life no more

So, rock me mama like a wagon wheel
Rock me mama any way you feel
Hey, mama rock me
Rock me mama like the wind and the rain
Rock me mama like a south-bound train
Hey, mama rock me

Walkin' due south out of Roanoke
I caught a trucker out of Philly
Had a nice long toke
But he's a-headed west from the Cumberland Gap
To Johnson City, Tennessee
And I gotta get a move on before the sun
I hear my baby callin' my name
And I know that she's the only one
And if I die in Raleigh
At least I will die free

So, rock me mama like a wagon wheel
Rock me mama any way you feel
Hey, mama rock me
Rock me mama like the wind and the rain
Rock me mama like a south-bound train
Hey, mama rock me
",1.0,Wagon Wheel,country,67.0,https://p.scdn.co/mp3-preview/1127ed3ae8310fda91be44e44b3c50cd5bf5e73d?cid=b3cdb16d0df2409abf6a8f6c2f6c2e0c,0.0359,145.525,4.0,https://api.spotify.com/v1/tracks/359krpyCKcFF8SFvqWES9L,track_42,11.0,spotify:track:359krpyCKcFF8SFvqWES9L,0.634,track
0.676,53Oa5Bu0UTU8o8qCTaHKoz,https://api.spotify.com/v1/audio-analysis/2rxQMGVafnNaRaXlRMWPde,['718COspgdWOnwOFpJHRZHS'],Luke Combs,"['AD', 'AE', 'AR', 'AT', 'AU', 'BE', 'BG', 'BH', 'BO', 'BR', 'CA', 'CH', 'CL', 'CO', 'CR', 'CY', 'CZ', 'DE', 'DK', 'DO', 'DZ', 'EC', 'EE', 'EG', 'ES', 'FI', 'FR', 'GB', 'GR', 'GT', 'HK', 'HN', 'HU', 'ID', 'IE', 'IL', 'IN', 'IS', 'IT', 'JO', 'JP', 'KW', 'LB', 'LI', 'LT', 'LU', 'LV', 'MA', 'MC', 'MT', 'MX', 'MY', 'NI', 'NL', 'NO', 'NZ', 'OM', 'PA', 'PE', 'PH', 'PL', 'PS', 'PT', 'PY', 'QA', 'RO', 'SA', 'SE', 'SG', 'SK', 'SV', 'TH', 'TN', 'TR', 'TW', 'US', 'UY', 'VN', 'ZA']",AR,0.552,1.0,193200.0,0.402,https://api.spotify.com/v1/tracks/2rxQMGVafnNaRaXlRMWPde,2rxQMGVafnNaRaXlRMWPde,0.0,11.0,0.0928,-7.431,"

Her day starts with a coffee and ends with a wine
Takes forever getting ready so she's never on time for anything
When she gets that come get me look in her eyes
Well, it kinda scares me, the way that she drives me wild
When she drives me wild

Beautiful, crazy, she can't help but amaze me
The way that she dances, ain't afraid to take chances
And wears her heart on her sleeve
Yeah, she's crazy but her crazy's beautiful to me

She makes plans for the weekend, can't wait to go out
Till she changes her mind
Says 'let's stay on the couch and watch TV'
And she falls asleep

Beautiful, crazy, she can't help but amaze me
The way that she dances, ain't afraid to take chances
And wears her heart on her sleeve
Yeah, she's crazy but her crazy's beautiful to me

She's unpredictable, unforgettable
It's unusual, unbelievable
How I'm such a fool, yeah I'm such a fool for her

Beautiful, crazy, she can't help but amaze me
The way that she dances, ain't afraid to take chances
And wears her heart on her sleeve
Yeah, she's crazy, she's crazy, she's crazy
But her crazy's beautiful to me
Her crazy's beautiful to me
",1.0,Beautiful Crazy,country,82.0,https://p.scdn.co/mp3-preview/46f30246879a353edb15e19f91eb63376053cace?cid=b3cdb16d0df2409abf6a8f6c2f6c2e0c,0.0262,103.313,4.0,https://api.spotify.com/v1/tracks/2rxQMGVafnNaRaXlRMWPde,track_6,15.0,spotify:track:2rxQMGVafnNaRaXlRMWPde,0.382,track
0.243,4sSXylKcBB3p47VfrBJlfK,https://api.spotify.com/v1/audio-analysis/1LM5zQv5pBKPyO7rm7Uz6U,['6WY7D3jk8zTrHtmkqqo5GI'],Maren Morris,"['AD', 'AE', 'AR', 'AT', 'AU', 'BE', 'BG', 'BH', 'BO', 'BR', 'CA', 'CH', 'CL', 'CO', 'CR', 'CY', 'CZ', 'DE', 'DK', 'DO', 'DZ', 'EC', 'EE', 'EG', 'ES', 'FI', 'FR', 'GB', 'GR', 'GT', 'HK', 'HN', 'HU', 'ID', 'IE', 'IL', 'IN', 'IS', 'IT', 'JO', 'JP', 'KW', 'LB', 'LI', 'LT', 'LU', 'LV', 'MA', 'MC', 'MT', 'MX', 'MY', 'NI', 'NL', 'NO', 'NZ', 'OM', 'PA', 'PE', 'PH', 'PL', 'PS', 'PT', 'PY', 'QA', 'RO', 'SA', 'SE', 'SG', 'SK', 'SV', 'TH', 'TN', 'TR', 'TW', 'US', 'UY', 'VN', 'ZA']",AR,0.517,1.0,197931.0,0.743,https://api.spotify.com/v1/tracks/1LM5zQv5pBKPyO7rm7Uz6U,1LM5zQv5pBKPyO7rm7Uz6U,3.36e-06,9.0,0.107,-4.336,"

I’ve cussed on a Sunday
I’ve cheated and I’ve lied
I’ve fallen down from grace
A few too many times
But I find holy redemption
When I put this car in drive
Roll the windows down and turn up the dial

Can I get a hallelujah?
Can I get an amen?
Feels like the Holy Ghost running through ya
When I play the highway FM
I find my soul revival
Singin' every single verse
Yeah, I guess that’s my church

When Hank brings the sermon
And Cash leads the choir
It gets my cold, cold heart burnin'
Hotter than a ring of fire
When this wonderful world gets heavy
And I need to find my escape
I just keep the wheels rolling, radio scrolling
Until my sins wash away

Can I get a hallelujah?
Can I get an amen?
Feels like the Holy Ghost running through ya
When I play the highway FM
I find my soul revival
Singin' every single verse
Yeah, I guess that’s my church

Can I get a hallelujah?
Can I get an amen?
Feels like the Holy Ghost running through ya
When I play the highway FM
I find my soul revival
Singin' every single verse
Yeah, I guess that’s my church

Can I get a hallelujah?
Can I get an amen?
Feels like the Holy Ghost running through ya
When I play the highway FM
I find my soul revival
Singin' every single verse
Yeah, I guess that’s my church
Yeah, I guess that’s my church
Yeah, I guess that’s my church
",1.0,My Church,country,70.0,https://p.scdn.co/mp3-preview/93d7324822b2739d82600d3e85c0ab0d81291d12?cid=b3cdb16d0df2409abf6a8f6c2f6c2e0c,0.0363,76.979,4.0,https://api.spotify.com/v1/tracks/1LM5zQv5pBKPyO7rm7Uz6U,track_2,3.0,spotify:track:1LM5zQv5pBKPyO7rm7Uz6U,0.664,track
0.645,0Im5nUhAuNDSYVjfPh7RyS,https://api.spotify.com/v1/audio-analysis/4dGJf1SER1T6ooX46vwzRB,['6yJCxee7QumYr820xdIsjo'],Zac Brown Band,"['AD', 'AE', 'AR', 'AT', 'AU', 'BE', 'BG', 'BH', 'BO', 'BR', 'CA', 'CH', 'CL', 'CO', 'CR', 'CY', 'CZ', 'DE', 'DK', 'DO', 'DZ', 'EC', 'EE', 'EG', 'ES', 'FI', 'FR', 'GB', 'GR', 'GT', 'HK', 'HN', 'HU', 'ID', 'IE', 'IL', 'IS', 'IT', 'JO', 'JP', 'KW', 'LB', 'LI', 'LT', 'LU', 'LV', 'MA', 'MC', 'MT', 'MX', 'MY', 'NI', 'NL', 'NO', 'NZ', 'OM', 'PA', 'PE', 'PH', 'PL', 'PS', 'PT', 'PY', 'QA', 'RO', 'SA', 'SE', 'SG', 'SK', 'SV', 'TH', 'TN', 'TR', 'TW', 'US', 'UY', 'VN', 'ZA']",AR,0.566,1.0,238147.0,0.713,https://api.spotify.com/v1/tracks/4dGJf1SER1T6ooX46vwzRB,4dGJf1SER1T6ooX46vwzRB,0.0,6.0,0.114,-4.25,"

You know I like my chicken fried
Cold beer on a Friday night
A pair of jeans that fit just right
And the radio up

Well I was raised up beneath the shade of a Georgia Pine
And that's home you know
Sweet tea, pecan pie, and homemade wine where the peaches grow
And my house it's not much to talk about
But it's filled with love that's grown in southern ground

And a little bit of chicken fried
Cold beer on a Friday night
A pair of jeans that fit just right
And the radio up
Well I've seen the sun rise
See the love in my woman's eyes
Feel the touch of a precious child
And know a mother's love

It's funny how it's the little things in life that mean the most
Not where you live, what you drive, or the price tag on your clothes
There's no dollar sign on a piece of mind
This I've come to know
So if you agree, have a drink with me
Raise you glasses for a toast

To a little bit of chicken fried
Cold beer on a Friday night
A pair of jeans that fit just right
And the radio up
Well I've seen the sun rise
See the love in my woman's eyes
Feel the touch of a precious child
And know a mother's love


I thank God for my life
And for the stars and stripes
May freedom forever fly, let it ring
Salute the ones who died
The ones that give their lives so we don't have to sacrifice
All the things we love

Like our chicken fried
And cold beer on a Friday night
A pair of jeans that fit just right
And the radio up
Well I've seen the sun rise
See the love in my woman's eyes
Feel the touch of a precious child
And know a mother's love

Get your little chicken fried
Cold beer on a Friday night
A pair of jeans that fit just right
And the radio up
Well I've done seen the sun rise
See the love in my woman's eyes
Feel the touch of a precious child
And know a mother's love
",1.0,Chicken Fried,country,76.0,https://p.scdn.co/mp3-preview/55a49554cd2a46602b15a0ba15477073d938c915?cid=b3cdb16d0df2409abf6a8f6c2f6c2e0c,0.0417,169.864,4.0,https://api.spotify.com/v1/tracks/4dGJf1SER1T6ooX46vwzRB,track_21,6.0,spotify:track:4dGJf1SER1T6ooX46vwzRB,0.807,track
0.5,6TipM9Fb8wDpT0hl3ab1yY,https://api.spotify.com/v1/audio-analysis/2UjT9EWb1GW4Aro3GHq1Og,"['2sG4zTOLvjKG1PSoOyf5Ej', '5s6TJEuHTr9GR894wc6VfP']",John Denver,['US'],AR,0.693,1.0,191107.0,0.32,https://api.spotify.com/v1/tracks/2UjT9EWb1GW4Aro3GHq1Og,2UjT9EWb1GW4Aro3GHq1Og,0.0,5.0,0.0717,-8.648,"

Almost heaven, West Virginia
Blue Ridge Mountains, Shenandoah River
Life is old there, older than the trees
Younger than the mountains, blowing like a breeze

Country roads, take me home
To the place where I belong
West Virginia, Mountain Mama
Take me home, country roads

All my memories, gathered 'round her
Miners' Lady, stranger to the water
Dark and dusty, painted on the sky
Misty taste of moonshine, teardrops in my eye

Country roads, take me home
To the place where I belong
West Virginia, Mountain Mama
Take me home, country roads

I hear her voice, in the morning light she calls me
The radio reminds me of my home far away
Drivin' down the road I get a feeling
Like I should have been home yesterday, yesterday

Country roads, take me home
To the place where I belong
West Virginia, Mountain Mama
Country roads, take me home
Country roads, take me home
To the place where I belong
West Virginia, Mountain Mama
Take me home, country roads
Take me home
To the place where I belong
West Virginia, Mountain Mama
Take me home, on a country road
Take me home, down a country road
Won't you take me home, down a country road
",1.0,"Take Me Home, Country Roads",country,37.0,https://p.scdn.co/mp3-preview/bd599bfabf186f978de6072c7fa118349d9b8b25?cid=b3cdb16d0df2409abf6a8f6c2f6c2e0c,0.0324,91.964,4.0,https://api.spotify.com/v1/tracks/2UjT9EWb1GW4Aro3GHq1Og,track_87,12.0,spotify:track:2UjT9EWb1GW4Aro3GHq1Og,0.672,track
0.128,5GIEvyzVeUKAs6Uf2EeoqD,https://api.spotify.com/v1/audio-analysis/7BD50ATrF3Vab5FQy7vtK8,['2d3VHzlOEwXvmBdS4pzOPL'],LeAnn Rimes,"['AD', 'AE', 'AR', 'AT', 'AU', 'BE', 'BG', 'BH', 'BO', 'BR', 'CA', 'CH', 'CL', 'CO', 'CR', 'CY', 'CZ', 'DE', 'DK', 'DO', 'DZ', 'EC', 'EE', 'EG', 'ES', 'FI', 'FR', 'GB', 'GR', 'GT', 'HK', 'HN', 'HU', 'ID', 'IE', 'IL', 'IN', 'IS', 'IT', 'JO', 'JP', 'KW', 'LB', 'LI', 'LT', 'LU', 'LV', 'MA', 'MC', 'MT', 'MX', 'MY', 'NI', 'NL', 'NO', 'NZ', 'OM', 'PA', 'PE', 'PH', 'PL', 'PS', 'PT', 'PY', 'QA', 'RO', 'SA', 'SE', 'SG', 'SK', 'SV', 'TH', 'TN', 'TR', 'TW', 'US', 'UY', 'VN', 'ZA']",AR,0.577,1.0,266973.0,0.462,https://api.spotify.com/v1/tracks/7BD50ATrF3Vab5FQy7vtK8,7BD50ATrF3Vab5FQy7vtK8,0.0,2.0,0.0822,-7.989,"

How do I get through one night without you?
If I had to live without you
What kind of life would that be?

Oh, I, I need you in my arms, need you to hold
You're my world, my heart, my soul and if you ever leave
Baby you would take away everything good in my life
And tell me now

How do I live without you? I want to know
How do I breathe without you if you ever go?
How do I ever, ever survive?
How do I, how do I, oh, how do I live?

Without you there'd be no sun in my sky
There would be no love in my life
There'd be no world left for me

And I, baby, I don't know what I would do
I'd be lost if I lost you, if you ever leave
Baby, you would take away everything real in my life
And tell me now

How do I live without you? I want to know
How do I breathe without you if you ever go?
How do I ever, ever survive?
How do I, how do I, oh, how do I live?

Please, tell me, baby
How do I go on if you ever leave?
Baby, you would take away everything, I need you with me
Baby, don't you know that you're everything good in my life?
And tell me now

How do I live without you? I want to know
How do I breathe without you if you ever go
How do I ever, ever survive?
How do I, how do I, oh, how do I live?
How do I live without you?
How do I live without you, baby?
How do I live?
",1.0,How Do I Live,country,70.0,https://p.scdn.co/mp3-preview/dfd7958f815b8496b20d48d905697be6bc1dec28?cid=b3cdb16d0df2409abf6a8f6c2f6c2e0c,0.0279,128.303,4.0,https://api.spotify.com/v1/tracks/7BD50ATrF3Vab5FQy7vtK8,track_3,2.0,spotify:track:7BD50ATrF3Vab5FQy7vtK8,0.258,track
0.279,5QakU0QMcoxjjyCS1YW4G5,https://api.spotify.com/v1/audio-analysis/3npzogdOEiVsieXmmhBepL,['6WY7D3jk8zTrHtmkqqo5GI'],Maren Morris,"['AD', 'AE', 'AR', 'AT', 'AU', 'BE', 'BG', 'BH', 'BO', 'BR', 'CA', 'CH', 'CL', 'CO', 'CR', 'CY', 'CZ', 'DE', 'DK', 'DO', 'DZ', 'EC', 'EE', 'EG', 'ES', 'FI', 'FR', 'GB', 'GR', 'GT', 'HK', 'HN', 'HU', 'ID', 'IE', 'IL', 'IN', 'IS', 'IT', 'JO', 'JP', 'KW', 'LB', 'LI', 'LT', 'LU', 'LV', 'MA', 'MC', 'MT', 'MX', 'MY', 'NI', 'NL', 'NO', 'NZ', 'OM', 'PA', 'PE', 'PH', 'PL', 'PS', 'PT', 'PY', 'QA', 'RO', 'SA', 'SE', 'SG', 'SK', 'SV', 'TH', 'TN', 'TR', 'TW', 'US', 'UY', 'VN', 'ZA']",AR,0.612,1.0,197293.0,0.57,https://api.spotify.com/v1/tracks/3npzogdOEiVsieXmmhBepL,3npzogdOEiVsieXmmhBepL,0.0,11.0,0.0963,-6.642,"

We're in the homestretch of the hard times
We took a hard left, but we're alright
Yeah, life sure can try to put love through it, but
We built this right, so nothing's ever gonna move it

When the bones are good, the rest don't matter
Yeah, the paint could peel, the glass could shatter
Let it rain 'cause you and I remain the same
When there ain't a crack in the foundation
Baby, I know any storm we're facing
Will blow right over while we stay put
The house don't fall when the bones are good

Call it dumb luck, but baby, you and I
Can't even mess it up, although we both try
No, it don't always go the way we planned it
But the wolves came and went and we're still standing

When the bones are good, the rest don't matter
Yeah, the paint could peel, the glass could shatter
Let it rain 'cause you and I remain the same
When there ain't a crack in the foundation
Baby, I know any storm we're facing
Will blow right over while we stay put
The house don't fall when my bones are good
When the bones are good

Bones are good, the rest, the rest don't matter (Baby, it don't really matter)
Paint could peel, the glass could shatter (Oh, the glass, oh, the glass could shatter)
Bones are good, the rest, the rest don't matter (Ooh)
Paint could peel, the glass, the glass could shatter (Yeah)

When the bones are good, the rest don't matter
Yeah, the paint could peel, the glass could shatter
Let it rain (Let it rain, let it rain)
'Cause you and I remain the same (Woo)
When there ain't a crack in the foundation (Woo)
Baby, I know any storm we're facing
Will blow right over while we stay put
The house don't fall when the bones are good

Yeah, ooh
",0.0,The Bones,country,78.0,https://p.scdn.co/mp3-preview/fc33627ba3c42dbabe573a25fdc467375df2d7f1?cid=b3cdb16d0df2409abf6a8f6c2f6c2e0c,0.0347,77.004,4.0,https://api.spotify.com/v1/tracks/3npzogdOEiVsieXmmhBepL,track_3,12.0,spotify:track:3npzogdOEiVsieXmmhBepL,0.335,track
0.575,3uczBfJFFSNjSiF8ScC1pA,https://api.spotify.com/v1/audio-analysis/02eD9ymfJOJOhM97HYp5R9,['66lH4jAE7pqPlOlzUKbwA0'],Miranda Lambert,"['AD', 'AE', 'AR', 'AT', 'AU', 'BE', 'BG', 'BH', 'BO', 'BR', 'CA', 'CH', 'CL', 'CO', 'CR', 'CY', 'CZ', 'DE', 'DK', 'DO', 'DZ', 'EC', 'EE', 'EG', 'ES', 'FI', 'FR', 'GB', 'GR', 'GT', 'HK', 'HN', 'HU', 'ID', 'IE', 'IL', 'IN', 'IS', 'IT', 'JO', 'JP', 'KW', 'LB', 'LI', 'LT', 'LU', 'LV', 'MA', 'MC', 'MT', 'MX', 'MY', 'NI', 'NL', 'NO', 'NZ', 'OM', 'PA', 'PE', 'PH', 'PL', 'PS', 'PT', 'PY', 'QA', 'RO', 'SA', 'SE', 'SG', 'SK', 'SV', 'TH', 'TN', 'TR', 'TW', 'US', 'UY', 'VN', 'ZA']",AR,0.515,1.0,236627.0,0.3,https://api.spotify.com/v1/tracks/02eD9ymfJOJOhM97HYp5R9,02eD9ymfJOJOhM97HYp5R9,8.46e-06,5.0,0.115,-8.005,"

I know they say ""you can’t go home again""
I just had to come back one last time
Ma'am I know you don't know me from Adam
But these hand prints on the front steps are mine
Up those stairs, in that little back bedroom
Is where I did my homework and I learned to play guitar
And I bet you didn't know under that live oak
My favorite dog is buried in the yard

I thought if I could touch this place, I'll feel it
This brokenness inside me might start healing
Out here it’s like I'm someone else
I thought that maybe I could find myself
If I could just come in I swear I'll leave
Won't take nothing but a memory
From the house that built me

Mama cut out pictures of houses for years
From 'Better Homes and Garden' magazine
Plans were drawn and concrete poured
Nail by nail and board by board
Daddy gave life to mama's dream


You leave home, you move on and you do the best you can
I got lost in this whole world and forgot who I am

",1.0,The House That Built Me,country,65.0,https://p.scdn.co/mp3-preview/fae3074a59e9879c2372dbe5c6d5b20da1abd1f1?cid=b3cdb16d0df2409abf6a8f6c2f6c2e0c,0.0289,81.12,4.0,https://api.spotify.com/v1/tracks/02eD9ymfJOJOhM97HYp5R9,track_38,10.0,spotify:track:02eD9ymfJOJOhM97HYp5R9,0.206,track
0.013,1lhNch5NkOONvFhRPh8qaj,https://api.spotify.com/v1/audio-analysis/1mMLMZYXkMueg65jRRWG1l,['718COspgdWOnwOFpJHRZHS'],Luke Combs,"['AD', 'AE', 'AR', 'AT', 'AU', 'BE', 'BG', 'BH', 'BO', 'BR', 'CA', 'CH', 'CL', 'CO', 'CR', 'CY', 'CZ', 'DE', 'DK', 'DO', 'DZ', 'EC', 'EE', 'EG', 'ES', 'FI', 'FR', 'GB', 'GR', 'GT', 'HK', 'HN', 'HU', 'ID', 'IE', 'IL', 'IN', 'IS', 'IT', 'JO', 'JP', 'KW', 'LB', 'LI', 'LT', 'LU', 'LV', 'MA', 'MC', 'MT', 'MX', 'MY', 'NI', 'NL', 'NO', 'NZ', 'OM', 'PA', 'PE', 'PH', 'PL', 'PS', 'PT', 'PY', 'QA', 'RO', 'SA', 'SE', 'SG', 'SK', 'SV', 'TH', 'TN', 'TR', 'TW', 'US', 'UY', 'VN', 'ZA']",AR,0.551,1.0,240760.0,0.801,https://api.spotify.com/v1/tracks/1mMLMZYXkMueg65jRRWG1l,1mMLMZYXkMueg65jRRWG1l,6.03e-06,6.0,0.265,-5.069,"

Sunday morning man
She woke up fightin' mad
Bitchin' and moanin' on and on
'Bout the time I had
And by Tuesday you could say
That girl was good as gone
Then when Thursday came around I was all alone
So I went for a drive to clear my mind
Ended up at a Shell on I-65

Then I won a hundred bucks on a scratch-off ticket
I bought two 12-packs and a tank of gas with it
She swore they were a waste of time
Oh, but she was wrong
I was caller number five on a radio station
Won a four day, three night beach vacation
Deep sea señorita fishing down in Panama
And I ain't gotta see my
Ex-future-mother-in-law anymore
Oh Lord, when it rains it pours

Now she was sure real quick to up and apologize
When she heard about my newfound luck
On that FM dial
And it's crazy how lately now
It just seems to come in waves
What I thought was gonna be the death of me
Was my saving grace
It's got me thinking that her leaving
Is the only logical reason

That I got the last spot in the Hooters' parking lot
And the waitress left her number on my check with a heart
She picked up on the first ring when I gave her a call
And I only spent five bucks at the Moose Club raffle
Won a used 4-wheeler and three free passes
For me and two of my buddies to play a round of golf
And I ain't gotta see my
Ex-future-mother-in-law anymore
Oh Lord, when it rains it pours
When it rains it pours

Well I've been on one hell of a redneck roll
For three weeks now
And it all started on the day that she walked out

Then I won a hundred bucks on a scratch-off ticket
Bought two 12-packs and a tank of gas with it
She swore they were a waste of time
Oh, but she was wrong
And I was caller number five on a radio station
Won a four day, three night beach vacation
Deep sea señorita fishing down in Panama
And I ain't gotta see my
Ex-future-mother-in-law anymore
Oh Lord, when it rains it pours
When it rains it pours
",1.0,When It Rains It Pours,country,79.0,https://p.scdn.co/mp3-preview/0a2f1abdc6a4b5e7112320dd098aa910ff0d1207?cid=b3cdb16d0df2409abf6a8f6c2f6c2e0c,0.0303,128.027,4.0,https://api.spotify.com/v1/tracks/1mMLMZYXkMueg65jRRWG1l,track_20,8.0,spotify:track:1mMLMZYXkMueg65jRRWG1l,0.625,track
