acousticness,album_id,analysis_url,artists_id,artists_name,available_markets,country,danceability,disc_number,duration_ms,energy,href,id,instrumentalness,key,liveness,loudness,lyrics,mode,name,playlist,popularity,preview_url,speechiness,tempo,time_signature,track_href,track_name_prev,track_number,uri,valence,type
0.0946,7aAckmXx2tIaR6qB1F7cKs,https://api.spotify.com/v1/audio-analysis/4pUOZFi8YiNmWZEsWR6DaR,['6baWjwY7WiVPCZcW7pqqhz'],Dashboard Confessional,['SE'],BE,0.742,1.0,215773.0,0.496,https://api.spotify.com/v1/tracks/4pUOZFi8YiNmWZEsWR6DaR,4pUOZFi8YiNmWZEsWR6DaR,1.51e-06,7.0,0.189,-6.135,"

A friend indeed, come build me up
Come shed your light, it makes me shine
You get the message, don't you ever forget it
Let's laugh and cry, until we die

If it wasn't for you, I'd be alone
If it wasn't for you, I'd be on my own
Don't wait 'til I do wrong
Don't wait 'til I put up a fight
You won my heart, without a question
Don't wait for life

I care for you, I talk to you
In my deepest dreams, I'm fortunate
We got a friendship, no one can contest it
And not to mention, I respect you with my all

If it wasn't for you, I'd be alone
If it wasn't for you, I'd have to hold my own
Don't wait 'til I do wrong
Don't wait 'til I put up a fight
You won my heart, without a question
Don't wait for life

Not a thing in the world could get between what we share
No matter where you at, no worry I'll be there
No one's got your back like I do
Even when the business ain't going well, we still cool
When I shine, you shine, always on your side
All my life you'll have what's mine
Mark my word, we gon' be alright
My brother, my sister we gon' be just fine

If it wasn't for you, I'd be alone
If it wasn't for you, I'd be on my own
Don't wait 'til I do wrong
Don't wait 'til I put up a fight
You won my heart, without a question
Don't wait for life

Don't wait 'til I... (do wrong)
Don't wait 'til I... (put up a fight)
You won my heart
Without a question
Don't wait for life
",1.0,Don't Wait,emo,39.0,https://p.scdn.co/mp3-preview/b19507c158d9f67d7b00d9ccc2141f3e03c7bff1?cid=b3cdb16d0df2409abf6a8f6c2f6c2e0c,0.0657,98.998,4.0,https://api.spotify.com/v1/tracks/4pUOZFi8YiNmWZEsWR6DaR,track_5,1.0,spotify:track:4pUOZFi8YiNmWZEsWR6DaR,0.35,track
0.211,1F5OliwEcMBSGNsXxRC8p4,https://api.spotify.com/v1/audio-analysis/2xEUE2mCaghHy4uYJmITaI,['4Ly0KABsxlx4fNj63zJTrF'],All Time Low,"['AD', 'AE', 'AR', 'AT', 'AU', 'BE', 'BG', 'BH', 'BO', 'BR', 'CA', 'CH', 'CL', 'CO', 'CR', 'CY', 'CZ', 'DE', 'DK', 'DO', 'DZ', 'EC', 'EE', 'EG', 'ES', 'FI', 'FR', 'GB', 'GR', 'GT', 'HK', 'HN', 'HU', 'ID', 'IE', 'IL', 'IN', 'IS', 'IT', 'JO', 'JP', 'KW', 'LB', 'LI', 'LT', 'LU', 'LV', 'MA', 'MC', 'MT', 'MX', 'MY', 'NI', 'NL', 'NO', 'NZ', 'OM', 'PA', 'PE', 'PH', 'PL', 'PT', 'PY', 'QA', 'RO', 'SA', 'SE', 'SG', 'SK', 'SV', 'TH', 'TN', 'TR', 'TW', 'US', 'UY', 'VN', 'ZA']",BE,0.625,1.0,212973.0,0.76,https://api.spotify.com/v1/tracks/2xEUE2mCaghHy4uYJmITaI,2xEUE2mCaghHy4uYJmITaI,3.9e-05,4.0,0.187,-3.688,"

Caught in the dark with a sound in my heart
Hiding alone down on the floor
Out of my depth and I'm holding my breath
Don't wanna go outside the door

Paralyzed by my own emotion
Out of my mind, looking for a way out of here, out of here
Terrified and my feet are frozen
Something inside got me wondering is this real?
Is this real?

I'm hearing voices in my head
I don't wanna hear, I don't wanna fear
Say you ain't afraid of nothing
Everybody is scared of something, woo-hoo

Smoke in my chest from my last cigarette
And the dog start to howl at the moon
Black silhouettes gonna haunt me again
Creeping out from the shadows of the room

Paralyzed by my own emotions
Something inside got me wondering is this real?
Is this real?

I'm hearing voices in my head
I don't wanna hear, I don't wanna fear
I'm seeing monsters in my bed
I don't wanna see, I don't wanna fear
Say you ain't afraid of nothing
Everybody is scared of something, woo-hoo

I wanna let you know
I ain't afraid no more
I wanna let you know

I'm hearing voices in my head
I don't wanna hear, I don't wanna fear
I'm seeing monsters in my bed
I don't wanna see, I don't wanna fear, wooh-wooh
I wanna let you know
I wanna let you know
I wanna let you know
Saying you ain't afraid of nothing
Everybody is scared of something, woo-hoo
",0.0,Monsters,emo,52.0,https://p.scdn.co/mp3-preview/ce11a70ff005c2fdcbc0f5ffaaaec15607697279?cid=b3cdb16d0df2409abf6a8f6c2f6c2e0c,0.0469,89.97,4.0,https://api.spotify.com/v1/tracks/2xEUE2mCaghHy4uYJmITaI,track_38,1.0,spotify:track:2xEUE2mCaghHy4uYJmITaI,0.352,track
0.124,4guW5WPxFzHrXg04FPC9v9,https://api.spotify.com/v1/audio-analysis/6Wuv7MrhesuDsuGv8vcrOd,['0YrtvWJMgSdVrk3SfNjTbx'],Death Cab for Cutie,"['AD', 'AE', 'AR', 'AT', 'AU', 'BE', 'BG', 'BH', 'BO', 'BR', 'CA', 'CH', 'CL', 'CO', 'CR', 'CY', 'CZ', 'DE', 'DK', 'DO', 'DZ', 'EC', 'EE', 'EG', 'ES', 'FI', 'FR', 'GB', 'GR', 'GT', 'HK', 'HN', 'HU', 'ID', 'IE', 'IL', 'IS', 'IT', 'JO', 'JP', 'KW', 'LB', 'LT', 'LU', 'LV', 'MA', 'MC', 'MT', 'MX', 'MY', 'NI', 'NL', 'NO', 'NZ', 'OM', 'PA', 'PE', 'PH', 'PL', 'PT', 'PY', 'QA', 'RO', 'SA', 'SE', 'SG', 'SK', 'SV', 'TH', 'TN', 'TR', 'TW', 'UY', 'VN', 'ZA']",FI,0.63,1.0,230907.0,0.772,https://api.spotify.com/v1/tracks/6Wuv7MrhesuDsuGv8vcrOd,6Wuv7MrhesuDsuGv8vcrOd,0.000432,2.0,0.116,-8.366,"

I want to live where soul meets body
And let the sun wrap its arms around me
And bathe my skin in water, cool and cleansing and feel
Feel what it's like to be new
'Cause in my head there's a Greyhound station
Where I send my thoughts to far off destinations
So they may have a chance of finding a place
Where they're far more suited than here

Well, I cannot guess what we'll discover
When we turn the dirt with our palms cupped like shovels
But I know our filthy hands can wash one another's
And not one speck will remain

I do believe it's true
That there are roads left in both of our shoes
But if the silence takes you, then I hope it takes me too
So, brown eyes, I'll hold you near
'Cause you're the only song I want to hear
A melody softly soaring through my atmosphere

Where soul meets body
Where soul meets body
Where soul meets body

And I do believe it's true
That there are roads left in both of our shoes
But if the silence takes you, then I hope it takes me too
So, brown eyes, I'll hold you near
'Cause you're the only song I want to hear
A melody softly soaring through my atmosphere

A melody softly soaring through my atmosphere
A melody softly soaring through my atmosphere
A melody softly soaring through my atmosphere
",0.0,Soul Meets Body,emo,58.0,https://p.scdn.co/mp3-preview/b8363b1fbc4827b98129a2bea5bf8e7a6017688c?cid=b3cdb16d0df2409abf6a8f6c2f6c2e0c,0.0251,128.133,4.0,https://api.spotify.com/v1/tracks/6Wuv7MrhesuDsuGv8vcrOd,track_62,2.0,spotify:track:6Wuv7MrhesuDsuGv8vcrOd,0.717,track
0.0149,23OIssiWfFrUOhNvXaqa3R,https://api.spotify.com/v1/audio-analysis/3Obxz980GJnoElXiPPL5Aq,['66mvkoeTssT7z9uSV0OEy7'],All Time Low,"['AD', 'AE', 'AR', 'AT', 'AU', 'BE', 'BG', 'BH', 'BO', 'BR', 'CA', 'CH', 'CL', 'CO', 'CR', 'CY', 'CZ', 'DE', 'DK', 'DO', 'DZ', 'EC', 'EE', 'EG', 'ES', 'FI', 'FR', 'GB', 'GR', 'GT', 'HK', 'HN', 'HU', 'ID', 'IE', 'IL', 'IN', 'IS', 'IT', 'JO', 'JP', 'KW', 'LB', 'LI', 'LT', 'LU', 'LV', 'MA', 'MC', 'MT', 'MX', 'MY', 'NI', 'NL', 'NO', 'NZ', 'OM', 'PA', 'PE', 'PH', 'PL', 'PS', 'PT', 'PY', 'QA', 'RO', 'SA', 'SE', 'SG', 'SK', 'SV', 'TH', 'TN', 'TR', 'TW', 'US', 'UY', 'VN', 'ZA']",BE,0.554,1.0,134304.0,0.908,https://api.spotify.com/v1/tracks/3Obxz980GJnoElXiPPL5Aq,3Obxz980GJnoElXiPPL5Aq,0.0,9.0,0.262,-3.572,"
When I am 29
When I am 29 I'll start going to therapy
When I am 29
When I am 29 I’ll start going to therapy
I'll make time then
No more excuses
I'll start going to therapy
When I was 24
When I was 24 I was fucking up everything
When I was 24
When I was 24 I was fucking up everything
I had three jobs
And a broken heart
I was fucking up everything
When I was three years old
Don’t remember what I was told
I found empty vodka bottles in your briefcase
When I wasn't even born
Did I deserve the scorn
That I'd get with every year but never ask for
When I am 29
When I am 29 I'll start going to therapy
When I am 29
When I am 29 I'll start going to therapy
I'll make time then
No more excuses
I'll start going to therapy
",1.0,Therapy,emo,39.0,https://p.scdn.co/mp3-preview/1999910abebf034e014ac1e10174b07d03e06551?cid=b3cdb16d0df2409abf6a8f6c2f6c2e0c,0.0436,105.862,4.0,https://api.spotify.com/v1/tracks/3Obxz980GJnoElXiPPL5Aq,track_30,1.0,spotify:track:3Obxz980GJnoElXiPPL5Aq,0.597,track
0.365,4t6hjfoEcGaOXLWMha4H0N,https://api.spotify.com/v1/audio-analysis/3rdhZX8fOu65q97OejFQ1U,['1Z1d9w6X8vxMyZvM19a7vy'],Blink-182,"['AD', 'AE', 'AR', 'AT', 'AU', 'BE', 'BG', 'BH', 'BO', 'BR', 'CA', 'CH', 'CL', 'CO', 'CR', 'CY', 'CZ', 'DE', 'DK', 'DO', 'DZ', 'EC', 'EE', 'EG', 'ES', 'FI', 'FR', 'GB', 'GR', 'GT', 'HK', 'HN', 'HU', 'ID', 'IE', 'IL', 'IN', 'IS', 'IT', 'JO', 'JP', 'KW', 'LB', 'LI', 'LT', 'LU', 'LV', 'MA', 'MC', 'MT', 'MX', 'MY', 'NI', 'NL', 'NO', 'NZ', 'OM', 'PA', 'PE', 'PH', 'PL', 'PS', 'PT', 'PY', 'QA', 'RO', 'SA', 'SE', 'SG', 'SK', 'SV', 'TH', 'TN', 'TR', 'TW', 'US', 'UY', 'VN', 'ZA']",FI,0.774,1.0,209481.0,0.575,https://api.spotify.com/v1/tracks/3rdhZX8fOu65q97OejFQ1U,3rdhZX8fOu65q97OejFQ1U,0.0,5.0,0.12,-4.588,"
I miss you
I really fucking miss you, I miss holding you
I miss everything I'm used to
But fuck you
I get it, I’m too negative, I get it, I'm a sedative
I get it I'm a medicine to people like you
I miss you
I really fucking miss you
I can’t stand all of these people tryna ask me what's the issue
But fuck you
I get it, I'm too good for you, I get it,  I'm just loving you
I get it I'm the only one for people like you
I feel it in my stomach, I feel it in my head
I really fucking love you and I wish that I was dead
I feel it in my stomach, I feel it in my head
I really fucking hate you and I wish that I was dead. (2x)
I miss you
I really fucking miss you, I miss kissing you
I miss everything I'm used to
But fuck you
I get it, I'm too sensitive, I get it, I'm too genuine
I get it I’m too venomous to people like you
I miss you
I really fucking miss you
I can’t hold on to myself and just ignore all of my issues
But fuck you
I get it, I'm too personal, I get it, I’m too burnable
I get it I'm too permanent for people to like you
I feel it in my stomach, I feel it in my head
I really fucking love you and I wish that I was dead
I feel it in my stomach, I feel it in my head
I really fucking hate you and I wish that I was dead. (4x)
I miss you
I really fucking miss you (4x)
I feel it in my stomach, I feel it in my head
I really fucking love you and I wish that I was dead. (2x)
I really fucking miss you
I miss you
But fuck you, yeah
",0.0,I Miss You,emo,44.0,https://p.scdn.co/mp3-preview/d71a849f55c1cc111f66c4d3bdec8e7e485d0be1?cid=b3cdb16d0df2409abf6a8f6c2f6c2e0c,0.071,110.01,4.0,https://api.spotify.com/v1/tracks/3rdhZX8fOu65q97OejFQ1U,track_13,1.0,spotify:track:3rdhZX8fOu65q97OejFQ1U,0.155,track
0.0104,1cRVHT6fWzQdEUSjlQkmma,https://api.spotify.com/v1/audio-analysis/6TBDSrE9o2QzcBXUswrDm6,['2cXyPSMdJcGw3t9yNhwTN2'],All Time Low,"['AD', 'AE', 'AR', 'AT', 'AU', 'BE', 'BG', 'BH', 'BO', 'BR', 'CA', 'CH', 'CL', 'CO', 'CR', 'CY', 'CZ', 'DE', 'DK', 'DO', 'DZ', 'EC', 'EE', 'EG', 'ES', 'FI', 'FR', 'GB', 'GR', 'GT', 'HK', 'HN', 'HU', 'ID', 'IE', 'IL', 'IN', 'IS', 'IT', 'JO', 'JP', 'KW', 'LB', 'LI', 'LT', 'LU', 'LV', 'MA', 'MC', 'MT', 'MX', 'MY', 'NI', 'NL', 'NO', 'NZ', 'OM', 'PA', 'PE', 'PH', 'PL', 'PS', 'PT', 'PY', 'QA', 'RO', 'SA', 'SE', 'SG', 'SK', 'SV', 'TH', 'TN', 'TR', 'TW', 'US', 'UY', 'VN', 'ZA']",BE,0.481,1.0,211575.0,0.577,https://api.spotify.com/v1/tracks/6TBDSrE9o2QzcBXUswrDm6,6TBDSrE9o2QzcBXUswrDm6,1.96e-06,9.0,0.127,-7.175,"

My faith is the door to Your world
Your way is the way to freedom
Opposite to what I see
Opposite to what I see

I find you in my wildest dreams
Like a new reality
You are my gravity
You are my gravity

Weightless above the clouds
Love is the sound
I’m falling, I’m falling for You
I’m falling, I’m falling for You
Caught up in Heaven now
Weightless and bound
I’m falling, I’m falling for You
I’m falling, I’m falling for You

Building my life in Your name
Stealing my heart with Your race
I can feel You here with me
I can feel You here with me

I find you in my wildest dreams
Like a new reality
You are my gravity
You are my gravity

Weightless above the clouds
Love is the sound
I’m falling, I’m falling for You
I’m falling, I’m falling for You
Caught up in Heaven now
Weightless and bound
I’m falling, I’m falling for You
I’m falling, I’m falling for You

Sometimes it feels too good to be real
Your love reversed my failure
Now I let go, trust You and know
You hold, You hold my future
Sometimes it feels too good to be real
Your love reversed my failure
Now I let go, trust You and know
You hold, You hold my future

Weightless above the clouds
Love is the sound
I’m falling, I’m falling for You
I’m falling, I’m falling for You
Weightless above the clouds
Love is the sound
I’m falling, I’m falling for You
I’m falling, I’m falling for You
Caught up in Heaven now
Weightless and bound
I’m falling, I’m falling for You
I’m falling, I’m falling for You
",1.0,Weightless,emo,28.0,https://p.scdn.co/mp3-preview/0c5f7a0243d4b49634c97412b29d6cc2ece794dc?cid=b3cdb16d0df2409abf6a8f6c2f6c2e0c,0.0363,138.166,4.0,https://api.spotify.com/v1/tracks/6TBDSrE9o2QzcBXUswrDm6,track_34,5.0,spotify:track:6TBDSrE9o2QzcBXUswrDm6,0.238,track
0.515,0z8izbo6B9JEQxqGrlexWA,https://api.spotify.com/v1/audio-analysis/1ksSib2GsrP1wqkpOPdHnY,['14mErTJ0ubFVjx2zBAwjkE'],Blink-182,"['AD', 'AE', 'AR', 'AT', 'AU', 'BE', 'BG', 'BH', 'BO', 'BR', 'CA', 'CH', 'CL', 'CO', 'CR', 'CY', 'CZ', 'DE', 'DK', 'DO', 'DZ', 'EC', 'EE', 'EG', 'ES', 'FI', 'FR', 'GB', 'GR', 'GT', 'HK', 'HN', 'HU', 'ID', 'IE', 'IL', 'IN', 'IS', 'IT', 'JO', 'JP', 'KW', 'LB', 'LI', 'LT', 'LU', 'LV', 'MA', 'MC', 'MT', 'MX', 'MY', 'NI', 'NL', 'NO', 'NZ', 'OM', 'PA', 'PE', 'PH', 'PL', 'PS', 'PT', 'PY', 'QA', 'RO', 'SA', 'SE', 'SG', 'SK', 'SV', 'TH', 'TN', 'TR', 'TW', 'US', 'UY', 'VN', 'ZA']",FI,0.632,1.0,172852.0,0.494,https://api.spotify.com/v1/tracks/1ksSib2GsrP1wqkpOPdHnY,1ksSib2GsrP1wqkpOPdHnY,0.0,7.0,0.12,-7.283,"

She got those lips like Aphrodite
And she's not easily excited
She like to talk during a movie
She like wasabi on her sushi

So specific, she likes the strangest things
My intuition, tells me to let her keep
Making decisions, she does it naturally
So I will follow, follow, follow your lead

Hands down
My mind's made up you're the best I ever had
Hands down
It feels so good when opposites attract
Hands down
I'm not one for getting too attached
Hands down
But my mind's made up you're the best I ever had

We don't have too much in common
Except we puff that marijuana
You got my head spinnin' like tie dye
I'm spaced out like it's Sci-Fi
That good connection like Wi-Fi
Let me get to know ya

So specific, she likes the strangest things
My intuition, tells me to let her keep
Making decisions, she does it naturally
So I will follow, follow, follow your lead

Hands down
My mind's made up you're the best I ever had
Hands down
It feels so good when opposites attract
Hands down
I'm not one for getting too attached
Hands down
But my mind's made up you're the best I ever had

(brr)
I don't slow down
I'm too wavy
But I don't know how
We both ended up tangled in this place
But I'm here to stay
I can't fake the wave
I guess it's safe to say that I got you
And you got some new lingerie
Well that's thoughtful
I create a new Halloween for that costume
Loving how it pans out
I got a pair of cuffs, put your hands down
But usually I'm solo, dolo
Act a fool
I don't know so and so
I'm home alone
With thoughts
I'm known to not go out
I'm not about to ask you out
That's not my route
'Cause it hurts to see rings
On really bad teams
And love is just pain
I'm slave to these things
Through all that
I will follow, follow, follow your lead

Hands down
My mind's made up you're the best I ever had
Hands down
It feels so good when opposites attract
Hands down
I'm not one for getting too attached
Hands down
But my mind's made up you're the best I ever had

(Hands down)
(My mind's made up you're the best I ever had)
(Hands down)
(It feels so good when opposites attract)
(Hands down)
(I'm not one for getting too attached)
(Hands down)
Ooh yeah, yeah, yeah
",0.0,Down,emo,43.0,https://p.scdn.co/mp3-preview/251256aab64ca559b73a870e8d4449abbd1dbd99?cid=b3cdb16d0df2409abf6a8f6c2f6c2e0c,0.207,75.216,4.0,https://api.spotify.com/v1/tracks/1ksSib2GsrP1wqkpOPdHnY,track_49,1.0,spotify:track:1ksSib2GsrP1wqkpOPdHnY,0.359,track
0.344,3ntOXFMHUPIedU3l2QNE0n,https://api.spotify.com/v1/audio-analysis/7C0yPWHEwTPQ4xqOz96Aro,['01crEa9G3pNpXZ5m7wuHOk'],Sum 41,"['AD', 'AE', 'AR', 'AT', 'AU', 'BE', 'BG', 'BH', 'BO', 'BR', 'CA', 'CH', 'CL', 'CO', 'CR', 'CY', 'CZ', 'DK', 'DO', 'DZ', 'EC', 'EE', 'EG', 'ES', 'FI', 'FR', 'GB', 'GR', 'GT', 'HK', 'HN', 'HU', 'ID', 'IE', 'IL', 'IN', 'IS', 'JO', 'JP', 'KW', 'LB', 'LI', 'LT', 'LU', 'LV', 'MA', 'MC', 'MX', 'MY', 'NI', 'NL', 'NO', 'NZ', 'OM', 'PA', 'PE', 'PH', 'PL', 'PS', 'PT', 'PY', 'QA', 'RO', 'SA', 'SE', 'SG', 'SK', 'SV', 'TH', 'TN', 'TR', 'TW', 'US', 'UY', 'VN', 'ZA']",FI,0.283,1.0,358373.0,0.354,https://api.spotify.com/v1/tracks/7C0yPWHEwTPQ4xqOz96Aro,7C0yPWHEwTPQ4xqOz96Aro,0.000245,8.0,0.0758,-11.552,"
I'm here again
A thousand miles away from you
A broken mess
Just scattered pieces of who I am
I tried so hard
Thought I could do this on my own
I've lost so much along the way
Then I see your face
I know I'm finally yours
I find everything
I thought I lost before
You call my name
I come to you in pieces
So you can make
Me whole
I've come undone
But you make sense of who I am
Like puzzle pieces in your eyes
Then I see your face
I know I'm finally yours
I find everything
I thought I lost before
You call my name
I come to you in pieces
So you can make
Me whole
I tried so hard
So hard
I tried so hard
Then I see your face
I know I'm finally yours
I find everything
I thought I lost before
You call my name
I come to you in pieces
So you can make
Me Whole
So you can make
Me whole
",0.0,Pieces,emo,52.0,https://p.scdn.co/mp3-preview/b4f52c11ac2e39f492f7e2729e22c9038bd7558f?cid=b3cdb16d0df2409abf6a8f6c2f6c2e0c,0.0288,93.02,4.0,https://api.spotify.com/v1/tracks/7C0yPWHEwTPQ4xqOz96Aro,track_29,6.0,spotify:track:7C0yPWHEwTPQ4xqOz96Aro,0.0644,track
0.000185,20ZLZhtmAf75W9FpG6o7N9,https://api.spotify.com/v1/audio-analysis/0B3pmm6gmlkYgbJ7HRFBGt,['2iT2Fmot4VzWgdOTgp3j9M'],The Red Jumpsuit Apparatus,"['AD', 'AE', 'AR', 'AT', 'AU', 'BE', 'BG', 'BH', 'BO', 'BR', 'CA', 'CH', 'CL', 'CO', 'CR', 'CY', 'CZ', 'DE', 'DK', 'DO', 'DZ', 'EC', 'EE', 'EG', 'ES', 'FI', 'FR', 'GB', 'GR', 'GT', 'HK', 'HN', 'HU', 'ID', 'IE', 'IL', 'IN', 'IS', 'IT', 'JO', 'JP', 'KW', 'LB', 'LI', 'LT', 'LU', 'LV', 'MA', 'MC', 'MT', 'MX', 'MY', 'NI', 'NL', 'NO', 'NZ', 'OM', 'PA', 'PE', 'PH', 'PL', 'PS', 'PT', 'PY', 'QA', 'RO', 'SA', 'SE', 'SG', 'SK', 'SV', 'TH', 'TN', 'TR', 'TW', 'US', 'UY', 'VN', 'ZA']",BE,0.51,1.0,156787.0,0.996,https://api.spotify.com/v1/tracks/0B3pmm6gmlkYgbJ7HRFBGt,0B3pmm6gmlkYgbJ7HRFBGt,0.211,9.0,0.0321,-2.636,"

Shut my mouth real tight
There's no proof to find on the earth
And the herd squirms
All the worlds pretend
The dim will defend
And I'll sink to the belly
Of the weak again

Drug the living crowd
When you are dead
Throw my name around

The dumb won't make a sound
When you are dead
Ugly dies face down

Don't make a sound
You don't make a sound
Don't make a sound

They will crawl behind
Your little waist and you spin despite
I lose my mind
All the worlds pretend
One dime to go and
I sink to the belly of the weak again



Don't make a sound
You don't make a sound
And die face down
You say it's vile (x3)
And you're right
",1.0,Face Down,emo,23.0,https://p.scdn.co/mp3-preview/b667a3ef18828ea13b3e59f94e8c1bd0f9b7d3bb?cid=b3cdb16d0df2409abf6a8f6c2f6c2e0c,0.167,119.08,4.0,https://api.spotify.com/v1/tracks/0B3pmm6gmlkYgbJ7HRFBGt,track_16,4.0,spotify:track:0B3pmm6gmlkYgbJ7HRFBGt,0.163,track
0.561,4K1SL6j7HUpio0iK3zcuwd,https://api.spotify.com/v1/audio-analysis/2uFxEoD19haHsZvgTLVtBS,['6W2lyFO79SNpk3ZpF0A2s9'],Yellowcard,"['AD', 'AE', 'AR', 'AT', 'AU', 'BE', 'BG', 'BH', 'BO', 'BR', 'CA', 'CH', 'CL', 'CO', 'CR', 'CY', 'CZ', 'DE', 'DK', 'DO', 'DZ', 'EC', 'EE', 'EG', 'ES', 'FI', 'FR', 'GB', 'GR', 'GT', 'HK', 'HN', 'HU', 'ID', 'IE', 'IL', 'IN', 'IS', 'IT', 'JO', 'JP', 'KW', 'LB', 'LI', 'LT', 'LU', 'LV', 'MA', 'MC', 'MT', 'MX', 'MY', 'NI', 'NL', 'NO', 'NZ', 'OM', 'PA', 'PE', 'PH', 'PL', 'PS', 'PT', 'PY', 'QA', 'RO', 'SA', 'SE', 'SG', 'SK', 'SV', 'TH', 'TN', 'TR', 'TW', 'US', 'UY', 'VN', 'ZA']",BE,0.606,1.0,166441.0,0.367,https://api.spotify.com/v1/tracks/2uFxEoD19haHsZvgTLVtBS,2uFxEoD19haHsZvgTLVtBS,0.0,5.0,0.0658,-7.01,"

Soft and smooth with honest love
I could never do enough
To tell you what you mean to me right now
And every time you call me down
And bring me back to solid ground
You're the only one I need around

And you, you're the only one that holds me together
And you, you're my queen, I'll always be your shelter
If that ain't love, I don't know what is
If that ain't love, I don't know what is
If that ain't love, I don't know what is
If that ain't love, I don't know what is
And you, you're the only one that holds me together

I tell it how it is, I don't jump over no obstacles
I've been out in Southern California working on the low
She was there with me while driving down the backroads
Saying that she love me, usually it's a way that I don't know
I was feeling different, ooh boy, I think I'm sold
See I met a girl, out in Orange County
Southern girl that went west a couple years ago
Took her home, to the South with me
She played my song the whole drive to the radio

If that ain't love, I don't know what is
If that ain't love, I don't know what is
If that ain't love, I don't know what is
If that ain't love, I don't know what is
You, you're the only one that holds me together
You, you, you, you, you, you're my queen I'll be your shelter

If that ain't love, I don't know what is
If that ain't love, I don't know what is
If that ain't love, I don't know what is
If that ain't love, I don't know what is
If that ain't love, I don't know what is
If that ain't love, I don't know what is
If that ain't love, I don't know what is
If that ain't love, I don't know what is
",1.0,Only One,emo,20.0,https://p.scdn.co/mp3-preview/c7fc94910bc372b2aeb872bfc91dd1aeecb7fb94?cid=b3cdb16d0df2409abf6a8f6c2f6c2e0c,0.355,84.991,4.0,https://api.spotify.com/v1/tracks/2uFxEoD19haHsZvgTLVtBS,track_29,1.0,spotify:track:2uFxEoD19haHsZvgTLVtBS,0.56,track
0.184,4xsgJS74UkFgI1DE71lnXX,https://api.spotify.com/v1/audio-analysis/3gVDrOZJo1yQmILTT3gOjV,['25tMQOrIU4LlUo6Sv8v5SE'],Jimmy Eat World,"['AT', 'BE', 'BG', 'CH', 'CZ', 'DE', 'DK', 'EE', 'ES', 'FI', 'GR', 'HU', 'IL', 'IT', 'LI', 'LT', 'LU', 'LV', 'NL', 'NO', 'PL', 'PT', 'SE', 'SK', 'TR']",FI,0.522,1.0,227782.0,0.585,https://api.spotify.com/v1/tracks/3gVDrOZJo1yQmILTT3gOjV,3gVDrOZJo1yQmILTT3gOjV,0.0,9.0,0.132,-5.382,"

Hold me close
And don't ever let me go
In your heart I found a home
Somewhere I've never been before
No one knows
Just where they wanna go
Live your life in growing old
Simple songs and same old stories

But we could start a fire
We could start a fire

I feel you in my bones, oh oh oh oh oh
From my head down to my toes, oh oh oh oh oh
And I know it's a long way down
While we're caught inbetween
Won't you stay in the middle with me?

I will keep you warm
When the years make you feel cold
I will follow where you go
I'll be there when you're lonely
I know it's strange
Living life in different ways
I swear, I'd give you all my days if I could

'Cause I feel you in my bones, oh oh oh oh oh
From my head down to my toes, oh oh oh oh oh
And I know it's a long way down
While we're caught inbetween
Won't you stay in the middle with me?

Can we rush in?
I know there's no way the lights go out
When you're so far under my skin
I'll breathe you in
Because the thought of ever losing you
Would surely turn my life to blue

I feel you in my bones, oh oh oh oh oh
From my head down to my toes, oh oh oh oh oh
I know it's a long way down
While we're caught inbetween
Won't you stay in the middle with me?
",0.0,The Middle,emo,64.0,https://p.scdn.co/mp3-preview/f00d027c67777c80bfa20f0b2d1999aca0959075?cid=b3cdb16d0df2409abf6a8f6c2f6c2e0c,0.0409,67.909,4.0,https://api.spotify.com/v1/tracks/3gVDrOZJo1yQmILTT3gOjV,track_17,7.0,spotify:track:3gVDrOZJo1yQmILTT3gOjV,0.347,track
0.0148,02abrECBsxdR3Ywjy1hCuW,https://api.spotify.com/v1/audio-analysis/2wcDfk3TfQg3Jv8gEoTim7,['5aYyPjAsLj7UzANzdupwnS'],Good Charlotte,"['AD', 'AE', 'AR', 'AT', 'AU', 'BE', 'BG', 'BH', 'BO', 'BR', 'CA', 'CH', 'CL', 'CO', 'CR', 'CY', 'CZ', 'DE', 'DK', 'DO', 'DZ', 'EC', 'EE', 'EG', 'ES', 'FI', 'FR', 'GB', 'GR', 'GT', 'HK', 'HN', 'HU', 'ID', 'IE', 'IL', 'IN', 'IS', 'IT', 'JO', 'KW', 'LB', 'LI', 'LT', 'LU', 'LV', 'MA', 'MC', 'MT', 'MX', 'MY', 'NI', 'NL', 'NO', 'NZ', 'OM', 'PA', 'PE', 'PH', 'PL', 'PS', 'PT', 'PY', 'QA', 'RO', 'SA', 'SE', 'SG', 'SK', 'SV', 'TH', 'TN', 'TR', 'TW', 'US', 'UY', 'VN', 'ZA']",FI,0.804,1.0,165947.0,0.832,https://api.spotify.com/v1/tracks/2wcDfk3TfQg3Jv8gEoTim7,2wcDfk3TfQg3Jv8gEoTim7,0.0,10.0,0.107,-4.723,"

I need an alarm system in my house
So I know when people are
Creeping about
These people are
Freaking me out (these days)
It's getting hectic everywhere that I go
They won't leave me alone
There's things they all wanna know
I'm paranoid of all the people I meet
Why are they talking to me?
And why can't anyone see

I just wanna live
Don't really care about the things that they say
Don't really care about what happens to me
I just wanna live
Just wanna live
Just wanna live
Just wanna live
Just wanna live
Just wanna live
Just wanna live

I rock a
Lawsuit when I'm going to court
A white suit when I'm getting divorced
A black suit at the funeral home
And my birthday suit when I'm home alone
Talking on the phone
Got an interview
With the Rolling Stone
They're saying
""Now you're rich and
Now you're famous
Fake-ass girls all know your name and
Lifestyles of the rich and famous
Your first hit aren't you ashamed?""
Of the life
Of the life
Of the life we're living

I just wanna live
Don't really care about the things that they say
Don't really care about what happens to me
I just wanna live

""Stop your messing around boy
Better think of your future
Better make some good plans boy""
Said everyone of my teachers
Lookout!
You better play it safe
You never know what hard times will come your way
We say
Where we're coming from
We've already seen
The worst that this life can bring
Now we expect it everywhere that we go
All the things that they say
Yeah we already know

I just wanna live
Don't really care about the things that they say
Don't really care about what happens to me
Just wanna live
Just wanna live
Just wanna live

(I just wanna live) Just wanna live, just wanna live, just wanna live
(I just wanna live) Just wanna live, just wanna live, just wanna live
(Don't really care about the things that they say)
Just wanna live, just wanna live, just wanna live
(Don't really care about what happens to me)
(I just wanna live)
",0.0,I Just Wanna Live,emo,58.0,https://p.scdn.co/mp3-preview/9a55906d7bc78b4884625f297a16bf45e7b3dde8?cid=b3cdb16d0df2409abf6a8f6c2f6c2e0c,0.0347,111.023,4.0,https://api.spotify.com/v1/tracks/2wcDfk3TfQg3Jv8gEoTim7,track_45,10.0,spotify:track:2wcDfk3TfQg3Jv8gEoTim7,0.9,track
0.0134,7l3v1MPa9GlbxbVJmaVrVd,https://api.spotify.com/v1/audio-analysis/714Lw0m2SmCEhKSPw0Dn8J,['2p4FqHnazRucYQHyDCdBrJ'],Simple Plan,"['JP', 'US']",BE,0.421,1.0,206773.0,0.858,https://api.spotify.com/v1/tracks/714Lw0m2SmCEhKSPw0Dn8J,714Lw0m2SmCEhKSPw0Dn8J,0.0,1.0,0.067,-4.535,"

Do you ever feel like breaking down?
Do you ever feel out of place
Like somehow you just don't belong
And no one understands you?
Do you ever wanna run away?
Do you lock yourself in your room
With the radio on turned up so loud
That no one hears your screaming?

No, you don't know what it's like
When nothing feels alright
You don't know what it's like
To be like me

To be hurt, to feel lost
To be left out in the dark
To be kicked when you're down
To feel like you've been pushed around
To be on the edge of breaking down
And no one's there to save you
No, you don't know what it's like
Welcome to my life

Do you wanna be somebody else?
Are you sick of feeling so left out?
Are you desperate to find something more
Before your life is over?
Are you stuck inside a world you hate?
Are you sick of everyone around?
With their big fake smiles and stupid lies
While deep inside you're bleeding

No, you don't know what it's like
When nothing feels alright
You don't know what it's like
To be like me

To be hurt, to feel lost
To be left out in the dark
To be kicked when you're down
To feel like you've been pushed around
To be on the edge of breaking down
And no one's there to save you
No, you don't know what it's like
Welcome to my life

No one ever lied straight to your face
And no one ever stabbed you in the back
You might think I'm happy, but I'm not gonna be okay
Everybody always gave you what you wanted
You never had to work, it was always there
You don't know what it's like, what it's like

To be hurt, to feel lost
To be left out in the dark
To be kicked when you're down
To feel like you've been pushed around
To be on the edge of breaking down
And no one's there to save you
No, you don't know what it's like (What it's like)
To be hurt, to feel lost
To be left out in the dark
To be kicked when you're down
To feel like you've been pushed around
To be on the edge of breaking down
And no one's there to save you
No, you don't know what it's like
Welcome to my life
Welcome to my life
Welcome to my life
",1.0,Welcome To My Life,emo,61.0,https://p.scdn.co/mp3-preview/3c5d0c1e8f9385ebdedecb37eda8b389ba00695c?cid=b3cdb16d0df2409abf6a8f6c2f6c2e0c,0.0963,173.255,4.0,https://api.spotify.com/v1/tracks/714Lw0m2SmCEhKSPw0Dn8J,track_3,2.0,spotify:track:714Lw0m2SmCEhKSPw0Dn8J,0.491,track
0.779,2FT8k9dGhsvQkbhRSxSnlf,https://api.spotify.com/v1/audio-analysis/3B2R28D7wNeS2TnG93PZpa,['1vNO9E8kXwjfBQXw4i0tOw'],Blink-182,"['AD', 'AE', 'AR', 'AT', 'AU', 'BE', 'BG', 'BH', 'BO', 'BR', 'CA', 'CH', 'CL', 'CO', 'CR', 'CY', 'CZ', 'DE', 'DK', 'DO', 'DZ', 'EC', 'EE', 'EG', 'ES', 'FI', 'FR', 'GB', 'GR', 'GT', 'HK', 'HN', 'HU', 'ID', 'IE', 'IL', 'IN', 'IS', 'IT', 'JO', 'JP', 'KW', 'LB', 'LI', 'LT', 'LU', 'LV', 'MA', 'MC', 'MT', 'MX', 'MY', 'NI', 'NL', 'NO', 'NZ', 'OM', 'PA', 'PE', 'PH', 'PL', 'PS', 'PT', 'PY', 'QA', 'RO', 'SA', 'SE', 'SG', 'SK', 'SV', 'TH', 'TN', 'TR', 'TW', 'US', 'UY', 'VN', 'ZA']",BE,0.589,1.0,221675.0,0.54,https://api.spotify.com/v1/tracks/3B2R28D7wNeS2TnG93PZpa,3B2R28D7wNeS2TnG93PZpa,0.0,2.0,0.769,-20.807,"
One time, in L.A., Kanye West came to one of my shows and I was so psyched. I’m such a huge Kanye West fan and everything he did to me was so funny. Like he was in the bathroom for a very long time and he came out he was like “Yo I was on an important phone call, I wasn’t taking a shit.” But um when he was leaving his was like, “Yo man, we should hang out sometime. That’d be cool right?” I was like, “Yeah that’d be crazy. I’m such huge fan that’d be awesome.” So this is the story of the first time I hung out with Kanye West: So he texts me and was like “Yo we’re at this club. Come down.” So I got my friend Jason, who is another guy who does not look like he belongs in a hip hop night club, and we head over there right. We get there and get to the club and they’re like, “Yo, we’re at capacity” and I was like, “Well Kanye West told me to come down.” And he was like, “Somebody’s gonna have to come and get you.” (laughs to himself) And so I texted Kanye and I was like, “They’re at capacity, someone has gotta come get me.” And before I could even hit send he sent me another text that said, (says in stern voice) “On my way”. He comes out and he was like (points and signals for them to go with him) and we go in and it was really cool for him to come get us and we go inside and he’s sitting at a table with Jay-Z and all these models and stuff and we just did not belong there. If someone took a photo of that table you’d be like, “Who photoshopped those two dudes in there? That was a really good job.” And you know, Jay-Z is there and he’s drinking vodka that he makes. How baller is that? Jay-Z signs the tab and money went back into his own pocket. He was like “You’re crazy for this one J, Hold! Pshhh.” And so Kanye eventually goes, “Hey man, we’re going back to the crib, wanna come down?” And we were like, “Yeah that’d be awesome, that’d be crazy to see your house.” So me and Jason get there early and there’s no one really there and we walk in and I hear 808’s and Heartbreak playing, which is his album. And I walk up and I see him sitting on the couch and he’s like (bops head to imaginary beat). I was like, “Yo man, are you listening to your own album, in your own house, bopping your own head?” And he goes “Yeah, these beats are dope.” And I go, “That’d be like if I had a stand up album and you came over to my house and I was listening to my jokes going hhahhah and I say, these jokes are dope.” And we’re talking about music or something on the radio and he cut me off and he said the greatest thing I will hear in my whole life he said, “Hold on a second, I’m gonna go look over there in the telescope at the girl with the big titties.” (acts like walking in opposite direction) And then later on he was talking about coming to my show and he was like, “Man I had a good time at your show” and I was like, “Yeah, thank you for coming” and he was like, “Aw man, you know what you need to do tonight? You need to do some of your jokes.” And I was like, “Oh man, you know what I need to do tonight? Not do that.” But he kept bringing it up like, “Come on man please, we need some jokes man it would be really cool.” And after a couple more drinks I was like, “Fuck it! I’ll do some jokes!” And next thing you know my friend Jason is like, “This next comedian coming to the stage” and I come into the living room and he’s got like thirty people arranged in his living room and I’m like telling my jokes and it was a nightmare situation for a comedian. But everyone was very nice and quiet and they listened and laughed. My favorite part was every now and then someone would be in the kitchen like making a drink or something like that and they’d make a little noise and Kanye would be like, “Yo shut the fuck up, my homie’s over here trying to tell some jokes!” Which is the best thing somebody’s ever said at a comedy show.
",1.0,First Date,emo,12.0,https://p.scdn.co/mp3-preview/f4e2769d482694d87b1be31aa04df08455e559af?cid=b3cdb16d0df2409abf6a8f6c2f6c2e0c,0.926,52.187,5.0,https://api.spotify.com/v1/tracks/3B2R28D7wNeS2TnG93PZpa,track_13,6.0,spotify:track:3B2R28D7wNeS2TnG93PZpa,0.136,track
0.0098,4sgYpkIASM1jVlNC8Wp9oF,https://api.spotify.com/v1/audio-analysis/1yjY7rpaAQvKwpdUliHx0d,['74XFHRwlV6OrjEM0A2NCMF'],Paramore,"['AE', 'AR', 'AT', 'AU', 'BE', 'BG', 'BH', 'BO', 'BR', 'CA', 'CH', 'CL', 'CO', 'CR', 'CY', 'CZ', 'DE', 'DK', 'DO', 'DZ', 'EC', 'EE', 'EG', 'ES', 'FI', 'FR', 'GB', 'GR', 'GT', 'HK', 'HN', 'HU', 'ID', 'IE', 'IL', 'IS', 'IT', 'JO', 'JP', 'KW', 'LB', 'LT', 'LU', 'LV', 'MA', 'MT', 'MX', 'MY', 'NI', 'NL', 'NO', 'NZ', 'OM', 'PA', 'PE', 'PH', 'PL', 'PT', 'PY', 'QA', 'RO', 'SA', 'SE', 'SG', 'SK', 'SV', 'TH', 'TN', 'TR', 'TW', 'US', 'UY', 'VN', 'ZA']",BE,0.602,1.0,216013.0,0.923,https://api.spotify.com/v1/tracks/1yjY7rpaAQvKwpdUliHx0d,1yjY7rpaAQvKwpdUliHx0d,0.0,5.0,0.0561,-3.763,"

Can't count the years on one hand
That we've been together
I need the other one to hold you
Make you feel, make you feel better
It's not a walk in the park
To love each other
But when our fingers interlock
Can't deny, can't deny you're worth it
Cause after all this time, I'm still into you

I should be over all the butterflies
But I'm into you (I'm into you)
And baby even on our worst nights
I'm into you (I'm into you)
Let 'em wonder how we got this far
Cause I don't really need to wonder at all
Yeah after all this time I'm still into you

Recount the night that I first met your mother
And on the drive back to my house
I told you that, I told you that I loved ya
You felt the weight of the world
Fall off your shoulder
And to your favorite song
We sang along to the start of forever
And after all this time, I'm still into you

I should be over all the butterflies
But I'm into you (I'm into you)
And baby even on our worst nights
I'm into you (I'm into you)
Let 'em wonder how we got this far
Cause I don't really need to wonder at all
Yeah after all this time I'm still into you

Some things just, some things just make sense
And one of those is you and I
Some things just, some things just make sense
And even after all this time
I'm into you
Baby not a day goes by
That I'm not into you

I should be over all the butterflies
But I'm into you (I'm into you)
And baby even on our worst nights
I'm into you (I'm into you)
Let 'em wonder how we got this far
Cause I don't really need to wonder at all
Yeah after all this time I'm still into you

I'm still into you
I'm still into you
",1.0,Still Into You,emo,73.0,https://p.scdn.co/mp3-preview/e58479c66349d2bfac3afc07e34bd9caa85f16e0?cid=b3cdb16d0df2409abf6a8f6c2f6c2e0c,0.044,136.01,4.0,https://api.spotify.com/v1/tracks/1yjY7rpaAQvKwpdUliHx0d,track_18,9.0,spotify:track:1yjY7rpaAQvKwpdUliHx0d,0.765,track
0.0316,41pouTN0IXwAy07c5bLmpX,https://api.spotify.com/v1/audio-analysis/7N3C2kXKZe1IJeJo3mrnAV,['2Fe88RexUZSpwGxgpaR5uz'],My Chemical Romance,"['AD', 'AE', 'AR', 'AT', 'AU', 'BE', 'BG', 'BH', 'BO', 'BR', 'CA', 'CH', 'CL', 'CO', 'CR', 'CY', 'CZ', 'DE', 'DK', 'DO', 'DZ', 'EC', 'EE', 'EG', 'ES', 'FI', 'FR', 'GB', 'GR', 'GT', 'HK', 'HN', 'HU', 'ID', 'IE', 'IL', 'IN', 'IS', 'IT', 'JO', 'JP', 'KW', 'LB', 'LI', 'LT', 'LU', 'LV', 'MA', 'MC', 'MT', 'MX', 'MY', 'NI', 'NL', 'NO', 'NZ', 'OM', 'PA', 'PE', 'PH', 'PL', 'PS', 'PT', 'PY', 'QA', 'RO', 'SA', 'SE', 'SG', 'SK', 'SV', 'TH', 'TN', 'TR', 'TW', 'US', 'UY', 'VN', 'ZA']",BE,0.759,1.0,241373.0,0.603,https://api.spotify.com/v1/tracks/7N3C2kXKZe1IJeJo3mrnAV,7N3C2kXKZe1IJeJo3mrnAV,0.000112,6.0,0.112,-8.736,"

In my parent's house at the bar
Quiet as a mouse if I get home after dark
We don't need anything
I don't need no persuasion
Lets go behind the gym and act like teenagers

Making eyes across the room
Planning my journey so that I bump into you
I caught two buses it took ages
Girl I'm crushing lets act like teenagers

Wrote you a note
Sealed it with a complicated fold
Made you a tape
Okay CDs were not that old
Ride our bikes to our friends' places
Ignore our friends and act like teenagers

Holding hands
I can't hold it in
My  really bad
I'm just  to voice them in
I need your face where my face is
You know the place
Let's act like teenagers

Hold me hold me like a teenager
Like a teenager hold me like a teenager
Love me love me like a teenager
Like a teenager love me like a teenager
Hold me hold me like a teenager
Like a teenager hold me like a teenager
Love me love me like a teenager
Like a teenager love me like a teenager
Hold me hold me like a teenager
Like a teenager hold me like a teenager

Wrote you a note
Sealed it with a complicated fold
Made you a tape
Okay CDs were not that old
Ride our bikes to our friends' places
Ignore our friends and act like teenagers

Teenagers teenagers
Teenagers
Teenagers teenagers
Teenagers
Teenagers teenagers
Teenagers
",0.0,Teenagers,emo,38.0,https://p.scdn.co/mp3-preview/997ad8900fab19285c3a06c444de4795784e2732?cid=b3cdb16d0df2409abf6a8f6c2f6c2e0c,0.0393,115.034,4.0,https://api.spotify.com/v1/tracks/7N3C2kXKZe1IJeJo3mrnAV,track_6,4.0,spotify:track:7N3C2kXKZe1IJeJo3mrnAV,0.482,track
0.764,2Q9oTK48eb85waX1fFJsvj,https://api.spotify.com/v1/audio-analysis/1Vqcqt1QwfjWqWXIlDGaMZ,['1KCSPY1glIKqW2TotWuXOR'],Boys Like Girls,"['AD', 'AE', 'AR', 'AT', 'AU', 'BE', 'BG', 'BH', 'BO', 'BR', 'CH', 'CL', 'CO', 'CR', 'CY', 'CZ', 'DE', 'DK', 'DO', 'DZ', 'EC', 'EE', 'EG', 'ES', 'FI', 'FR', 'GB', 'GR', 'GT', 'HK', 'HN', 'HU', 'ID', 'IE', 'IL', 'IN', 'IS', 'IT', 'JO', 'JP', 'KW', 'LB', 'LI', 'LT', 'LU', 'LV', 'MA', 'MC', 'MT', 'MY', 'NI', 'NL', 'NO', 'NZ', 'OM', 'PA', 'PE', 'PH', 'PL', 'PS', 'PT', 'PY', 'QA', 'RO', 'SA', 'SE', 'SG', 'SK', 'SV', 'TH', 'TN', 'TR', 'TW', 'UY', 'VN', 'ZA']",BE,0.383,1.0,264187.0,0.359,https://api.spotify.com/v1/tracks/1Vqcqt1QwfjWqWXIlDGaMZ,1Vqcqt1QwfjWqWXIlDGaMZ,0.0,10.0,0.106,-6.893,"

I can understand how the edges are rough
And they cut you like the tiniest slivers of glass
And you feel too much
And you don't know how long you're gonna last

But everyone you know, is trying to smooth it over
Find a way to make the hurt go away
But everyone you know, is trying to smooth it over
Like you're trying to scream underwater

But, I won't let you make the great escape
I'm never gonna watch you checking out of this place
I'm not gonna lose you
Cause the passion and the pain
Are gonna keep you alive someday
Gonna keep you alive someday

I feel like I could wave my fist in front of your face
And you wouldn't flinch or even feel a thing
And you've retreated to your silent corner
Like you decided the fight was over for ya

But everyone you know, is trying to smooth it over
Find a way to make the hurt go away
But everyone you know, is trying to smooth it over
Everyone needs a floor they can fall through

But, I won't let you make the great escape
I'm never gonna watch you checking out of this place
I'm not gonna lose you
Cause the passion and the pain
Are gonna keep you alive someday
They're gonna keep you alive someday

Oh, terrified of the dark, but not if you go with me
And I won't need a pill to make me numb
And I wrote the book on running
But that chapter of my life will soon be done, oh

I'm the king of the great escape
You're not gonna watch me checking out of this place
You're not gonna lose me
Cause the passion and pain
Are gonna keep us alive, someday
Yeah the passion and the pain
Are gonna keep us alive someday, someday
",1.0,The Great Escape,emo,47.0,https://p.scdn.co/mp3-preview/66b7030bb1b31e523dcb365a6fc948f454a040d1?cid=b3cdb16d0df2409abf6a8f6c2f6c2e0c,0.0278,78.732,4.0,https://api.spotify.com/v1/tracks/1Vqcqt1QwfjWqWXIlDGaMZ,track_10,13.0,spotify:track:1Vqcqt1QwfjWqWXIlDGaMZ,0.298,track
0.923,4guW5WPxFzHrXg04FPC9v9,https://api.spotify.com/v1/audio-analysis/2ndWbjiiNBEOrlfToKlABE,['0YrtvWJMgSdVrk3SfNjTbx'],Death Cab for Cutie,"['AD', 'AE', 'AR', 'AT', 'AU', 'BE', 'BG', 'BH', 'BO', 'BR', 'CA', 'CH', 'CL', 'CO', 'CR', 'CY', 'CZ', 'DE', 'DK', 'DO', 'DZ', 'EC', 'EE', 'EG', 'ES', 'FI', 'FR', 'GB', 'GR', 'GT', 'HK', 'HN', 'HU', 'ID', 'IE', 'IL', 'IS', 'IT', 'JO', 'JP', 'KW', 'LB', 'LT', 'LU', 'LV', 'MA', 'MC', 'MT', 'MX', 'MY', 'NI', 'NL', 'NO', 'NZ', 'OM', 'PA', 'PE', 'PH', 'PL', 'PT', 'PY', 'QA', 'RO', 'SA', 'SE', 'SG', 'SK', 'SV', 'TH', 'TN', 'TR', 'TW', 'UY', 'VN', 'ZA']",BE,0.581,1.0,189400.0,0.163,https://api.spotify.com/v1/tracks/2ndWbjiiNBEOrlfToKlABE,2ndWbjiiNBEOrlfToKlABE,0.0,5.0,0.118,-14.686,"

Love of mine
Someday you will die
But I'll be close behind
I'll follow you into the dark
No blinding light
Or tunnels to gates of white
Just our hands clasped so tight
Waiting for the hint of a spark

If Heaven and Hell decide that they both are satisfied
Illuminate the ""No""s on their Vacancy signs
If there's no one beside you when your soul embarks
Then I'll follow you into the dark

In Catholic school, as vicious as Roman rule
I got my knuckles bruised by a lady in black
And I held my tongue as she told me, ""Son
Fear is the heart of love,"" so I never went back

If Heaven and Hell decide that they both are satisfied
Illuminate the ""No""s on their Vacancy signs
If there's no one beside you when your soul embarks
Then I'll follow you into the dark

You and me have seen everything to see
From Bangkok to Calgary
And the soles of your shoes are all worn down
The time for sleep is now
It's nothing to cry about
'Cause we'll hold each other soon
In the blackest of rooms

And if Heaven and Hell decide that they both are satisfied
And illuminate the ""No""s on their Vacancy signs
If there's no one beside you when your soul embarks
Then I'll follow you into the dark

Then I'll follow you into the dark
",1.0,I Will Follow You Into The Dark,emo,66.0,https://p.scdn.co/mp3-preview/3ec4d60fbf25011995a35e3b516f5b5ceaae1906?cid=b3cdb16d0df2409abf6a8f6c2f6c2e0c,0.0447,77.748,4.0,https://api.spotify.com/v1/tracks/2ndWbjiiNBEOrlfToKlABE,track_16,5.0,spotify:track:2ndWbjiiNBEOrlfToKlABE,0.475,track
9.43e-05,3UoOO8m0oxxvUHXUKf3qcZ,https://api.spotify.com/v1/audio-analysis/0UY4FvG4f9JI6kBR1BlWrZ,['74XFHRwlV6OrjEM0A2NCMF'],Paramore,"['AD', 'AE', 'AR', 'AT', 'AU', 'BE', 'BG', 'BH', 'BO', 'BR', 'CA', 'CH', 'CL', 'CO', 'CR', 'CY', 'CZ', 'DE', 'DK', 'DO', 'DZ', 'EC', 'EE', 'EG', 'ES', 'FI', 'FR', 'GB', 'GR', 'GT', 'HK', 'HN', 'HU', 'ID', 'IE', 'IL', 'IS', 'IT', 'JO', 'JP', 'KW', 'LB', 'LI', 'LT', 'LU', 'LV', 'MA', 'MC', 'MT', 'MX', 'MY', 'NI', 'NL', 'NO', 'NZ', 'OM', 'PA', 'PE', 'PH', 'PL', 'PS', 'PT', 'PY', 'QA', 'RO', 'SA', 'SE', 'SG', 'SK', 'SV', 'TH', 'TN', 'TR', 'TW', 'UY', 'VN', 'ZA']",FI,0.528,1.0,220480.0,0.831,https://api.spotify.com/v1/tracks/0UY4FvG4f9JI6kBR1BlWrZ,0UY4FvG4f9JI6kBR1BlWrZ,0.0,8.0,0.141,-3.607,"

No sir
Well, I don't wanna be the blame, not anymore
It's your turn
So take a seat, we're settling the final score
And why do we like to hurt so much?
I can't decide
You have made it harder just to go on
And why? All the possibilities
Well, I was wrong

That's what you get when you let your heart win, woah
That's what you get when you let your heart win, woah
I drowned out all my sense with the sound of its beating
And that's what you get when you let your heart win, woah

I wonder
How am I supposed to feel when you're not here?
Cause I burned every bridge I ever built when you were here
I still try holding onto silly things, I never learn
Oh, why?
All the possibilities
I'm sure you've heard

That's what you get when you let your heart win, woah
That's what you get when you let your heart win, woah
I drowned out all my sense with the sound of its beating
And that's what you get when you let your heart win, woah

Pain, make your way to me, to me
And I'll always be just so inviting
If I ever start to think straight
This heart will start a riot in me
Let's start, start, hey!

Why do we like to hurt so much?
Oh, why do we like to hurt so much?
That's what you get when you let your heart win, woah

That's what you get when you let your heart win, woah
That's what you get when you let your heart win, woah
Now, I can't trust myself with anything but this
And that's what you get when you let your heart win, woah
",1.0,That's What You Get,emo,63.0,https://p.scdn.co/mp3-preview/0337f672995d0f59bb87a13737055d2ee812988e?cid=b3cdb16d0df2409abf6a8f6c2f6c2e0c,0.0429,131.094,3.0,https://api.spotify.com/v1/tracks/0UY4FvG4f9JI6kBR1BlWrZ,track_40,2.0,spotify:track:0UY4FvG4f9JI6kBR1BlWrZ,0.632,track
0.0973,3cPb7WoJvMKZdJNL9nU2UT,https://api.spotify.com/v1/audio-analysis/7v5fIXqgB0nd5KgekRDe4M,"['5AUTN6tMncnOnYgJK1VM6K', '5bzWtCkjIAMgN93gLt56SO', '6veh5zbFpm31XsPdjBgPER', '6qFbBE8ubS4NxtxVPytxG5']",Simple Plan,"['AD', 'AE', 'AR', 'AT', 'AU', 'BE', 'BG', 'BH', 'BO', 'BR', 'CA', 'CH', 'CL', 'CO', 'CR', 'CY', 'CZ', 'DE', 'DK', 'DO', 'DZ', 'EC', 'EE', 'EG', 'ES', 'FI', 'FR', 'GB', 'GR', 'GT', 'HK', 'HN', 'HU', 'ID', 'IE', 'IL', 'IN', 'IS', 'IT', 'JO', 'JP', 'KW', 'LB', 'LI', 'LT', 'LU', 'LV', 'MA', 'MC', 'MT', 'MX', 'MY', 'NI', 'NL', 'NO', 'NZ', 'OM', 'PA', 'PE', 'PH', 'PL', 'PS', 'PT', 'PY', 'QA', 'RO', 'SA', 'SE', 'SG', 'SK', 'SV', 'TH', 'TN', 'TR', 'TW', 'US', 'UY', 'VN', 'ZA']",FI,0.848,1.0,208333.0,0.809,https://api.spotify.com/v1/tracks/7v5fIXqgB0nd5KgekRDe4M,7v5fIXqgB0nd5KgekRDe4M,0.0024,7.0,0.346,-2.075,"

Oh, oh, oh (vai)
Oh, oh (hmm)
Agora, agora vai

I wanna dance
All in a trance
All over, 'round the world
'Cause I want to, I want to
I wanna dance
All in a trance
All over, 'round the world
'Cause I want to, I want to

One time for the girls that's marching forward
Two times for the boys that's walking forward
Three times for the ones, do what they want to
Each time, when am I do what I want to

I can do what I want to, I'm so nonchalant too
We global, from L.A. to Paris, São Paulo
Eu faço o que eu quero, eu sou muito loc'
Tô no mundo inteiro, São Paulo pro top'

You're perfect (Oh, oh, oh)
Now work it (Oh, oh, oh)
You're perfect (Oh, oh, oh)
All around the world
You're perfect (Oh, oh, oh)
Now work it (Oh, oh, oh)
You're perfect (Oh, oh, oh)
All around the (Ih caraca!)

Hey (vai), hey (vai), hey (vai), hey (vai), hey (vai), hey (vai)
All around the
Hey (vai), hey (vai), hey (vai), hey (vai), hey (vai), hey (vai)
All around the (Ih caraca!)

I wanna dance
All in a trance
All over, 'round the world
'Cause I want to, I want to
I wanna dance
All in a trance
All over, 'round the world
'Cause I want to, I want to

All of the things I want, no need to hide from
No need to hide from, set my soul on fire from (up, up)
All of the things I want I'm willing to die for
Willing to die for, I've been willing to die for

I can do what I want to, I'm so nonchalant too
We global, from LA to Paris, São Paulo
Eu faço o que eu quero, eu sou muito loc'
Tô no mundo inteiro, São Paulo pro top'

You're perfect (Oh, oh, oh)
Now work it (Oh, oh, oh)
You're perfect (Oh, oh, oh)
All around the world
You're perfect (Oh, oh, oh)
Now work it (Oh, oh, oh)
You're perfect (Oh, oh, oh)
All around the (Ih caraca!)

Hey (vai), hey (vai), hey (vai), hey (vai), hey (vai), hey (vai)
All around the
Hey (vai), hey (vai), hey (vai), hey (vai), hey (vai), hey (vai)
All around the (Ih caraca!)

Oh, oh, oh, oh, oh, oh, oh (vai)
Oh, oh, oh, oh, oh
Agora, agora vai
Oh, oh, oh, oh, oh, oh, oh (vai)
Oh, oh, oh, oh, oh
Agora, agora vai

You're perfect (Oh, oh, oh)
Now work it (Oh, oh, oh)
You're perfect (Oh, oh, oh)
All around the world
You're perfect (Oh, oh, oh)
Now work it (Oh, oh, oh)
You're perfect (Oh, oh, oh)
All around the
World

World, world, world, world, world, world, world, world
Hey (vai), hey (vai), hey (vai), hey (vai), hey (vai), hey (vai)
All around the
World, world, world, world, world, world, world, world
Hey (vai), hey (vai), hey (vai), hey (vai), hey (vai), hey (vai)
Nós tá no mundo inteiro
",1.0,Perfect,emo,52.0,https://p.scdn.co/mp3-preview/8e4d360b16017f873a15d789a9db209ed026c90e?cid=b3cdb16d0df2409abf6a8f6c2f6c2e0c,0.0646,128.08,4.0,https://api.spotify.com/v1/tracks/7v5fIXqgB0nd5KgekRDe4M,track_33,1.0,spotify:track:7v5fIXqgB0nd5KgekRDe4M,0.912,track
0.00392,5h3QG2CVdvjDYdnQjDD26H,https://api.spotify.com/v1/audio-analysis/77thsdJI4T9KEYokz2IWWG,['0YrtvWJMgSdVrk3SfNjTbx'],Death Cab for Cutie,"['AD', 'AE', 'AR', 'AT', 'AU', 'BE', 'BG', 'BH', 'BO', 'BR', 'CA', 'CH', 'CL', 'CO', 'CR', 'CY', 'CZ', 'DE', 'DK', 'DO', 'DZ', 'EC', 'EE', 'EG', 'ES', 'FI', 'FR', 'GB', 'GR', 'GT', 'HK', 'HN', 'HU', 'ID', 'IE', 'IL', 'IN', 'IS', 'IT', 'JO', 'JP', 'KW', 'LB', 'LI', 'LT', 'LU', 'LV', 'MA', 'MC', 'MT', 'MX', 'MY', 'NI', 'NL', 'NO', 'NZ', 'OM', 'PA', 'PE', 'PH', 'PL', 'PS', 'PT', 'PY', 'QA', 'RO', 'SA', 'SE', 'SG', 'SK', 'SV', 'TH', 'TN', 'TR', 'TW', 'US', 'UY', 'VN', 'ZA']",FI,0.382,1.0,246373.0,0.746,https://api.spotify.com/v1/tracks/77thsdJI4T9KEYokz2IWWG,77thsdJI4T9KEYokz2IWWG,0.00177,0.0,0.124,-7.852,"

So this is the new year
And I don't feel any different
The clanking of crystal
Explosions off in the distance
In the distance

So this is the new year
And I have no resolutions
No self-assigned penance
For problems with easy solutions

So everybody put your best suit or dress on
Let's make believe that we are wealthy for just this once
Lighting firecrackers off on the front lawn
As thirty dialogs bleed into one

I wish the world was flat like the old days
Then I could travel just by folding a map
No more airplanes, or speed trains, or freeways
There'd be no distance that could hold us back

There'd be no distance that could hold us back
There'd be no distance that could hold us back

So this is the new year
So this is the new year
So this is the new year
So this is the new year
",0.0,The New Year,emo,34.0,https://p.scdn.co/mp3-preview/6f7bacf7f41bf571de6b1b68df809e9e63d39387?cid=b3cdb16d0df2409abf6a8f6c2f6c2e0c,0.0398,123.566,4.0,https://api.spotify.com/v1/tracks/77thsdJI4T9KEYokz2IWWG,track_37,1.0,spotify:track:77thsdJI4T9KEYokz2IWWG,0.192,track
0.905,2NBVxjZcbH5H1N1Ab2ExDH,https://api.spotify.com/v1/audio-analysis/3PbV3ocgAp3Xn0omGFC0cG,['7pbDxGE6nQSZVfiFdq9lOL'],Simple Plan,"['AD', 'AE', 'AR', 'AT', 'AU', 'BE', 'BG', 'BH', 'BO', 'BR', 'CA', 'CH', 'CL', 'CO', 'CR', 'CY', 'CZ', 'DE', 'DK', 'DO', 'DZ', 'EC', 'EE', 'EG', 'ES', 'FI', 'FR', 'GB', 'GR', 'GT', 'HK', 'HN', 'HU', 'ID', 'IE', 'IL', 'IN', 'IS', 'IT', 'JO', 'JP', 'KW', 'LB', 'LI', 'LT', 'LU', 'LV', 'MA', 'MC', 'MT', 'MX', 'MY', 'NI', 'NL', 'NO', 'NZ', 'OM', 'PA', 'PE', 'PH', 'PL', 'PT', 'PY', 'QA', 'RO', 'SA', 'SE', 'SG', 'SK', 'SV', 'TH', 'TN', 'TR', 'TW', 'US', 'UY', 'VN', 'ZA']",FI,0.567,1.0,135707.0,0.199,https://api.spotify.com/v1/tracks/3PbV3ocgAp3Xn0omGFC0cG,3PbV3ocgAp3Xn0omGFC0cG,0.0,9.0,0.131,-9.601,"

I make enough mistakes
And it feels like she's the only one that hears the things I say
So if for any reason there's some miscommunication or I'm lying to her face
My immaturity and habits getting in the way
'Cause I can barely breathe and I don't know how I'll explain myself this time
Wish it wasn't a case of ""this time""
But why can't I be any other boy
That doesn't need a hand in love?
Someone that I would trust
But how did I fail
To give you all the love that you deserve?
When you're the only thing that's worth
What life is worth
And I don't mind if you hate me
'Cause baby if I were you I would probably hate me too
I said that I don't mind if you hate me
'Cause baby if I were you I would probably hate me too
(Whistle)
",1.0,Untitled,emo,70.0,https://p.scdn.co/mp3-preview/e14340e0dd2f8ceccab466662ef7681dc9d0665e?cid=b3cdb16d0df2409abf6a8f6c2f6c2e0c,0.101,83.827,5.0,https://api.spotify.com/v1/tracks/3PbV3ocgAp3Xn0omGFC0cG,track_10,5.0,spotify:track:3PbV3ocgAp3Xn0omGFC0cG,0.329,track
0.00107,3W6TEVlmaP22E4KvWY9HrS,https://api.spotify.com/v1/audio-analysis/6otiaV2fagE3s8IvP6WkwG,['2p4FqHnazRucYQHyDCdBrJ'],Simple Plan,"['AD', 'AE', 'AR', 'AT', 'AU', 'BE', 'BG', 'BH', 'BO', 'BR', 'CA', 'CH', 'CL', 'CO', 'CR', 'CY', 'CZ', 'DE', 'DK', 'DO', 'DZ', 'EC', 'EE', 'EG', 'ES', 'FI', 'FR', 'GB', 'GR', 'GT', 'HK', 'HN', 'HU', 'ID', 'IE', 'IL', 'IS', 'IT', 'JO', 'JP', 'KW', 'LB', 'LI', 'LT', 'LU', 'LV', 'MA', 'MC', 'MT', 'MX', 'MY', 'NI', 'NL', 'NO', 'NZ', 'OM', 'PA', 'PE', 'PH', 'PL', 'PS', 'PT', 'PY', 'QA', 'RO', 'SA', 'SE', 'SG', 'SK', 'SV', 'TH', 'TN', 'TR', 'TW', 'US', 'UY', 'VN', 'ZA']",BE,0.527,1.0,198333.0,0.834,https://api.spotify.com/v1/tracks/6otiaV2fagE3s8IvP6WkwG,6otiaV2fagE3s8IvP6WkwG,0.000102,1.0,0.0993,-5.531,"

I woke up, it was 7
I waited 'til 11
Just to figure out that no one would call
I think I've got a lot of friends, but I don't hear from them
What's another night all alone?
When you're spending everyday on your own
And here it goes

I'm just a kid and life is a nightmare
I'm just a kid, I know that it's not fair
Nobody cares, 'cause I'm alone and the world is
Having more fun than me
Tonight

And maybe when the night is dead
I'll crawl into my bed
I'm staring at these four walls again
I'll try to think about the last time I had a good time
Everyone's got somewhere to go
And they're gonna leave me here on my own
And here it goes

I'm just a kid and life is a nightmare
I'm just a kid, I know that it's not fair
Nobody cares, 'cause I'm alone and the world is
Having more fun than me

What the hell is wrong with me?
Don't fit in with anybody
How did this happen to me?
Wide awake I'm bored and I can't fall asleep
And every night is the worst night ever

I'm just a kid
I'm just a kid
I'm just a kid
I'm just a kid
Yeah, I'm just a kid, I'm just a kid, I'm just a kid
And I'm just a kid, I'm just a kid, I'm just a kid

I'm just a kid and life is a nightmare
I'm just a kid, I know that it's not fair
Nobody cares, 'cause I'm alone and the world is
Nobody wants to be alone in the world
I'm just a kid and life is a nightmare
I'm just a kid, I know that it's not fair
Nobody cares, 'cause I'm alone and the world is
Nobody wants to be alone in the world
Nobody cares, 'cause I'm alone and the world is
Having more fun than me tonight

I'm all alone tonight
Nobody cares tonight
'Cause I'm just a kid tonight
",1.0,I'm Just A Kid,emo,70.0,https://p.scdn.co/mp3-preview/bbe56bd222c21d99f0bc4a4aaee398cc7fdc2791?cid=b3cdb16d0df2409abf6a8f6c2f6c2e0c,0.0447,110.065,4.0,https://api.spotify.com/v1/tracks/6otiaV2fagE3s8IvP6WkwG,track_6,4.0,spotify:track:6otiaV2fagE3s8IvP6WkwG,0.422,track
0.0134,0NBn1kuqG5isflfFY9tbud,https://api.spotify.com/v1/audio-analysis/6736wD8j2vi0XDxoNRI4Nk,['0vWCyXMrrvMlCcepuOJaGI'],Boys Like Girls,"['AT', 'AU', 'CA', 'CH', 'GB', 'HK', 'ID', 'IN', 'JP', 'LI', 'MX', 'MY', 'NZ', 'PH', 'SG', 'TH', 'TW', 'US', 'VN']",BE,0.425,1.0,227520.0,0.976,https://api.spotify.com/v1/tracks/6736wD8j2vi0XDxoNRI4Nk,6736wD8j2vi0XDxoNRI4Nk,0.0,10.0,0.169,-3.009,"

Hey, hey, hey, hey!

Top down in the summer sun
The day we met was like a hit-and-run
And I still taste it on my tongue (taste it on my tongue)
The sky was burning up like fireworks
You made me want you oh so bad, it hurt
But girl, in case you haven't heard

I used to be love drunk, but now I'm hungover
I'll love you forever, forever is over
We used to kiss all night, now it's just a bar fight
So don't call me crying, say hello to goodbye (oh, yeah)
'Cause just one sip (oh, yeah) would make me sick
I used to be love drunk, but now I'm hungover
I'll love you forever, but now it's over

Hot sweat and blurry eyes
We're spinnin' 'round a roller coaster ride
The world stuck in black and white (stuck in black and white)
You drove me crazy every time we touched
Now I'm so broken that I can't get up
Oh, girl, you make me such a lush

I used to be love drunk, but now I'm hungover
I'll love you forever, forever is over
We used to kiss all night, now it's just a bar fight
So don't call me crying, say hello to goodbye (oh, yeah)
'Cause just one sip (oh, yeah) would make me sick
I used to be love drunk, but now I'm hungover
I'll love you forever, but now it's over

All the time I wasted on you
All the bullshit you put me through
Checking into rehab 'cause everything that we had
Didn't mean a thing to you

I used to be love drunk, but now I'm hungover
I'll love you forever, but now I'm sober

I used to be love drunk, but now I'm hungover
I'll love you forever, forever is over
We used to kiss all night, now it's just a bar fight
So don't call me crying, say hello to goodbye (oh, yeah)
'Cause just one sip (oh, yeah) would make me sick
I used to be love drunk, but now I'm hungover
I'll love you forever, but now it's over

Na-na-na-na-na-na-na-na-na-na
Now it's over
Still taste it on my tongue
Na-na-na-na-na-na-na-na-na-na
Now it's over
",1.0,Love Drunk,emo,37.0,https://p.scdn.co/mp3-preview/b1410fdb6d5500576b313f521d67bfba7dd6280f?cid=b3cdb16d0df2409abf6a8f6c2f6c2e0c,0.178,150.006,4.0,https://api.spotify.com/v1/tracks/6736wD8j2vi0XDxoNRI4Nk,track_7,1.0,spotify:track:6736wD8j2vi0XDxoNRI4Nk,0.422,track
0.00043,5CTygC3aONv7l0klY4k3hc,https://api.spotify.com/v1/audio-analysis/2g2a5kDeZexbUTD8abcvm6,['5aYyPjAsLj7UzANzdupwnS'],Good Charlotte,"['AD', 'AE', 'AR', 'AT', 'AU', 'BE', 'BG', 'BH', 'BO', 'BR', 'CA', 'CH', 'CL', 'CO', 'CR', 'CY', 'CZ', 'DE', 'DK', 'DO', 'DZ', 'EC', 'EE', 'EG', 'ES', 'FI', 'FR', 'GB', 'GR', 'GT', 'HK', 'HN', 'HU', 'ID', 'IE', 'IL', 'IN', 'IS', 'IT', 'JO', 'JP', 'KW', 'LB', 'LI', 'LT', 'LU', 'LV', 'MA', 'MC', 'MT', 'MX', 'MY', 'NI', 'NL', 'NO', 'NZ', 'OM', 'PA', 'PE', 'PH', 'PL', 'PS', 'PT', 'PY', 'QA', 'RO', 'SA', 'SE', 'SG', 'SK', 'SV', 'TH', 'TN', 'TR', 'TW', 'US', 'UY', 'VN', 'ZA']",AR,0.62,1.0,190173.0,0.93,https://api.spotify.com/v1/tracks/2g2a5kDeZexbUTD8abcvm6,2g2a5kDeZexbUTD8abcvm6,0.0,1.0,0.0686,-3.685,"
Always see it on TV
Or read it in magazines
Celebrities that want sympathy
All they do is piss and moan
Inside the Rolling Stone
Talkin' about how hard life can be
I'd like to see them spend a week
Livin' life out on the street
I don't think they would survive
If they could spend a day or two
Walking in someone else's shoes
I think they'd stumble
And they'd fall, they would fall
Lifestyles of the rich and the famous
They're always complainin'
Aways complainin'
If money is such a problem
Well, they got mansions
Think we should rob them
Did you know if you were famous
You could kill your wife?
And there's no such thing as twenty-five to life
As long as you got the cash to pay for Cochran
And did you know if you were caught
And you were smoking crack
McDonalds wouldn't even wanna take you back?
You could always just run for mayor of D.C
I'd like to see them spend a week
Livin' life out on the street
I don't think they would survive
If they could spend a day or two
Walking in someone else's shoes
I think they'd stumble
And they'd fall, they would fall
Lifestyles of the rich and the famous
They're always complainin'
Always complainin'
If money is such a problem
Well, they got mansions
Think we should rob them
Lifestyles of the rich and the famous
They're always complainin'
Always complainin'
If money is such a problem
We got so many problems
Think I could solve them
Lifestyles of the rich and the famous
We'll take your clothes, cash, cars, and homes
Just stop complainin'
Lifestyles of the rich and famous
Lifestyles of the rich and famous
Lifestyles of the rich and famous
",1.0,Lifestyles of the Rich & Famous,emo,70.0,https://p.scdn.co/mp3-preview/9f56543a9d7a5b690cd2bb6a7336c66d9130c728?cid=b3cdb16d0df2409abf6a8f6c2f6c2e0c,0.0374,106.22,4.0,https://api.spotify.com/v1/tracks/2g2a5kDeZexbUTD8abcvm6,track_14,3.0,spotify:track:2g2a5kDeZexbUTD8abcvm6,0.609,track
0.000171,6iPCb85GDSrbgpkAJSHMPw,https://api.spotify.com/v1/audio-analysis/3u7EIgAlwNQtxkM4bOA7uI,['0qT79UgT5tY4yudH9VfsdT'],Sum 41,['CA'],AR,0.568,1.0,207120.0,0.836,https://api.spotify.com/v1/tracks/3u7EIgAlwNQtxkM4bOA7uI,3u7EIgAlwNQtxkM4bOA7uI,0.0,9.0,0.0613,-6.047,"

The faster we're falling
We're stopping and stalling
We're running in circles again
Just as things were looking up
You said it wasn't good enough
But still, we're trying one more time

Maybe we're just trying too hard
When really, it's closer than it is too far

'Cause I'm in too deep, and I'm trying to keep
Up above in my head, instead of going under
'Cause I'm in too deep, and I'm trying to keep
Up above in my head, instead of going under
Instead of going under

Seems like each time I'm with you
I lose my mind
Because I'm bending over backwards to relate
It's one thing to complain
But when you're driving me insane
Well, then, I think it's time that we took a break

Maybe we're just trying too hard
When really, it's closer than it is too far

'Cause I'm in too deep, and I'm trying to keep
Up above in my head, instead of going under
'Cause I'm in too deep, and I'm trying to keep
Up above in my head, instead of going under
Instead of going under (instead of going under)
Instead of going under

I can't sit back and wonder why
It took so long for this to die
And I hate it when you fake it
You can't hide it, you might as well embrace it
So believe me, it's not easy
It seems that something's telling me

I'm in too deep, and I'm trying to keep
Up above in my head, instead of going under
'Cause I'm in too deep, and I'm trying to keep
Up above in my head, instead of going under
Instead of going under
Instead of going under again

Instead of going under
Instead of going under again
Instead of going under again
Instead of going under again
",1.0,In Too Deep,emo,54.0,https://p.scdn.co/mp3-preview/b2ee2d88fea8350b88a9d50ac780265ca179433d?cid=b3cdb16d0df2409abf6a8f6c2f6c2e0c,0.05,116.029,4.0,https://api.spotify.com/v1/tracks/3u7EIgAlwNQtxkM4bOA7uI,track_19,7.0,spotify:track:3u7EIgAlwNQtxkM4bOA7uI,0.779,track
0.000457,6iPCb85GDSrbgpkAJSHMPw,https://api.spotify.com/v1/audio-analysis/3tWudnj1NK7YUfnR91nezW,['0qT79UgT5tY4yudH9VfsdT'],Sum 41,['CA'],AR,0.567,1.0,178280.0,0.919,https://api.spotify.com/v1/tracks/3tWudnj1NK7YUfnR91nezW,3tWudnj1NK7YUfnR91nezW,0.0,9.0,0.0679,-5.424,"

Storming through the party like my name was El Niño
When I'm hangin' out drinking in the back of an El Camino
As a kid, I was a skid and no one knew me by name
Trashed my own house party 'cause nobody came

I know I'm not the one you thought you knew back in high school
Never going, never showing up when we had to
Attention that we crave, don't tell us to behave
I'm sick of always hearing ""act your age""

I don't want to waste my time
Become another casualty of society
I'll never fall in line
Become another victim of your conformity
And back down

Because you don't
Know us at all we laugh when old people fall
But what would you expect with a conscience so small
Heavy metal and mullets it's how we were raised
Maiden and Priest were the gods that we praised

Cause we like having fun at other peoples expense and
Cutting people down is just a minor offense then
It's none of your concern, I guess I'll never learn
I'm sick of being told to wait my turn

I don't want to waste my time
Become another casualty of society
I'll never fall in line
Become another victim of your conformity
And back down

Don't count on me, to let you know when
Don't count on me, I'll do it again
Don't count on me, it's the point you're missing
Don't count on me, cause I'm not listening

Well I'm a no-goodnick lower middle class brat
Back packed and I don't give a shit about nothing
You be standing on the corner talking all that kerfluffin'
But you don't make sense from all the gas you be huffing
Then if the egg don't stain, you'll be ringing off the hook
You're on the hit list, wanted in the telephone book
I like songs with distortion, to drink in proportion
The doctor said my mom should have had an abortion

I don't want to waste my time
Become another casualty of society
I'll never fall in line
Become another victim of your conformity
And back down
Waste my time with them
Casualty of society
Waste my time again
Victim of your conformity
And back down
",1.0,Fat Lip,emo,55.0,https://p.scdn.co/mp3-preview/07e21ec0d6545c7a0e27af4861f35887ee6c7510?cid=b3cdb16d0df2409abf6a8f6c2f6c2e0c,0.0653,98.057,4.0,https://api.spotify.com/v1/tracks/3tWudnj1NK7YUfnR91nezW,track_22,4.0,spotify:track:3tWudnj1NK7YUfnR91nezW,0.643,track
0.00115,7yhuYfoxQIer3OcxPLfebA,https://api.spotify.com/v1/audio-analysis/4rLKjYqJjLU0Odg52kGL2O,['0qT79UgT5tY4yudH9VfsdT'],Sum 41,['CA'],AR,0.42,1.0,158733.0,0.952,https://api.spotify.com/v1/tracks/4rLKjYqJjLU0Odg52kGL2O,4rLKjYqJjLU0Odg52kGL2O,5.72e-05,7.0,0.294,-4.93,"

So am I still waiting
For this world to stop hating?
Can't find a good reason
Can't find hope to believe in

Drop dead
A bullet to my head
Your words are like a gun in hand
You can't change the state of the nation
We just need some motivation
These eyes
Have seen no conviction
Just lies and more contradiction
So tell me what would you say
I'd say it's up to me

So am I still waiting
For this world to stop hating?
Can't find a good reason
Can't find hope to believe in

Ignorance
And understanding
We're the first ones to jump in line
Out of step for what we believe in
But who's left to stop the bleeding?
How far
Will we take this?
It's not hard to see through the fakeness
So tell me what would you say
I'd say it's up to me

So am I still waiting
For this world to stop hating?
Can't find a good reason
Can't find hope to believe

This can't last forever
Time won't make things better
I feel so alone
Can't help myself
And no one knows
If this
Is worthless
Tell me (tell me, tell me)
So
What have we done
With a war that can't be won?
This can't be real
'Cause I don't know what to feel, no

So am I still waiting
For this world to stop hating?
Can't find a good reason
Can't find hope to believe
So am I still waiting
For this world to stop hating?
Can't find a good reason
For this world to believe
",1.0,Still Waiting,emo,51.0,https://p.scdn.co/mp3-preview/8f2417e3adcc1bef9027ab9c59492f47be67cc71?cid=b3cdb16d0df2409abf6a8f6c2f6c2e0c,0.257,191.977,4.0,https://api.spotify.com/v1/tracks/4rLKjYqJjLU0Odg52kGL2O,track_26,4.0,spotify:track:4rLKjYqJjLU0Odg52kGL2O,0.511,track
0.00109,3CaQTJU2Cpx7GXTgenmb2r,https://api.spotify.com/v1/audio-analysis/5ZdrNnYV5VZWds4WXKf8kf,['74XFHRwlV6OrjEM0A2NCMF'],Paramore,"['AE', 'AT', 'AU', 'BE', 'BG', 'BH', 'CH', 'CY', 'CZ', 'DE', 'DK', 'DZ', 'EE', 'EG', 'FI', 'GB', 'GR', 'HU', 'IE', 'IL', 'IS', 'IT', 'JO', 'JP', 'KW', 'LB', 'LT', 'LU', 'LV', 'MA', 'MT', 'MY', 'NL', 'NO', 'NZ', 'OM', 'PL', 'PT', 'QA', 'RO', 'SA', 'SE', 'SG', 'SK', 'TN', 'TR', 'ZA']",AR,0.522,1.0,218627.0,0.964,https://api.spotify.com/v1/tracks/5ZdrNnYV5VZWds4WXKf8kf,5ZdrNnYV5VZWds4WXKf8kf,0.000389,11.0,0.0387,-2.645,"

If I'm a bad person, you don't like me
Well, I guess I'll make my own way
It's a circle, a mean cycle
I can't excite you anymore
Where's your gavel? Your jury?
What's my offense this time?
You're not a judge, but if you're gonna judge me
Well, sentence me to another life

Don't wanna hear your sad songs
I don't wanna feel your pain
When you swear it's all my fault
’Cause you know we're not the same
We're not the same
Oh, we're not the same
Yeah, the friends who stuck together
We wrote our names in blood
But I guess you can't accept that the change is good
It's good, it's good

Well, you treat me just like another stranger
Well, it's nice to meet you, sir
I guess I'll go
I'd best be on my way out
You treat me just like another stranger
Well, it's nice to meet you, sir
I guess I'll go
I'd best be on my way out

Ignorance is your new best friend
Ignorance is your new best friend

This is the best thing that could have happened
Any longer and I wouldn't have made it
It's not a war, no, it's not a rapture
I'm just a person, but you can't take it
The same tricks that, that once fooled me
They won't get you anywhere
I'm not the same kid from your memory
Well, now I can fend for myself

Don't wanna hear your sad songs
I don't wanna feel your pain
When you swear it's all my fault
’Cause you know we're not the same
We're not the same
Oh, we're not the same
Yeah, the friends who stuck together
We wrote our names in blood
But I guess you can't accept that the change is good
It's good, it's good

Well, you treat me just like another stranger
Well, it's nice to meet you, sir
I guess I'll go
I'd best be on my way out
You treat me just like another stranger
Well, it's nice to meet you, sir
I guess I'll go
I'd best be on my way out

Ignorance is your new best friend
Ignorance is your new best friend
Ignorance is your new best friend
Ignorance is your new best friend


Well, you treat me just like another stranger
Well, it's nice to meet you, sir
I guess I'll go
I'd best be on my way out
You treat me just like another stranger
Well, it's nice to meet you, sir
I guess I'll go
I'd best be on my way out
",0.0,Ignorance,emo,61.0,https://p.scdn.co/mp3-preview/472a4b28533e319d93fba97e8dc6a349488fc9e1?cid=b3cdb16d0df2409abf6a8f6c2f6c2e0c,0.095,170.944,4.0,https://api.spotify.com/v1/tracks/5ZdrNnYV5VZWds4WXKf8kf,track_15,2.0,spotify:track:5ZdrNnYV5VZWds4WXKf8kf,0.51,track
0.0252,5duhypwHOIf2z0yyY7KMHC,https://api.spotify.com/v1/audio-analysis/7I4ZebhBMUIlGWGHUY07zZ,['095aE5NoWPQE5pOYuNJXJD'],Jimmy Eat World,"['AD', 'AE', 'AR', 'AT', 'AU', 'BE', 'BG', 'BH', 'BO', 'BR', 'CH', 'CL', 'CO', 'CR', 'CY', 'CZ', 'DE', 'DK', 'DO', 'DZ', 'EC', 'EE', 'EG', 'ES', 'FI', 'FR', 'GB', 'GR', 'GT', 'HN', 'HU', 'IE', 'IL', 'IS', 'IT', 'JO', 'KW', 'LB', 'LI', 'LT', 'LU', 'LV', 'MA', 'MC', 'MT', 'MX', 'NI', 'NL', 'NO', 'NZ', 'OM', 'PA', 'PE', 'PL', 'PS', 'PT', 'PY', 'QA', 'RO', 'SA', 'SE', 'SK', 'SV', 'TN', 'UY', 'ZA']",AR,0.669,1.0,217733.0,0.653,https://api.spotify.com/v1/tracks/7I4ZebhBMUIlGWGHUY07zZ,7I4ZebhBMUIlGWGHUY07zZ,4.97e-06,6.0,0.077,-10.037,"
Shoop shoo doop shay day shoop shoo doop
Uh shoop shoo doop shay day shoop shoo doop
Folks say I'm tripping and I'm losing my mind
Walking in circles and I'm talking in rhymes
I can't help it 'cause it happens each time when you're near
Whispering words that melt me like wax
You knock out smile that takes me to the max
A one way ticket and I ain't coming back from paradise
'Cause your sweetness is my weakness
And your loving takes me higher
Your sweetness is my weakness my desire
Shoop shoo doop shay day shoop shoo doop
Boy your love is divine
Uh shoop shoo doop shay day shoop shoo doop
You treat me so fine
Rare as colectibles one of a kind
What did I do to deserve this find
All of my dreams are wrapped up
And designed in your kiss
Yeah
You're my king I'm your African queen
Straight from out of a classic love scene
Having your touch is truly what it means to be loved
Yeah boy
'Cause your sweetness is my weakness
And your loving takes me higher
Your sweetness is my weakness na-na-na-na
Come on mmm mmm
C'mon baby
You got me saying uh shoop shoo doop
Shooby doo baby
Shay day shoop shoo doop
Mmm mmm yeah
Uh shoop shoo doop shooby doo shay day shooby doo
Shoop shoo doop ooh ooh ooh ooh ooh ooh
Uh shoop shoo doop baby
Shay day shoop shoo doop my sweet baby
Because your sweetness is my weakness
And your loving takes me higher
Sweetness ooh wow wow
Is my weakness
My sweetness my desire
Your sweetness is my my my weakness
And your loving takes me higher
Oh sweetness is my weakness
My desire shooby doo baby
Uh gimme the sweetness
Uh shooby doo baby
Uh help me be boy
Just keep giving it to me yeah
",0.0,Sweetness,emo,35.0,https://p.scdn.co/mp3-preview/f46b8f7215952c6fd0931417f031d580c57a1d2a?cid=b3cdb16d0df2409abf6a8f6c2f6c2e0c,0.0608,82.715,4.0,https://api.spotify.com/v1/tracks/7I4ZebhBMUIlGWGHUY07zZ,track_21,3.0,spotify:track:7I4ZebhBMUIlGWGHUY07zZ,0.663,track
0.00725,2e8m3glGL3xIuSrGGXzcIc,https://api.spotify.com/v1/audio-analysis/3ZsexY07D4t4HRq7ogeSAS,['46gyXjRIvN1NL1eCB8GBxo'],All Time Low,"['AD', 'AE', 'AR', 'AT', 'AU', 'BE', 'BG', 'BH', 'BO', 'BR', 'CA', 'CH', 'CL', 'CO', 'CR', 'CY', 'CZ', 'DE', 'DK', 'DO', 'DZ', 'EC', 'EE', 'EG', 'ES', 'FI', 'FR', 'GB', 'GR', 'GT', 'HK', 'HN', 'HU', 'ID', 'IE', 'IL', 'IN', 'IS', 'IT', 'JO', 'JP', 'KW', 'LB', 'LI', 'LT', 'LU', 'LV', 'MA', 'MC', 'MT', 'MX', 'MY', 'NI', 'NL', 'NO', 'NZ', 'OM', 'PA', 'PE', 'PH', 'PL', 'PS', 'PT', 'PY', 'QA', 'RO', 'SA', 'SE', 'SG', 'SK', 'SV', 'TH', 'TN', 'TR', 'TW', 'US', 'UY', 'VN', 'ZA']",AR,0.465,1.0,182827.0,0.896,https://api.spotify.com/v1/tracks/3ZsexY07D4t4HRq7ogeSAS,3ZsexY07D4t4HRq7ogeSAS,0.0,2.0,0.206,-3.126,"

I got your picture
I'm coming with you
Dear Maria, count me in
There's a story at the bottom of this bottle
And I'm the pen

When the lights go up
I want to watch the way you take the stage by storm
The way you wrap those boys around your finger
Go on and play the leader
'Cause you know it's what you're good at
The low road for the fast track
Make every second last

'Cause I got your picture
I'm coming with you
Dear Maria, count me in
There's a story at the bottom of this bottle
And I'm the pen
Make it count when I'm the one who's selling you out
'Cause it feels like stealing hearts
Calling your name from the crowd

Doesn’t that mean
You'll be the showgirl of the home-team
I'll be the narrator
Telling another tale of the American dream
I see your name in lights
We can make you a star
Girl, we'll take the world by storm
It isn't that hard

'Cause I got your picture
I'm coming with you
Dear Maria, count me in
There's a story at the bottom of this bottle
And I'm the pen
Make it count when I'm the one who's selling you out
'Cause it feels like stealing hearts
Calling your name from the crowd

Take a breath
Don't it sound so easy?
Never had a doubt
Now I'm going crazy
Watching from the floor
Take a breath
And let the rest come easy
Never settle down
'Cause the cash flow leaves me
Always wanting more

'Cause I got your picture
I'm coming with you
Dear Maria, count me in
There's a story at the bottom of this bottle
And I'm the pen
Make it count when I'm the one who's selling you out
'Cause it feels like stealing hearts
Calling your name from the crowd

'Cause I got your picture
I'm coming with you
Dear Maria, count me in
There's a story at the bottom of this bottle...
",1.0,"Dear Maria, Count Me In",emo,69.0,https://p.scdn.co/mp3-preview/aa9c38e29aa6e69f06ea955e01e15045afad6068?cid=b3cdb16d0df2409abf6a8f6c2f6c2e0c,0.0795,181.014,4.0,https://api.spotify.com/v1/tracks/3ZsexY07D4t4HRq7ogeSAS,track_2,6.0,spotify:track:3ZsexY07D4t4HRq7ogeSAS,0.569,track
0.000289,29mlJg2PpuihKDNYZalIxw,https://api.spotify.com/v1/audio-analysis/7dN52YlyGl6c9tmxdv6zMp,['7FBcuc1gsnv6Y1nwFtNRCb'],My Chemical Romance,"['AD', 'AE', 'AR', 'AT', 'AU', 'BE', 'BG', 'BH', 'BO', 'BR', 'CA', 'CH', 'CL', 'CO', 'CR', 'CY', 'CZ', 'DE', 'DK', 'DO', 'DZ', 'EC', 'EE', 'EG', 'ES', 'FI', 'FR', 'GB', 'GR', 'GT', 'HK', 'HN', 'HU', 'ID', 'IE', 'IL', 'IS', 'IT', 'JO', 'JP', 'KW', 'LB', 'LI', 'LT', 'LU', 'LV', 'MA', 'MC', 'MT', 'MX', 'MY', 'NI', 'NL', 'NO', 'NZ', 'OM', 'PA', 'PE', 'PH', 'PL', 'PS', 'PT', 'PY', 'QA', 'RO', 'SA', 'SE', 'SG', 'SK', 'SV', 'TH', 'TN', 'TR', 'TW', 'US', 'UY', 'VN', 'ZA']",AR,0.217,1.0,311107.0,0.905,https://api.spotify.com/v1/tracks/7dN52YlyGl6c9tmxdv6zMp,7dN52YlyGl6c9tmxdv6zMp,0.00011,2.0,0.222,-4.103,"

When I was a young boy
My father took me into the city
To see a marching band
He said, ""Son, when you grow up
Would you be the savior of the broken
The beaten and the damned?""
He said, ""Will you defeat them?
Your demons, and all the non-believers
The plans that they have made?""
""Because one day, I'll leave you
A phantom to lead you in the summer
To join the black parade""
When I was a young boy
My father took me into the city
To see a marching band
He said, ""Son, when you grow up
Would you be the savior of the broken
The beaten and the damned?""

Sometimes I get the feeling she's watching over me
And other times I feel like I should go
And through it all, the rise and fall, the bodies in the streets
And when you're gone, we want you all to know

We'll carry on
We'll carry on
And though you're dead and gone, believe me
Your memory will carry on
We'll carry on
And in my heart I can't contain it
The anthem won't explain it

A world that sends you reeling from decimated dreams
Your misery and hate will kill us all
So paint it black and take it back, let's shout it loud and clear
Defiant to the end we hear the call

To carry on
We'll carry on
And though you're dead and gone, believe me
Your memory will carry on
We'll carry on
And though you're broken and defeated
Your weary widow marches

On and on, we carry through the fears
Oh, oh, oh
Disappointed faces of your peers
Oh, oh, oh
Take a look at me, 'cause I could not care at all
Do or die, you'll never make me
Because the world will never take my heart
Go and try, you'll never break me
We want it all, we wanna play this part
I won't explain or say I'm sorry
I'm unashamed, I'm gonna show my scars
Give a cheer for all the broken
Listen here, because it's who we are
I'm just a man, I'm not a hero
Just a boy, who had to sing this song
I'm just a man, I'm not a hero
I don't care

We'll carry on
We'll carry on
And though you're dead and gone believe me
Your memory will carry on
We'll carry on
And though you're broken and defeated
Your weary widow marches

Do or die, you'll never make me
Because the world will never take my heart
Go and try, you'll never break me
We want it all, we wanna play this part
(We'll carry on!)
Do or die, you'll never make me
Because the world will never take my heart
Go and try, you'll never break me
We want it all, we wanna play this part
(We'll carry on!)
",1.0,Welcome to the Black Parade,emo,62.0,https://p.scdn.co/mp3-preview/0c19f3a680ff92f9d38a34b3310e6ff1a661ab1e?cid=b3cdb16d0df2409abf6a8f6c2f6c2e0c,0.0752,96.95,4.0,https://api.spotify.com/v1/tracks/7dN52YlyGl6c9tmxdv6zMp,track_6,5.0,spotify:track:7dN52YlyGl6c9tmxdv6zMp,0.236,track
0.16,54DjkEN3wdCQgfCTZ9WjdB,https://api.spotify.com/v1/audio-analysis/1MkfvXtx2S7cSs9aqLnMGs,['5a2EaR3hamoenG9rDuVn8j'],Good Charlotte,"['AD', 'AE', 'AR', 'AT', 'AU', 'BE', 'BG', 'BH', 'BO', 'BR', 'CA', 'CH', 'CL', 'CO', 'CR', 'CY', 'CZ', 'DE', 'DK', 'DO', 'DZ', 'EC', 'EE', 'EG', 'ES', 'FI', 'FR', 'GB', 'GR', 'GT', 'HK', 'HN', 'HU', 'ID', 'IE', 'IL', 'IS', 'IT', 'JO', 'JP', 'KW', 'LB', 'LI', 'LT', 'LU', 'LV', 'MA', 'MC', 'MT', 'MX', 'MY', 'NI', 'NL', 'NO', 'NZ', 'OM', 'PA', 'PE', 'PH', 'PL', 'PT', 'PY', 'QA', 'RO', 'SA', 'SE', 'SG', 'SK', 'SV', 'TH', 'TN', 'TR', 'TW', 'US', 'UY', 'VN', 'ZA']",AR,0.879,1.0,331133.0,0.621,https://api.spotify.com/v1/tracks/1MkfvXtx2S7cSs9aqLnMGs,1MkfvXtx2S7cSs9aqLnMGs,2.97e-06,5.0,0.756,-7.561,"

Girls and boys!

He only knew her for a little while
But he had grown accustomed to her style
She had the cutest ass he'd ever seen
He did too, they were meant to be
They loved to kiss on the steps of Versailles
It looked like rain, mama, birds do fly

I love you  baby, I love you so much
Maybe we can stay in touch
Meet me in another world, space and joy
Vous etes tres belle, mama, girls and boys

He gave her all the love that anyone can
But she was promised to another man
He tried so hard not to go insane
Birds do fly, looks like rain

I love you  baby, I love you so much
Maybe we can stay in touch
Meet me in another world, space and joy
Vous etes tres belle, mama, girls and boys

Life is precious baby, love is so rare
I can take the breakup if you say that you care
He had to run away, his pride was too strong
It started raining, baby, the birds were gone

I love you  baby, I love you so much
Maybe we can stay in touch
Meet me in another world, space and joy
Vous etes tres belle, mama, girls and boys
I love you  baby, I love you so much
Maybe we can stay in touch
Meet me in another world, space and joy
Vous etes tres belle, mama, girls and boys

Vous étiez de l'autre côté de la salle
Vous dansiez si fort je sentais votre parfum
Votre sourire me dit que nous devrions nous parler
Sur la piste de dance, baby
Fais cet appel pour moi
Oh oui, baby, sexe et repos
Et ne résistez pas
Vous savez que vous aimerez ca, baby, oh ouah
Je vous enlacerai avec mes jambes, baby
Pendant des heures je veux vous étonner, baby
Fleurs vans votre bain, amour dans vos draps
Faire l'amour, faire l'amour, où nous rencontrerons-nous?

I love you  baby, I love you so much
Maybe we can stay in touch
Meet me in another world, space and joy
Vous etes tres belle, mama, girls and boys
I love you  baby, I love you so much
Maybe we can stay in touch
Meet me in another world, space and joy
Vous etes tres belle, mama, girls and boys

Happiness in it's uncut form
Is the feeling that I get, you're warm, warm
Happy's what I get when we do what we do
Happiness, mama, is being with you
Good lord

Meet me somewhere after dawn
Lord (I love you baby)
(I love you so much)
(Maybe we can stay in touch)
(I love you baby)
(I love you so much)
Vous etes belle
So like I saw you from across the room, and (maybe we can stay in touch)
Honey, you danced so hard I smelled your perfume (maybe we can stay in touch)
And the look on your lips said that
""We could talk some more, (maybe we can stay in touch)
Some more on the dance floor baby"" (I love you baby)
Hear the words I'm saying (I love you so much)
Feel the sex I'm laying (maybe we can stay in touch)
Naughty's what I want to be with you tonight
Tonight
(Meet me in another world, space and joy)
Vous etes tres belle, mama, girls and boys
Vous etes tres belle, mama, girls and boys
Vous etes tres belle, mama, girls and boys
Vous etes tres belle, mama, girls and boys
",0.0,Girls & Boys,emo,43.0,https://p.scdn.co/mp3-preview/e1a50aee41ea2e853923c354aa23c56c356a8e25?cid=b3cdb16d0df2409abf6a8f6c2f6c2e0c,0.0535,116.476,4.0,https://api.spotify.com/v1/tracks/1MkfvXtx2S7cSs9aqLnMGs,track_53,5.0,spotify:track:1MkfvXtx2S7cSs9aqLnMGs,0.851,track
0.000321,0FZK97MXMm5mUQ8mtudjuK,https://api.spotify.com/v1/audio-analysis/2d6m2F4I7wCuAKtSsdhh83,['7FBcuc1gsnv6Y1nwFtNRCb'],My Chemical Romance,"['AD', 'AE', 'AR', 'AT', 'AU', 'BE', 'BG', 'BH', 'BO', 'BR', 'CA', 'CH', 'CL', 'CO', 'CR', 'CY', 'CZ', 'DE', 'DK', 'DO', 'DZ', 'EC', 'EE', 'EG', 'ES', 'FI', 'FR', 'GB', 'GR', 'GT', 'HK', 'HN', 'HU', 'ID', 'IE', 'IL', 'IS', 'IT', 'JO', 'JP', 'KW', 'LB', 'LI', 'LT', 'LU', 'LV', 'MA', 'MC', 'MT', 'MX', 'MY', 'NI', 'NL', 'NO', 'NZ', 'OM', 'PA', 'PE', 'PH', 'PL', 'PS', 'PT', 'PY', 'QA', 'RO', 'SA', 'SE', 'SG', 'SK', 'SV', 'TH', 'TN', 'TR', 'TW', 'US', 'UY', 'VN', 'ZA']",AR,0.467,1.0,299227.0,0.883,https://api.spotify.com/v1/tracks/2d6m2F4I7wCuAKtSsdhh83,2d6m2F4I7wCuAKtSsdhh83,0.000152,2.0,0.125,-3.679,"

Now, I know that I can't make you stay
But where's your heart?
But where's your heart?
But where's your...
And I know there's nothing I can say
To change that part
To change that part
To change...

So many bright lights, they cast a shadow
But can I speak?
Well, is it hard understanding I'm incomplete?
A life that's so demanding, I get so weak
A love that's so demanding, I can't speak

I am not afraid to keep on living
I am not afraid to walk this world, alone
Honey, if you stay, I'll be forgiven
Nothing you can say can stop me going home

Can you see, my eyes are shining bright
'Cause I'm out here, on the other side
Of a jet black hotel mirror, and I'm so weak
Is it hard understanding I'm incomplete?
A love that's so demanding, I get weak

I am not afraid to keep on living
I am not afraid to walk this world, alone
Honey, if you stay, I'll be forgiven
Nothing you can say can stop me going home
I am not afraid to keep on living
I am not afraid to walk this world, alone
Honey, if you stay, I'll be forgiven
Nothing you can say can stop me going home

These bright lights have always blinded me
These bright lights have always blinded me
I say

I see you lying next to me
With words I thought I'd never speak
Awake and unafraid
Asleep or dead
(How can I see, I see you lying)
'Cause I see you lying next to me
(How can I see, I see you lying)
With words I thought I'd never speak
(How can I see, I see you lying)
Awake and unafraid
(How can I see, I see you lying)
Asleep or dead
I see you lying next to me
With words I thought I'd never speak
Awake and unafraid
Asleep or dead
I see you lying next to me
With words I thought I'd never speak
Awake and unafraid
Asleep or dead

I am not afraid to keep on living
I am not afraid to walk this world, alone
Honey, if you stay, I'll be forgiven
Nothing you can say can stop me going home
I am not afraid to keep on living
I am not afraid to walk this world, alone
Honey, if you stay, I'll be forgiven
Nothing you can say can stop me going home

I am not afraid to keep on living
I am not afraid to walk this world, alone
Honey, if you stay, I'll be forgiven
Nothing you can say can stop me going home
",0.0,Famous Last Words,emo,71.0,https://p.scdn.co/mp3-preview/67c92af6b1777a1a0b39eb7869eb80bd92544bfe?cid=b3cdb16d0df2409abf6a8f6c2f6c2e0c,0.106,122.252,4.0,https://api.spotify.com/v1/tracks/2d6m2F4I7wCuAKtSsdhh83,track_24,13.0,spotify:track:2d6m2F4I7wCuAKtSsdhh83,0.309,track
0.00387,4TkmrrpjlPoCPpGyDN3rkF,https://api.spotify.com/v1/audio-analysis/59P1nrdEImkAKa1nyW9X2e,['6g0mn3tzAds6aVeUYRsryU'],Jimmy Eat World,"['AD', 'AE', 'AR', 'AT', 'AU', 'BE', 'BG', 'BH', 'BO', 'BR', 'CA', 'CH', 'CL', 'CO', 'CR', 'CY', 'CZ', 'DE', 'DK', 'DO', 'DZ', 'EC', 'EE', 'EG', 'ES', 'FI', 'FR', 'GB', 'GR', 'GT', 'HK', 'HN', 'HU', 'ID', 'IE', 'IL', 'IS', 'IT', 'JO', 'JP', 'KW', 'LB', 'LI', 'LT', 'LU', 'LV', 'MA', 'MC', 'MT', 'MX', 'MY', 'NI', 'NL', 'NO', 'NZ', 'OM', 'PA', 'PE', 'PH', 'PL', 'PS', 'PT', 'PY', 'QA', 'RO', 'SA', 'SE', 'SG', 'SK', 'SV', 'TH', 'TN', 'TR', 'TW', 'US', 'UY', 'VN', 'ZA']",AR,0.523,1.0,330760.0,0.833,https://api.spotify.com/v1/tracks/59P1nrdEImkAKa1nyW9X2e,59P1nrdEImkAKa1nyW9X2e,0.000339,7.0,0.0841,-4.374,"

Go to bed now I can tell
Pain is on the way out now
Look away, a domino falls away
I know it's hard lookin' in
Knowin' that tomorrow you'll be back again
Hang your head and let me in, I'm waitin'
So long

I was staring into the light
When I saw you in the distance, I knew that you'd be mine
Am I movin' back in time?
Just standin' still?
I met a man with a broken back
He had a fear in his eyes that I could understand
I can't even shake the pain without breakin'

I've been pullin' on a wire, but it just won't break
I've been turnin' up the dial, but I hear no sound
I resist what I cannot change
And I wanna find what can't be found

I'm aware you're tired and lost
Like a demon in a doorway, waiting to be born
But I'm here all alone, just beggin'
Pull me close and let me hold you in
Give me the deeper understanding of who I am
Yeah, I'm going back again, I'm waiting here

I'm just pullin' on a wire, but it just won't break
I've been turnin' up a dial, but I hear no sound
I resist what I cannot change, own it in your own way
Yeah, I wanna find what can't be found
",0.0,Pain,emo,63.0,https://p.scdn.co/mp3-preview/8078e8864123504b9edd529df81800039e0a799b?cid=b3cdb16d0df2409abf6a8f6c2f6c2e0c,0.0405,115.975,4.0,https://api.spotify.com/v1/tracks/59P1nrdEImkAKa1nyW9X2e,track_42,2.0,spotify:track:59P1nrdEImkAKa1nyW9X2e,0.482,track
0.206,0kIn0ITOheHAgKJrXHZ0wa,https://api.spotify.com/v1/audio-analysis/7kh8PFSxaQ74UfdCFlsVC3,"['5CdJjUi9f0cVgo9nFuJrFa', '0jixbi9GWL8XeSnc0qwIHb', '35rPDAvcHOnhrMVmqhQ6BM']",Taking Back Sunday,"['AD', 'AE', 'AR', 'AT', 'AU', 'BE', 'BG', 'BH', 'BO', 'BR', 'CA', 'CH', 'CL', 'CO', 'CR', 'CY', 'CZ', 'DE', 'DK', 'DO', 'DZ', 'EC', 'EE', 'EG', 'ES', 'FI', 'FR', 'GB', 'GR', 'GT', 'HK', 'HN', 'HU', 'ID', 'IE', 'IL', 'IN', 'IS', 'IT', 'JO', 'JP', 'KW', 'LB', 'LI', 'LT', 'LU', 'LV', 'MA', 'MC', 'MT', 'MX', 'MY', 'NI', 'NL', 'NO', 'NZ', 'OM', 'PA', 'PE', 'PH', 'PL', 'PS', 'PT', 'PY', 'QA', 'RO', 'SA', 'SE', 'SG', 'SK', 'SV', 'TH', 'TN', 'TR', 'TW', 'US', 'UY', 'VN', 'ZA']",AR,0.542,1.0,199786.0,0.919,https://api.spotify.com/v1/tracks/7kh8PFSxaQ74UfdCFlsVC3,7kh8PFSxaQ74UfdCFlsVC3,0.0,2.0,0.129,-3.003,"

You've got this new head
Filled up with smoke
I've got my veins all tangled close
To those jukebox bars you frequent
They're the safest place to hide
A long night spent with your most obvious weaknesses
You start shaking at the thought
You are everything I want
Because you are everything I'm not

I just wanna break you down so badly
I trip over everything you say
I just wanna break you down so badly
In the worst way

I'm gonna make damn sure
That you can't ever leave
No, you won't ever get too far from me
You won't ever get too far from me
I'll make damn sure
That you can't ever leave
No, you won't ever get too far from me
You won't ever get too far

And we lay, we lay together
Just not too close, too close
And we lay, we lay together
Just not too close, too close
And we lay, we lay together
Just not too close, too close
(How close is close enough?)
And we lay, we lay together
Just not too close, too close

I just wanna break you down so badly
I trip over everything you say
I just wanna break you down so badly
In the worst way

I'm gonna make damn sure
That you can't ever leave
No, you won't ever get too far from me
You won't ever get too far from me
I'll make damn sure
That you can't ever leave
No, you won't ever get too far from me
You won't ever get too far

Damn sure
That you can't ever leave
No, you won't ever get too far from me
You won't ever get too far
",1.0,MakeDamnSure,emo,59.0,https://p.scdn.co/mp3-preview/8fe03d8da793330b59973950d664fa1b7e33fe56?cid=b3cdb16d0df2409abf6a8f6c2f6c2e0c,0.112,154.885,4.0,https://api.spotify.com/v1/tracks/7kh8PFSxaQ74UfdCFlsVC3,track_1,1.0,spotify:track:7kh8PFSxaQ74UfdCFlsVC3,0.475,track
0.000204,4CKrRK52g4mNzbpGIMVbtE,https://api.spotify.com/v1/audio-analysis/3cpZPDaWYxxy0Ho2uIyYRW,['1cXi8ALPQCBHZbf0EgP4Ey'],My Chemical Romance,"['AD', 'AE', 'AR', 'AT', 'AU', 'BE', 'BG', 'BH', 'BO', 'BR', 'CA', 'CH', 'CL', 'CO', 'CR', 'CY', 'CZ', 'DE', 'DK', 'DO', 'DZ', 'EC', 'EE', 'EG', 'ES', 'FI', 'FR', 'GB', 'GR', 'GT', 'HK', 'HN', 'HU', 'ID', 'IE', 'IL', 'IS', 'IT', 'JO', 'JP', 'KW', 'LB', 'LI', 'LT', 'LU', 'LV', 'MA', 'MC', 'MT', 'MX', 'MY', 'NI', 'NL', 'NO', 'NZ', 'OM', 'PA', 'PE', 'PH', 'PL', 'PS', 'PT', 'PY', 'QA', 'RO', 'SA', 'SE', 'SG', 'SK', 'SV', 'TH', 'TN', 'TR', 'TW', 'US', 'UY', 'VN', 'ZA']",AR,0.275,1.0,199944.0,0.872,https://api.spotify.com/v1/tracks/3cpZPDaWYxxy0Ho2uIyYRW,3cpZPDaWYxxy0Ho2uIyYRW,0.00509,10.0,0.0895,-6.108,"
If I cut off your arms and cut off your legs
Would you still love me anyway?
If you're bound and you're gagged, draped and displayed
Would you still love me anyway?
Why don't you love me anyway?
Why don't you love me anyway?
If I cut off your arms and cut off your legs
Would you still love me anyway?
If you're bound and you're gagged, draped and displayed
Would you still love me?
Love me anyway!
Why don't you love me anyway?
Why don't you love me anyway?
Why don't you love me anyway?
Why don't you love me anyway?
Go!
Cutting with the knife
Blood is spilling everywhere
She will be my wife
Secondary spine, incisions must be accurate
I know just what to do
My hands are trembling
I can't spare to slip up with this knife
Her beauty so illogical
The beast come gliding in
Hideous chameleon stripped down to her skin
Dance to the burning flame
Pleasure exhumes the pain
The night bursts into flames
Dance Helena Dance
If I cut off your arms and I cut off your legs
Would you still love me anyway?
There's a spot on the floor where your limbs used to be
And I close the door on my fantasies
Why don't you love me anyway?
Why don't you love me anyway?
Why don't you love me anyway?
Why don't you love me anyway?
Helena!
",1.0,Helena,emo,54.0,https://p.scdn.co/mp3-preview/e3bb0257003e2e9a64707fac27b7b03bf92a7810?cid=b3cdb16d0df2409abf6a8f6c2f6c2e0c,0.142,147.014,4.0,https://api.spotify.com/v1/tracks/3cpZPDaWYxxy0Ho2uIyYRW,track_19,17.0,spotify:track:3cpZPDaWYxxy0Ho2uIyYRW,0.412,track
0.00272,71rziY9eLo1tA2dBMxrwhc,https://api.spotify.com/v1/audio-analysis/6SpLc7EXZIPpy0sVko0aoU,['74XFHRwlV6OrjEM0A2NCMF'],Paramore,"['BR', 'CA', 'US']",AR,0.517,1.0,211520.0,0.906,https://api.spotify.com/v1/tracks/6SpLc7EXZIPpy0sVko0aoU,6SpLc7EXZIPpy0sVko0aoU,9.26e-06,1.0,0.113,-3.677,"

Hit that, hit that snare

I'm in the business of misery, let's take it from the top
She's got a body like an hourglass, it's ticking like a clock
It's a matter of time before we all run out
When I thought he was mine, she caught him by the mouth
I waited eight long months, she finally set him free
I told him I couldn't lie, he was the only one for me
Two weeks and we caught on fire
She's got it out for me, but I wear the biggest smile

Whoa, I never meant to brag
But I got him where I want him now
Whoa, it was never my intention to brag
To steal it all away from you now
But God, does it feel so good
'Cause I got him where I want him now
And if you could, then you know you would
'Cause God, it just feels so
It just feels so good

Second chances, they don't ever matter, people never change
Once a whore you're nothing more
I'm sorry, that'll never change
And about forgiveness, we're both supposed to have exchanged
I'm sorry honey, but I passed it up, now look this way
Well, there's a million other girls who do it just like you
Looking as innocent as possible to get to who
They want and what they like
It's easy if you do it right
Well I refuse, I refuse, I refuse!

Whoa, I never meant to brag
But I got him where I want him now
Whoa, it was never my intention to brag
To steal it all away from you now
But God, does it feel so good
'Cause I got him where I want him right now
And if you could, then you know you would
'Cause God, it just feels so
It just feels so good

I watched his wildest dreams come true
And not one of them involving you
Just watch my wildest dreams come true
Not one of them involving

Whoa, I never meant to brag
But I got him where I want him now

Whoa, I never meant to brag
But I got him where I want him now
Whoa, it was never my intention to brag
To steal it all away from you now
But God, does it feel so good
'Cause I got him where I want him now
And if you could, then you know you would
'Cause God, it just feels so
It just feels so good
",1.0,Misery Business,emo,72.0,https://p.scdn.co/mp3-preview/d4aacf7e02038a401759df9a908756e4f71de0fb?cid=b3cdb16d0df2409abf6a8f6c2f6c2e0c,0.0735,172.977,4.0,https://api.spotify.com/v1/tracks/6SpLc7EXZIPpy0sVko0aoU,track_19,4.0,spotify:track:6SpLc7EXZIPpy0sVko0aoU,0.731,track
0.106,4ab7jYzCRPCIz0k2CNKPGm,https://api.spotify.com/v1/audio-analysis/7wOmQJeVX6qjNXqqsKOkPx,['20JZFwl6HVl6yg8a4H3ZqK'],Panic! At The Disco,"['AD', 'AE', 'AR', 'AU', 'BE', 'BG', 'BH', 'BO', 'BR', 'CA', 'CL', 'CO', 'CR', 'CY', 'CZ', 'DK', 'DO', 'DZ', 'EC', 'EE', 'EG', 'ES', 'FI', 'FR', 'GB', 'GR', 'GT', 'HK', 'HN', 'HU', 'ID', 'IE', 'IL', 'IS', 'IT', 'JO', 'JP', 'KW', 'LB', 'LI', 'LT', 'LU', 'LV', 'MA', 'MC', 'MT', 'MX', 'MY', 'NI', 'NL', 'NO', 'NZ', 'OM', 'PA', 'PE', 'PH', 'PL', 'PS', 'PT', 'PY', 'QA', 'RO', 'SA', 'SE', 'SG', 'SK', 'SV', 'TH', 'TN', 'TR', 'TW', 'UY', 'VN', 'ZA']",AR,0.66,1.0,200227.0,0.799,https://api.spotify.com/v1/tracks/7wOmQJeVX6qjNXqqsKOkPx,7wOmQJeVX6qjNXqqsKOkPx,0.0,8.0,0.154,-4.644,"


Is it still me that makes you sweat?
Am I who you think about in bed
When the lights are dim and your hands are shaking
As you're sliding off your dress?
Then think of what you did
And how I hope to God he was worth it
When the lights are dim and your heart is racing
As your fingers touch his skin
I've got more wit, a better kiss
A hotter touch, a better fuck
Than any boy you'll ever meet
Sweetie, you had me
Girl I was it, look past the sweat
A better love deserving of
Exchanging body heat in the passenger seat
No, no, no, you know it will always just be me

Let's get these teen hearts beating faster, faster

So testosterone boys and harlequin girls
Will you dance to this beat and hold a lover close?
So testosterone boys and harlequin girls
Will you dance to this beat and hold a lover close?

So, I guess we're back to us
Oh cameraman, swing the focus
In case I lost my train of thought
Where was it that we last left off?
(Let's pick up and go)

Oh, now I do recall
We were just getting to the part
Where the shock sets in
And the stomach acid finds a new way to make you get sick
I hope you didn't expect to get all of the attention
Now, let's not get selfish
Did you really think I'd let you kill this chorus?

Let's get these teen hearts beating faster, faster

So testosterone boys and harlequin girls
Will you dance to this beat and hold a lover close?
So testosterone boys and harlequin girls
Will you dance to this beat and hold a lover close?

Dance to this beat
Dance to this beat
Dance to this beat
Let's get these teen hearts beating faster, faster
Let's get these teen hearts beating faster

I've got more wit, a better kiss
A hotter touch, a better fuck
Than any boy you'll ever meet
Sweetie, you had me
Girl I was it, look past the sweat
A better love deserving of
Exchanging body heat in the passenger seat
No, no, no, you know it will always just be me

Let's get these teen hearts beating faster, faster

So testosterone boys and harlequin girls
Will you dance to this beat and hold a lover close?
So testosterone boys and harlequin girls
Will you dance to this beat and hold a lover close?

So testosterone boys and harlequin girls
Dance to this beat
So testosterone boys and harlequin girls
Dance to this beat
And hold a lover close
Let's get these teen hearts beating faster, faster
Let's get these teen hearts beating faster
",1.0,Lying Is the Most Fun a Girl Can Have Without Taking Her Clothes Off,emo,60.0,https://p.scdn.co/mp3-preview/97a3af44edbcbd780ac66a3c4c5060a1288e0daa?cid=b3cdb16d0df2409abf6a8f6c2f6c2e0c,0.0995,125.966,4.0,https://api.spotify.com/v1/tracks/7wOmQJeVX6qjNXqqsKOkPx,track_14,7.0,spotify:track:7wOmQJeVX6qjNXqqsKOkPx,0.475,track
3.49e-05,76avO7AfsTAMe4dvVV3Wwj,https://api.spotify.com/v1/audio-analysis/4LtUNqSiFZzm70a7kM8hnc,['591yCCsZCLXvaJ0Rg38vLZ'],Senses Fail,"['AD', 'AE', 'AR', 'AT', 'AU', 'BE', 'BG', 'BH', 'BO', 'BR', 'CA', 'CH', 'CL', 'CO', 'CR', 'CY', 'CZ', 'DE', 'DK', 'DO', 'DZ', 'EC', 'EE', 'EG', 'ES', 'FI', 'FR', 'GB', 'GR', 'GT', 'HK', 'HN', 'HU', 'ID', 'IE', 'IL', 'IS', 'IT', 'JO', 'JP', 'KW', 'LB', 'LI', 'LT', 'LU', 'LV', 'MA', 'MC', 'MT', 'MX', 'MY', 'NI', 'NL', 'NO', 'NZ', 'OM', 'PA', 'PE', 'PH', 'PL', 'PS', 'PT', 'PY', 'QA', 'RO', 'SA', 'SE', 'SG', 'SK', 'SV', 'TH', 'TN', 'TR', 'TW', 'US', 'UY', 'VN', 'ZA']",AR,0.373,1.0,203573.0,0.961,https://api.spotify.com/v1/tracks/4LtUNqSiFZzm70a7kM8hnc,4LtUNqSiFZzm70a7kM8hnc,1.46e-05,2.0,0.271,-3.16,"

Calling all cars: we've got another victim
'Cause my love has become an affliction
What did you expect from me?
What did you expect from me?

I'm sorry, but I think I failed to mention
That I lied at my very first confession
What did you expect from me?
What did you expect from me?
'Cause this has been building
Since I have been breathing
And I know how it's going to end

So, will you scatter my ashes where they won't be found?
I kept my word when I swore that I would let you down
And now that I'm gone
Try to forget me, and just move on
So, will you scatter my ashes where they won't be found?
I kept my word, and you hate me for it now
But, you knew all along
Try to forget me, and just move on

Oh my dear, what have I gone and done now?
It's curtain call, I'm about to take my last bow
What did you expect from me?
What did you expect from me?
Without giving away the entire ending
I ruined the evening again


I don't have love left, inside, inside
And I don't have love left, inside, inside
Are you desperate for an answer?
I don't have an ounce of good left in me now
That's why I walked out


I am not the one that you should blame
So, take what I left you for the pain
I am not the one that you should blame
So, take what I left you for the pain
And do your best to forget my name
",1.0,Calling All Cars,emo,57.0,https://p.scdn.co/mp3-preview/d52298226ec8a4f745c8b4fc7508b7af9f081c6e?cid=b3cdb16d0df2409abf6a8f6c2f6c2e0c,0.0996,168.131,4.0,https://api.spotify.com/v1/tracks/4LtUNqSiFZzm70a7kM8hnc,track_14,5.0,spotify:track:4LtUNqSiFZzm70a7kM8hnc,0.543,track
0.00108,57d5dFo7oN2yUyGfSKPrRv,https://api.spotify.com/v1/audio-analysis/746bHsY27aWTMYpoxqECOm,['55VydwMyCuGcavwPuhutPL'],The Used,"['AD', 'AE', 'AR', 'AT', 'AU', 'BE', 'BG', 'BH', 'BO', 'BR', 'CA', 'CH', 'CL', 'CO', 'CR', 'CY', 'CZ', 'DE', 'DK', 'DO', 'DZ', 'EC', 'EE', 'EG', 'ES', 'FI', 'FR', 'GB', 'GR', 'GT', 'HK', 'HN', 'HU', 'ID', 'IE', 'IL', 'IS', 'IT', 'JO', 'JP', 'KW', 'LB', 'LI', 'LT', 'LU', 'LV', 'MA', 'MC', 'MT', 'MX', 'MY', 'NI', 'NL', 'NO', 'NZ', 'OM', 'PA', 'PE', 'PH', 'PL', 'PS', 'PT', 'PY', 'QA', 'RO', 'SA', 'SE', 'SG', 'SK', 'SV', 'TH', 'TN', 'TR', 'TW', 'US', 'UY', 'VN', 'ZA']",AR,0.26,1.0,242133.0,0.923,https://api.spotify.com/v1/tracks/746bHsY27aWTMYpoxqECOm,746bHsY27aWTMYpoxqECOm,0.0,7.0,0.763,-5.023,"
You almost always pick the best times to drop the worst lines
You almost made me cry again this time
Another false alarm, red flashing lights
Well, this time I'm not going' watch myself die
I think I made it a game to play your game and let myself cry
Buried myself alive on the inside, so I could shut you out
And let you go away for a long time… God!
I guess it's okay I puked the day away
I guess it's better you trapped yourself in your own way
And if you want me back, you're gonna have to ask
I think the chain broke away and I felt it the day
That I had my own time
I took advantage of myself and felt fine
But it was worth the night I caught an early flight
And I made it home
I guess it's okay I puked the day away
I guess it's better you trapped yourself in your own way
And if you want me back, you're gonna have to ask
Nicer than that, nicer than that
My foot on your neck, I finally have you
Right where I want you, right where I want you
Right where I want you, right where I want you
I guess it's okay I puked the day away
I guess it's better you trapped yourself in your own way
And if you want me back, you're gonna have to ask
Nicer than that
(I guess it's okay I puked the day away)
Nicer than that
(I guess it's better you trapped yourself in your own way)
And if you want me back, you're gonna have to ask
Nicer than that, nicer, nicer
",1.0,Buried Myself Alive,emo,55.0,https://p.scdn.co/mp3-preview/989ec6e2de49d73617a3f617e1b570947f84b2cb?cid=b3cdb16d0df2409abf6a8f6c2f6c2e0c,0.157,170.605,4.0,https://api.spotify.com/v1/tracks/746bHsY27aWTMYpoxqECOm,track_23,6.0,spotify:track:746bHsY27aWTMYpoxqECOm,0.387,track
0.0737,01hp4DvayKlnqUQrmk0vvz,https://api.spotify.com/v1/audio-analysis/5cY8y2XgOfkAh4kSWLFKkz,['20JZFwl6HVl6yg8a4H3ZqK'],Panic! At The Disco,"['AD', 'AE', 'AR', 'AT', 'AU', 'BE', 'BG', 'BH', 'BO', 'BR', 'CH', 'CL', 'CO', 'CR', 'CY', 'CZ', 'DE', 'DK', 'DO', 'DZ', 'EC', 'EE', 'EG', 'ES', 'FI', 'FR', 'GB', 'GR', 'GT', 'HK', 'HN', 'HU', 'ID', 'IE', 'IL', 'IS', 'IT', 'JO', 'JP', 'KW', 'LB', 'LI', 'LT', 'LU', 'LV', 'MA', 'MC', 'MT', 'MX', 'MY', 'NI', 'NL', 'NO', 'NZ', 'OM', 'PA', 'PE', 'PH', 'PL', 'PS', 'PT', 'PY', 'QA', 'RO', 'SA', 'SE', 'SG', 'SK', 'SV', 'TH', 'TN', 'TR', 'TW', 'UY', 'VN', 'ZA']",AR,0.566,1.0,185587.0,0.815,https://api.spotify.com/v1/tracks/5cY8y2XgOfkAh4kSWLFKkz,5cY8y2XgOfkAh4kSWLFKkz,0.0,9.0,0.12,-4.481,"



Oh, well, imagine
As I'm pacing the pews in a church corridor
And I can't help but to hear
No, I can't help but to hear an exchanging of words
""What a beautiful wedding!
What a beautiful wedding!”, says a bridesmaid to a waiter
""And yes, but what a shame, what a shame
The poor groom's bride is a whore""

I chime in with a
""Haven't you people ever heard of closing the goddamn door?!""
No, it's much better to face these kinds of things
With a sense of poise and rationality
I chime in
""Haven't you people ever heard of closing the goddamn door?!""
No, it's much better to face these kinds of things
With a sense of...

Oh, well in fact
Well, I'll look at it this way
I mean technically our marriage is saved
Well this calls for a toast, so pour the champagne
Oh! Well in fact
Well, I'll look at it this way
I mean technically our marriage is saved
Well this calls for a toast, so pour the champagne
Pour the champagne

I chime in with a
""Haven't you people ever heard of closing the goddamn door?!""
No, it's much better to face these kinds of things
With a sense of poise and rationality
I chime in
""Haven't you people ever heard of closing the goddamn door?!""
No, it's much better to face these kinds of things
With a sense of...
Poise and rationality
Again

I chime in
""Haven't you people ever heard of closing the goddamn door?!""
No, it's much better to face these kinds of things
With a sense of poise and rationality
I chime in
""Haven't you people ever heard of closing the goddamn door?!""
No, it's much better to face these kinds of things
With a sense of...
Poise and rationality
Again
",0.0,I Write Sins Not Tragedies,emo,75.0,https://p.scdn.co/mp3-preview/556f250ec0047b8449f920fd62f401ea77624c18?cid=b3cdb16d0df2409abf6a8f6c2f6c2e0c,0.14,169.961,4.0,https://api.spotify.com/v1/tracks/5cY8y2XgOfkAh4kSWLFKkz,track_3,10.0,spotify:track:5cY8y2XgOfkAh4kSWLFKkz,0.672,track
0.0297,57d5dFo7oN2yUyGfSKPrRv,https://api.spotify.com/v1/audio-analysis/32GWSQbpg1Ea1MMvl8HN23,['55VydwMyCuGcavwPuhutPL'],The Used,"['AD', 'AE', 'AR', 'AT', 'AU', 'BE', 'BG', 'BH', 'BO', 'BR', 'CA', 'CH', 'CL', 'CO', 'CR', 'CY', 'CZ', 'DE', 'DK', 'DO', 'DZ', 'EC', 'EE', 'EG', 'ES', 'FI', 'FR', 'GB', 'GR', 'GT', 'HK', 'HN', 'HU', 'ID', 'IE', 'IL', 'IS', 'IT', 'JO', 'JP', 'KW', 'LB', 'LI', 'LT', 'LU', 'LV', 'MA', 'MC', 'MT', 'MX', 'MY', 'NI', 'NL', 'NO', 'NZ', 'OM', 'PA', 'PE', 'PH', 'PL', 'PS', 'PT', 'PY', 'QA', 'RO', 'SA', 'SE', 'SG', 'SK', 'SV', 'TH', 'TN', 'TR', 'TW', 'US', 'UY', 'VN', 'ZA']",AR,0.565,1.0,201427.0,0.867,https://api.spotify.com/v1/tracks/32GWSQbpg1Ea1MMvl8HN23,32GWSQbpg1Ea1MMvl8HN23,0.0,2.0,0.147,-5.497,"

And it's all in how you mix the two
And it starts just where the light exists

It's a feeling that you cannot miss
It burns a hole
Through everyone that feels it

Well, you're never gonna find it
If you're looking for it
Won't come your way, yeah
Well, you'll never find it
If you're looking for it

Should've done something, but I've done it enough
By the way your hands were shaking
Rather waste some time with you

And you never would have thought, in the end
How amazing it feels just to live again

It's a feeling that you cannot miss
And it burns a hole
Through everyone that feels it

Well, you're never gonna find it
If you're looking for it
Won't come your way, yeah
Well, you'll never find it
If you're looking for it

Should've done something, but I've done it enough
By the way your hands were shaking
Rather waste some time with you
Should've said something, but I've said it enough
By the way my words were faded
Rather waste some time with you

Time with you
Time with you
Time with you
Waste some time with you
Waste some time with you

Should've done something, but I've done it enough
By the way your hands were shaking
Rather waste my time with you
Should've said something, but I've said it enough
By the way my words were faded
Rather waste my time with you
Should've done something, but I've done it enough
By the way my hands were shaking
Rather waste some time with you

Waste some time with you
Waste some time with you
Waste some time with you
Waste some time with you
Waste some time with you
Waste some time with you
Waste some time with you
By the way your hands were shaking
Rather waste some time with you
",0.0,Blue And Yellow,emo,56.0,https://p.scdn.co/mp3-preview/161d33bb56c023e50d045a87256400b35c6312c6?cid=b3cdb16d0df2409abf6a8f6c2f6c2e0c,0.0333,115.006,4.0,https://api.spotify.com/v1/tracks/32GWSQbpg1Ea1MMvl8HN23,track_32,8.0,spotify:track:32GWSQbpg1Ea1MMvl8HN23,0.259,track
0.00143,57d5dFo7oN2yUyGfSKPrRv,https://api.spotify.com/v1/audio-analysis/5jZ1Z2GFTf2gwmFc3qiUxs,['55VydwMyCuGcavwPuhutPL'],The Used,"['AD', 'AE', 'AR', 'AT', 'AU', 'BE', 'BG', 'BH', 'BO', 'BR', 'CA', 'CH', 'CL', 'CO', 'CR', 'CY', 'CZ', 'DE', 'DK', 'DO', 'DZ', 'EC', 'EE', 'EG', 'ES', 'FI', 'FR', 'GB', 'GR', 'GT', 'HK', 'HN', 'HU', 'ID', 'IE', 'IL', 'IS', 'IT', 'JO', 'JP', 'KW', 'LB', 'LI', 'LT', 'LU', 'LV', 'MA', 'MC', 'MT', 'MX', 'MY', 'NI', 'NL', 'NO', 'NZ', 'OM', 'PA', 'PE', 'PH', 'PL', 'PS', 'PT', 'PY', 'QA', 'RO', 'SA', 'SE', 'SG', 'SK', 'SV', 'TH', 'TN', 'TR', 'TW', 'US', 'UY', 'VN', 'ZA']",AR,0.541,1.0,208693.0,0.904,https://api.spotify.com/v1/tracks/5jZ1Z2GFTf2gwmFc3qiUxs,5jZ1Z2GFTf2gwmFc3qiUxs,0.0,7.0,0.193,-3.001,"

Is it worth it? Can you even hear me?
Standing with your spotlight on me
Not enough to feed the hungry
I'm tired, and I felt it for a while now
In this sea of lonely
The taste of ink is getting old, it's
Four o' clock in the fucking morning
Each day gets more and more like the last day
Still I can see it coming
While I'm standing in the river drowning
This could be my chance to break out
This could be my chance to say goodbye
At last, it's finally over
Couldn't take this town much longer
Being half-dead wasn't what I planned to be
Now I'm ready to be free

So here I am, it's in my hands
And I'll savor every moment of this
So here I am, alive at last
And I'll savor every moment of this

Don't you think I'm pretty
When I'm standing top the bright-lit city?
And I'll take your hand and pick you up
And keep you there so you can see it
So long as you're alive and care
I promise I will take you there
We'll drink and dance the night away
We can drink and dance the night away

So here I am, it's in my hands
And I'll savor every moment of this
So here I am, alive at last
And I'll savor every moment of this
I'll savor every moment of this

As long as you're alive
Here I am
I promise I will take you there
As long as you're alive
Here I am
I promise I will take you there

Don't you think I'm pretty
When I'm standing top the bright-lit city?
And I'll take your hand and pick you up
And keep you there so you can see it!
As long as you're alive and care
I promise I will take you there
So long as you're alive and care
I promise I will take you there

So here I am, it's in my hands
And I'll savor every moment of this
So here I am, alive at last
And I'll savor every moment of this
Savor every moment of this
Savor every moment of this
",1.0,The Taste Of Ink,emo,65.0,https://p.scdn.co/mp3-preview/ed98107407f0147bd0a0e8f3cfb909046743b7cb?cid=b3cdb16d0df2409abf6a8f6c2f6c2e0c,0.0435,98.122,4.0,https://api.spotify.com/v1/tracks/5jZ1Z2GFTf2gwmFc3qiUxs,track_9,2.0,spotify:track:5jZ1Z2GFTf2gwmFc3qiUxs,0.541,track
0.00289,10Mw53MGdbK8KjIhBM0Wx2,https://api.spotify.com/v1/audio-analysis/6IxQ0PdozaZKch1m8tGCwb,['55VydwMyCuGcavwPuhutPL'],The Used,"['AD', 'AE', 'AR', 'AT', 'AU', 'BE', 'BG', 'BH', 'BO', 'BR', 'CA', 'CH', 'CL', 'CO', 'CR', 'CY', 'CZ', 'DE', 'DK', 'DO', 'DZ', 'EC', 'EE', 'EG', 'ES', 'FI', 'FR', 'GB', 'GR', 'GT', 'HK', 'HN', 'HU', 'ID', 'IE', 'IL', 'IS', 'IT', 'JO', 'JP', 'KW', 'LB', 'LI', 'LT', 'LU', 'LV', 'MA', 'MC', 'MT', 'MX', 'MY', 'NI', 'NL', 'NO', 'OM', 'PA', 'PE', 'PH', 'PL', 'PS', 'PT', 'PY', 'QA', 'RO', 'SA', 'SE', 'SG', 'SK', 'SV', 'TH', 'TN', 'TR', 'TW', 'US', 'UY', 'VN', 'ZA']",AR,0.335,1.0,230427.0,0.858,https://api.spotify.com/v1/tracks/6IxQ0PdozaZKch1m8tGCwb,6IxQ0PdozaZKch1m8tGCwb,0.0,7.0,0.148,-4.565,"

So deep that it didn't even bleed and catch me
Off guard, red handed, now I'm far from lonely
Asleep, I still see you lying next to me
So deep that it didn't even bleed, and catch me, ahh

I need something else, would someone please just give me
Hit me, and knock me out and let me go back to sleep?
I can't laugh all I want, inside I still am empty
So deep that it didn't even bleed and catch me, ahh

I'll be just fine
Pretending I'm not
I'm far from lonely
And it's all that I've got
I'll be just fine
Pretending I'm not
I'm far from lonely
And it's all that I've got

I guess I remember every glance you shot me
Unharmed, I'm losing weight and some body-heat
Eyes closed so hard, I stopped your heart from beating
So deep that I didn't even scream, fuck me, ahh

I'll be just fine
Pretending I'm not
I'm far from lonely
And it's all that I've got
I'll be just fine
Pretending I'm not
I'm far from lonely
And it's all that I've got

Yeah, it's all that I've got
Yeah, it's all that I've got
Yeah, it's all that I've got
Yeah, it's all that I've got
Yeah, it's all that I've got
So deep that it didn't even bleed, and catch me
So deep that I didn't even scream, fuck me

I'll be just fine
Pretending I'm not
I'm far from lonely
And it's all that I've got
I'll be just fine
Pretending I'm not
I'm far from lonely
And it's all that I've got

And it's all that I've got
Yeah, it's all that I've got
",1.0,All That I've Got,emo,57.0,https://p.scdn.co/mp3-preview/2f1dd87ac28f144a16b87b32b99f3aa910711876?cid=b3cdb16d0df2409abf6a8f6c2f6c2e0c,0.0532,177.981,4.0,https://api.spotify.com/v1/tracks/6IxQ0PdozaZKch1m8tGCwb,track_13,4.0,spotify:track:6IxQ0PdozaZKch1m8tGCwb,0.451,track
0.0551,3df1BIiTr2gxRch1Et9LaB,https://api.spotify.com/v1/audio-analysis/3VY42CX63Kshy77EbM6Zrr,['2ABBMkcUeM9hdpimo86mo6'],From First to Last,"['AD', 'AE', 'AR', 'AT', 'AU', 'BE', 'BG', 'BH', 'BO', 'BR', 'CA', 'CH', 'CL', 'CO', 'CR', 'CY', 'CZ', 'DE', 'DK', 'DO', 'DZ', 'EC', 'EE', 'EG', 'ES', 'FI', 'FR', 'GB', 'GR', 'GT', 'HK', 'HN', 'HU', 'ID', 'IE', 'IL', 'IN', 'IS', 'IT', 'JO', 'JP', 'KW', 'LB', 'LI', 'LT', 'LU', 'LV', 'MA', 'MC', 'MT', 'MX', 'MY', 'NI', 'NL', 'NO', 'NZ', 'OM', 'PA', 'PE', 'PH', 'PL', 'PS', 'PT', 'PY', 'QA', 'RO', 'SA', 'SE', 'SG', 'SK', 'SV', 'TH', 'TN', 'TR', 'TW', 'US', 'UY', 'VN', 'ZA']",AR,0.541,1.0,231804.0,0.673,https://api.spotify.com/v1/tracks/3VY42CX63Kshy77EbM6Zrr,3VY42CX63Kshy77EbM6Zrr,0.148,1.0,0.123,-9.246,"

And there's just, you know, days when you wake up and you just wish, at the end of the day, you hadn't cursed, you hadn't done anything that's just been a trial

",1.0,Emily,emo,57.0,https://p.scdn.co/mp3-preview/580635f610783cb066e53a46841ad7ed63951f84?cid=b3cdb16d0df2409abf6a8f6c2f6c2e0c,0.042,108.98,4.0,https://api.spotify.com/v1/tracks/3VY42CX63Kshy77EbM6Zrr,track_32,1.0,spotify:track:3VY42CX63Kshy77EbM6Zrr,0.219,track
0.00197,5kykHij9W4lQ4fFEfIo7BB,https://api.spotify.com/v1/audio-analysis/0wVluBsVAVzBKrqspuCcwR,['3ao3jf5d70Tf4fPh2bnXVl'],We The Kings,"['AD', 'AE', 'AR', 'AT', 'BE', 'BG', 'BH', 'BO', 'BR', 'CA', 'CH', 'CL', 'CO', 'CR', 'CY', 'CZ', 'DE', 'DK', 'DO', 'DZ', 'EC', 'EE', 'EG', 'ES', 'FI', 'FR', 'GB', 'GR', 'GT', 'HK', 'HN', 'HU', 'ID', 'IE', 'IL', 'IS', 'IT', 'JO', 'JP', 'KW', 'LB', 'LI', 'LT', 'LU', 'LV', 'MA', 'MC', 'MT', 'MX', 'MY', 'NI', 'NL', 'NO', 'OM', 'PA', 'PE', 'PH', 'PL', 'PS', 'PT', 'PY', 'QA', 'RO', 'SA', 'SE', 'SG', 'SK', 'SV', 'TH', 'TN', 'TR', 'TW', 'US', 'UY', 'VN', 'ZA']",AR,0.352,1.0,220147.0,0.912,https://api.spotify.com/v1/tracks/0wVluBsVAVzBKrqspuCcwR,0wVluBsVAVzBKrqspuCcwR,0.0,7.0,0.193,-4.253,"

Check yes, Juliet, are you with me?
Rain is falling down on the sidewalk
I won't go until you come outside
Check yes, Juliet, kill the limbo
I'll keep tossing rocks at your window
There's no turning back for us tonight

Lace up your shoes (Ayo, ayo)
Here's how we do

Run, baby run, don't ever look back
They'll tear us apart if you give them the chance (Give them the chance)
Don't sell your heart, don't say we're not meant to be
Run, baby run, forever we'll be
You and me

Check yes, Juliet, I'll be waiting
Wishing, wanting yours for the taking
Just sneak out and don't tell a soul goodbye
Check yes, Juliet, here's the countdown:
3, 2, 1, now fall in my arms now
They can change the locks, don't let them change your mind

Lace up your shoes (Ayo, ayo)
Here's how we do

Run baby run, don't ever look back
They'll tear us apart if you give them the chance (Give them the chance)
Don't sell your heart, don't say we're not meant to be
Run baby run, forever we'll be
You and me

We're flying through the night, we're flying through the night
Way up high
The view from here is getting better with you by my side

Run baby run, don't ever look back
They'll tear us apart if you give them the chance
Don't sell your heart, don't say we're not meant to be
Run baby run, forever we'll be
Run baby run, don't ever look back
They'll tear us apart if you give them the chance (Give them the chance)
Don't sell your heart, don't say we're not meant to be
Run baby run, forever we'll be
You and me

You and me
You and me
",1.0,"Check Yes, Juliet",emo,70.0,https://p.scdn.co/mp3-preview/068cad9417f07f6c3b00c0c0a8993e737dca4ad5?cid=b3cdb16d0df2409abf6a8f6c2f6c2e0c,0.0725,166.795,4.0,https://api.spotify.com/v1/tracks/0wVluBsVAVzBKrqspuCcwR,track_3,3.0,spotify:track:0wVluBsVAVzBKrqspuCcwR,0.351,track
0.00666,5CTygC3aONv7l0klY4k3hc,https://api.spotify.com/v1/audio-analysis/0BRHnOFm6sjxN1i9LJrUDu,['5aYyPjAsLj7UzANzdupwnS'],Good Charlotte,"['AD', 'AE', 'AR', 'AT', 'AU', 'BE', 'BG', 'BH', 'BO', 'BR', 'CA', 'CH', 'CL', 'CO', 'CR', 'CY', 'CZ', 'DE', 'DK', 'DO', 'DZ', 'EC', 'EE', 'EG', 'ES', 'FI', 'FR', 'GB', 'GR', 'GT', 'HK', 'HN', 'HU', 'ID', 'IE', 'IL', 'IN', 'IS', 'IT', 'JO', 'JP', 'KW', 'LB', 'LI', 'LT', 'LU', 'LV', 'MA', 'MC', 'MT', 'MX', 'MY', 'NI', 'NL', 'NO', 'NZ', 'OM', 'PA', 'PE', 'PH', 'PL', 'PS', 'PT', 'PY', 'QA', 'RO', 'SA', 'SE', 'SG', 'SK', 'SV', 'TH', 'TN', 'TR', 'TW', 'US', 'UY', 'VN', 'ZA']",AR,0.494,1.0,175093.0,0.939,https://api.spotify.com/v1/tracks/0BRHnOFm6sjxN1i9LJrUDu,0BRHnOFm6sjxN1i9LJrUDu,0.0,1.0,0.139,-3.127,"

Yeah
Here we go

It's a new day but it all feels old
""It's a good life"" – that's what I'm told
But every day, it all just feels the same
At my high school it felt more to me
Like a jail cell, a penitentiary
My time spent there – it only made me see
That I don't ever wanna be like you
I don't wanna do the things you do
I'm never gonna to hear the words you say and...

I don't ever wanna– I don't ever wanna be you
Don't wanna be just like you
Uh, what I'm saying is
This is the anthem, throw all your hands up
You, don't wanna be you

""Go to college or university
Get a real job"" – that's what they said to me
But I could never live the way they want
I'm going to get by And just do my time
Outta step while they all get in line
I'm just a minor threat so pay no mind
Do you really wanna to be like them?
Do you really wanna be another trend?
Do you wanna be part of that crowd? 'Cause...

I don't ever wanna– I don't ever wanna be you
Don't wanna be just like you
Uh, what I'm saying is
This is the anthem, throw all your hands up
You, don't wanna be you

Shake it once, that's fine
Shake it twice, that's okay
Shake it three times
You're playing with your self again
(You, don't wanna be just like you)
What I'm saying is
This is the anthem, throw all your hands up
Now you can feel me, sing if you're with me
You, don't wanna be just like you
(Just like you)
This is the anthem, throw all your hands up
Now you can feel me, sing if you're with me

Another loser anthem (wahoo)
Another loser anthem  (wahoo)
Another loser anthem  (wahoo)
Another loser anthem  (wahoo)
",1.0,The Anthem,emo,73.0,https://p.scdn.co/mp3-preview/37bf3c2518b7d23df6df45e7d17a38dc313e8cae?cid=b3cdb16d0df2409abf6a8f6c2f6c2e0c,0.126,177.751,4.0,https://api.spotify.com/v1/tracks/0BRHnOFm6sjxN1i9LJrUDu,track_22,2.0,spotify:track:0BRHnOFm6sjxN1i9LJrUDu,0.893,track
0.00215,1pI854V2VZaiDZ9HodPGvq,https://api.spotify.com/v1/audio-analysis/24dpGg9bsvA1uOqL7GPlm3,['7qpy5KY3DVrezixTl6mziA'],From First to Last,"['AD', 'AE', 'AR', 'AT', 'AU', 'BE', 'BG', 'BH', 'BO', 'BR', 'CA', 'CH', 'CL', 'CO', 'CR', 'CY', 'CZ', 'DE', 'DK', 'DO', 'DZ', 'EC', 'EE', 'EG', 'ES', 'FI', 'FR', 'GB', 'GR', 'GT', 'HK', 'HN', 'HU', 'ID', 'IE', 'IL', 'IN', 'IS', 'IT', 'JO', 'JP', 'KW', 'LB', 'LI', 'LT', 'LU', 'LV', 'MA', 'MC', 'MT', 'MX', 'MY', 'NI', 'NL', 'NO', 'NZ', 'OM', 'PA', 'PE', 'PH', 'PL', 'PS', 'PT', 'PY', 'QA', 'RO', 'SA', 'SE', 'SG', 'SK', 'SV', 'TH', 'TN', 'TR', 'TW', 'US', 'UY', 'VN', 'ZA']",AR,0.291,1.0,356067.0,0.873,https://api.spotify.com/v1/tracks/24dpGg9bsvA1uOqL7GPlm3,24dpGg9bsvA1uOqL7GPlm3,0.25,8.0,0.109,-7.291,"

No-fly list. No-drive list. No-walk list. No-talk list
No muckraking journalist left to take stock of
The wholesale omission of outside perspectives
How does it make you feel to know that you voted for this?
Fuck this
So much for your hopes and your dreams and your children
You just sat there believing in this bullshit system
Just wishing the mob would magically come to its senses
How does it make you feel to know you just stood by and watched it?
Dazed. Numb. Powerless. Stunned
While we frantically click our heels, already home
The bands. The sports. The booze. It's all that’s left of you
When the cops and the courts refuse
To confess the sins of the few
What is there left to do?
The answer's there right before your eyes
Rise
",0.0,Note To Self,emo,36.0,https://p.scdn.co/mp3-preview/30d5071b40b78dda1234941a14c652beb0f831f4?cid=b3cdb16d0df2409abf6a8f6c2f6c2e0c,0.0502,133.569,3.0,https://api.spotify.com/v1/tracks/24dpGg9bsvA1uOqL7GPlm3,track_42,1.0,spotify:track:24dpGg9bsvA1uOqL7GPlm3,0.227,track
0.0411,1FPDKmotHS1ESWAgjUEqh2,https://api.spotify.com/v1/audio-analysis/6QfnvcOKsdN4Q6exUWVuzn,['126FigDBtqwS2YsOYMTPQe'],Hawthorne Heights,"['AD', 'AE', 'AR', 'AT', 'AU', 'BE', 'BG', 'BH', 'BO', 'BR', 'CA', 'CH', 'CL', 'CO', 'CR', 'CY', 'CZ', 'DE', 'DK', 'DO', 'DZ', 'EC', 'EE', 'EG', 'ES', 'FI', 'FR', 'GB', 'GR', 'GT', 'HK', 'HN', 'HU', 'ID', 'IE', 'IL', 'IN', 'IS', 'IT', 'JO', 'JP', 'KW', 'LB', 'LI', 'LT', 'LU', 'LV', 'MA', 'MC', 'MT', 'MX', 'MY', 'NI', 'NL', 'NO', 'NZ', 'OM', 'PA', 'PE', 'PH', 'PL', 'PS', 'PT', 'PY', 'QA', 'RO', 'SA', 'SE', 'SG', 'SK', 'SV', 'TH', 'TN', 'TR', 'TW', 'US', 'UY', 'VN', 'ZA']",AR,0.568,1.0,244480.0,0.835,https://api.spotify.com/v1/tracks/6QfnvcOKsdN4Q6exUWVuzn,6QfnvcOKsdN4Q6exUWVuzn,0.0,8.0,0.357,-6.896,"
Hey, there
I know it's hard to feel like I don't care at all
Where you are and how you feel
With these lights off as these wheels
Keep rolling on and on
(And on and on and on...)
Slow things down or speed them up
Not enough or way too much
(And on and on and on...)
How are you when I'm gone?

And I can't make it on my own
(And I can't make it on my own)
Because my heart is in Ohio
So cut my wrists and black my eyes
(Cut my wrists and black my eyes)
So I can fall asleep tonight, or die
Because you kill me
You know you do, you kill me well
You like it too, and I can tell
You'll never stop until my final breath is gone
Spare me just three last words
""I love you"" is all she heard
I'll wait for you, but I can't wait forever
Spare me just three last words
""I love you"" is all she heard
I'll wait for you, but I can't wait forever

And I can't make it on my own
(And I can't make it on my own)
Because my heart is in Ohio
So cut my wrists and black my eyes
(Cut my wrists and black my eyes)
So I can fall asleep tonight, or die
Because you kill me
You know you do, you kill me well
You like it too, and I can tell
You'll never stop until my final breath is gone
You know you do, you kill me well
You like it too, and I can tell
You'll never stop until my final breath is gone
So cut my wrists and black my eyes
My final breath is gone
So I can fall asleep tonight

And I can't make it on my own
(And I can't make it on my own)
Because my heart is in Ohio
So cut my wrists and black my eyes
(Cut my wrists and black my eyes)
So I can fall asleep tonight, or die
Because you kill me
You know you do, you kill me well
You like it too, and I can tell
You'll never stop until my final breath is gone
You know you do, you kill me well
You like it too, and I can tell
You'll never stop until my final breath is gone
You know you do, you kill me well
You like it too, and I can tell
You'll never stop until my final breath is gone
You know you do, you kill me well
You like it too, and I can tell
You'll never stop until my final breath is gone
",0.0,Ohio Is for Lovers,emo,64.0,https://p.scdn.co/mp3-preview/426a6c649df8cfc501e5a360697993abfdb2d5df?cid=b3cdb16d0df2409abf6a8f6c2f6c2e0c,0.0687,170.045,4.0,https://api.spotify.com/v1/tracks/6QfnvcOKsdN4Q6exUWVuzn,track_11,8.0,spotify:track:6QfnvcOKsdN4Q6exUWVuzn,0.625,track
0.00177,2NLyP6U1OZZ8d4PvbVANLT,https://api.spotify.com/v1/audio-analysis/2y8VWxzuw49UaIc4F5QIQk,['591yCCsZCLXvaJ0Rg38vLZ'],Senses Fail,"['AD', 'AE', 'AR', 'AT', 'AU', 'BE', 'BG', 'BH', 'BO', 'BR', 'CA', 'CH', 'CL', 'CO', 'CR', 'CY', 'CZ', 'DE', 'DK', 'DO', 'DZ', 'EC', 'EE', 'EG', 'ES', 'FI', 'FR', 'GB', 'GR', 'GT', 'HK', 'HN', 'HU', 'ID', 'IE', 'IL', 'IS', 'IT', 'JO', 'JP', 'KW', 'LB', 'LI', 'LT', 'LU', 'LV', 'MA', 'MC', 'MT', 'MX', 'MY', 'NI', 'NL', 'NO', 'NZ', 'OM', 'PA', 'PE', 'PH', 'PL', 'PS', 'PT', 'PY', 'QA', 'RO', 'SA', 'SE', 'SG', 'SK', 'SV', 'TH', 'TN', 'TR', 'TW', 'US', 'UY', 'VN', 'ZA']",AR,0.491,1.0,179987.0,0.87,https://api.spotify.com/v1/tracks/2y8VWxzuw49UaIc4F5QIQk,2y8VWxzuw49UaIc4F5QIQk,0.0,2.0,0.517,-5.31,"

Rest in peace girl, your death is such a shame
The paper said a bullet got in your way
But I call foul play, possible poisoning
I had to bring you in for questioning
I went to your grave, dug up your body
Brought it to my house where you lay

So let's play doctor, babe
We'll operate today
Incisions must be made
You could help solve this case for me

I headed downtown to show what I had found
It's not a suicide it's a crime
I have a witness, extremely evident
There had to be someone else present
At the time of death, poison's in stomach
How could she pull it if she's dead?

So let's play doctor, babe
We'll operate today
Incisions must be made
You could help solve this case
We need a scalpel now
Under white lights you lay
We've got to hurry up
Before the flesh decays away, away

I'll catch the murderer
And send him away
I'll get the evidence
From your last day
Your last day, your last day

",1.0,Buried a Lie,emo,54.0,https://p.scdn.co/mp3-preview/5548f72cf51ea2d70db6e5bc95782ea49b55319c?cid=b3cdb16d0df2409abf6a8f6c2f6c2e0c,0.136,163.268,4.0,https://api.spotify.com/v1/tracks/2y8VWxzuw49UaIc4F5QIQk,track_31,4.0,spotify:track:2y8VWxzuw49UaIc4F5QIQk,0.532,track
9.11e-06,76avO7AfsTAMe4dvVV3Wwj,https://api.spotify.com/v1/audio-analysis/63k8KXOgawK2cNtvm2ZW8y,['591yCCsZCLXvaJ0Rg38vLZ'],Senses Fail,"['AD', 'AE', 'AR', 'AT', 'AU', 'BE', 'BG', 'BH', 'BO', 'BR', 'CA', 'CH', 'CL', 'CO', 'CR', 'CY', 'CZ', 'DE', 'DK', 'DO', 'DZ', 'EC', 'EE', 'EG', 'ES', 'FI', 'FR', 'GB', 'GR', 'GT', 'HK', 'HN', 'HU', 'ID', 'IE', 'IL', 'IS', 'IT', 'JO', 'JP', 'KW', 'LB', 'LI', 'LT', 'LU', 'LV', 'MA', 'MC', 'MT', 'MX', 'MY', 'NI', 'NL', 'NO', 'NZ', 'OM', 'PA', 'PE', 'PH', 'PL', 'PS', 'PT', 'PY', 'QA', 'RO', 'SA', 'SE', 'SG', 'SK', 'SV', 'TH', 'TN', 'TR', 'TW', 'US', 'UY', 'VN', 'ZA']",AR,0.331,1.0,187547.0,0.976,https://api.spotify.com/v1/tracks/63k8KXOgawK2cNtvm2ZW8y,63k8KXOgawK2cNtvm2ZW8y,0.000117,2.0,0.319,-3.242,"

""Follow your bliss,"" it reads on my chest
I know I got it tattooed for a reason
Why can't I just hold it true?
Cause I'm still crashing all the funerals
Of these people that I never knew
Yeah!

I'm stuck in a coma
Stuck in a never-ending sleep
And someday I will wake up
And realize I made up everything

I shut the door and turn all the lights out
And listen to all the songs that the night shouts
They go something just like this:
So, go fill up a glass with tonic rocks and gin
And drink yourself to happiness

I'm stuck in a coma
Stuck in a never-ending sleep
And someday I will wake up
And realize I made up everything

We can all hang ourselves from gold chandeliers
And drink goodbye to all, all the pain and fears
Loose lips have sunk this ship, to a shallow grave
Washed up, upon the rocks
I won't be saved. I won't be saved!

I'm stuck in a coma
Stuck in a never-ending sleep
And someday I will wake up
And realize I gave up everything

(I won't...) So ""follow your bliss,"" it reads on my chest. (...be saved)
(I won't...) I know I got it tattooed for a reason (...be saved)
(I won't...) I shut the door and turn all the lights out (...be saved)
(I won't...) And listen to all the songs that the night shouts (...be saved)
",1.0,Can't Be Saved,emo,60.0,https://p.scdn.co/mp3-preview/f23a730afd4422c136ad641dfec58a29cfc3f28a?cid=b3cdb16d0df2409abf6a8f6c2f6c2e0c,0.113,170.059,4.0,https://api.spotify.com/v1/tracks/63k8KXOgawK2cNtvm2ZW8y,track_11,4.0,spotify:track:63k8KXOgawK2cNtvm2ZW8y,0.426,track
0.00602,3DuiGV3J09SUhvp8gqNx8h,https://api.spotify.com/v1/audio-analysis/7lRlq939cDG4SzWOF4VAnd,['7FBcuc1gsnv6Y1nwFtNRCb'],My Chemical Romance,"['AD', 'AE', 'AR', 'AT', 'AU', 'BE', 'BG', 'BH', 'BO', 'BR', 'CA', 'CH', 'CL', 'CO', 'CR', 'CY', 'CZ', 'DE', 'DK', 'DO', 'DZ', 'EC', 'EE', 'EG', 'ES', 'FI', 'FR', 'GB', 'GR', 'GT', 'HK', 'HN', 'HU', 'ID', 'IE', 'IL', 'IS', 'IT', 'JO', 'JP', 'KW', 'LB', 'LI', 'LT', 'LU', 'LV', 'MA', 'MC', 'MT', 'MX', 'MY', 'NI', 'NL', 'NO', 'NZ', 'OM', 'PA', 'PE', 'PH', 'PL', 'PS', 'PT', 'PY', 'QA', 'RO', 'SA', 'SE', 'SG', 'SK', 'SV', 'TH', 'TN', 'TR', 'TW', 'US', 'UY', 'VN', 'ZA']",AR,0.21,1.0,186480.0,0.94,https://api.spotify.com/v1/tracks/7lRlq939cDG4SzWOF4VAnd,7lRlq939cDG4SzWOF4VAnd,0.0,9.0,0.269,-3.427,"

Well, if you wanted honesty
That's all you had to say
I never want to let you down
Or have you go, it's better off this way
For all the dirty looks
The photographs your boyfriend took
Remember when you broke your foot
From jumping out the second floor?

I'm not okay
I'm not okay
I'm not okay
You wear me out

What will it take to show you
That it's not the life it seems? (I'm not okay)
I've told you time and time again
You sing the words but don't know what it means (I'm not okay)
To be a joke and look
Another line without a hook
I held you close as we both shook
For the last time, take a good hard look

I'm not okay
I'm not okay
I'm not okay
You wear me out

Forget about the dirty looks
The photographs your boyfriend took
You said you read me like a book
But the pages all are torn and frayed
I'm okay, I'm okay, I'm okay now (I'm okay, now)
But you really need to listen to me
Because I'm telling you the truth
I mean this, I'm okay! (Trust me)

I'm not okay
I'm not okay
Well, I'm not okay, I'm not o-fucking-kay
I'm not okay
I'm not okay
",1.0,I'm Not Okay (I Promise),emo,73.0,https://p.scdn.co/mp3-preview/b5ad0ef700a456e320076c3000826d0ce050eb6e?cid=b3cdb16d0df2409abf6a8f6c2f6c2e0c,0.123,179.722,4.0,https://api.spotify.com/v1/tracks/7lRlq939cDG4SzWOF4VAnd,track_20,5.0,spotify:track:7lRlq939cDG4SzWOF4VAnd,0.255,track
0.401,5DphHIaiZBFZvI1epMUjMZ,https://api.spotify.com/v1/audio-analysis/0H20PIDhzGnoOOYE6VC1TX,['1iUB72crNwlgJybWBA5Fl8'],Boys Like Girls,"['AD', 'AE', 'AR', 'AT', 'AU', 'BE', 'BG', 'BH', 'BO', 'BR', 'CA', 'CH', 'CL', 'CO', 'CR', 'CY', 'CZ', 'DE', 'DK', 'DO', 'DZ', 'EC', 'EE', 'EG', 'ES', 'FI', 'FR', 'GB', 'GR', 'GT', 'HK', 'HN', 'HU', 'ID', 'IE', 'IL', 'IN', 'IS', 'IT', 'JO', 'JP', 'KW', 'LB', 'LI', 'LT', 'LU', 'LV', 'MA', 'MC', 'MT', 'MX', 'MY', 'NI', 'NL', 'NO', 'NZ', 'OM', 'PA', 'PE', 'PH', 'PL', 'PS', 'PT', 'PY', 'QA', 'RO', 'SA', 'SE', 'SG', 'SK', 'SV', 'TH', 'TN', 'TR', 'TW', 'US', 'UY', 'VN', 'ZA']",AR,0.596,1.0,171696.0,0.415,https://api.spotify.com/v1/tracks/0H20PIDhzGnoOOYE6VC1TX,0H20PIDhzGnoOOYE6VC1TX,0.0,0.0,0.106,-9.72,"

Saturday night, living the dream
Ordering drinks with your brother's ID
Pretending we like someone's girlfriend's band
Put on our boots, carry our heels
Stumbling home over the fields
Gin from a bottle stolen from her dad

You smoke to choke the feeling
'Til the walls don't meet the ceiling
All we talk about is leaving

All that I know is
No matter how far away
This is the place we were made
I know every streetlight
And maybe the colours will fade
This is the place we were made
By the late nights and fires on the beach
Made by the small town, secrets we'd keep
All that I know is
No matter how far away
This is the place we were made

Painting my face, straighten my hair
Wait for the bus, take us somewhere
Anywhere that's far away from home
We're playing poker down in her shed
Talking about boys, now we call ex
Freezing cold and we don't even know

You smoke to choke the feeling
'Til the walls don't meet the ceiling
All we talk about is leaving

All that I know is
No matter how far away
This is the place we were made
I know every streetlight
And maybe the colours will fade
This is the place we were made
By the late nights and fires on the beach
Made by the small town, secrets we'd keep
All that I know is
No matter how far away
This is the place we were made
Oo-ooo, oo-ooo-oo-oooo
Oo-oooo
All that I know is
No matter how far away
This is the place we were made
I know every streetlight
And maybe the colours will fade
This is the place we were made
By the late nights and the fires on the beach
Made by the small town, secrets we'd keep
All that I know is
No matter how far away
This is the place we were made
",1.0,Thunder,emo,62.0,https://p.scdn.co/mp3-preview/9203e9ccf5cec72d99237e0653d41d1c10d059ec?cid=b3cdb16d0df2409abf6a8f6c2f6c2e0c,0.0278,77.955,4.0,https://api.spotify.com/v1/tracks/0H20PIDhzGnoOOYE6VC1TX,track_48,1.0,spotify:track:0H20PIDhzGnoOOYE6VC1TX,0.15,track
