acousticness,album_id,analysis_url,artists_id,artists_name,available_markets,country,danceability,disc_number,duration_ms,energy,href,id,instrumentalness,key,liveness,loudness,lyrics,mode,name,playlist,popularity,preview_url,speechiness,tempo,time_signature,track_href,track_name_prev,track_number,uri,valence,type
0.0447,1BVZ2XAFhQeokenrpcq1vu,https://api.spotify.com/v1/audio-analysis/4p1UKkQQOeRafwDg53JAxa,['5lq5zGMwft3O3jtQxbd7gp'],Post Malone,"['AD', 'AE', 'AR', 'AT', 'AU', 'BE', 'BG', 'BH', 'BO', 'BR', 'CA', 'CH', 'CL', 'CO', 'CR', 'CY', 'CZ', 'DE', 'DK', 'DO', 'DZ', 'EC', 'EE', 'EG', 'ES', 'FI', 'FR', 'GB', 'GR', 'GT', 'HK', 'HN', 'HU', 'ID', 'IE', 'IL', 'IN', 'IS', 'IT', 'JO', 'JP', 'KW', 'LB', 'LI', 'LT', 'LU', 'LV', 'MA', 'MC', 'MT', 'MX', 'MY', 'NI', 'NL', 'NO', 'NZ', 'OM', 'PA', 'PE', 'PH', 'PL', 'PS', 'PT', 'PY', 'QA', 'RO', 'SA', 'SE', 'SG', 'SK', 'SV', 'TH', 'TN', 'TR', 'TW', 'US', 'UY', 'VN', 'ZA']",BE,0.686,1.0,162174.0,0.659,https://api.spotify.com/v1/tracks/4p1UKkQQOeRafwDg53JAxa,4p1UKkQQOeRafwDg53JAxa,0.0,1.0,0.0892,-9.377,"

Huh, yuh, ayee, lil bitch
Yuh, yuh, wait, yuh
All these hoe's wanna talk
Yuh, yuh, aye, yuh

Yea my bitch from planet Earth I'm from Venus
She give me brain like a nerd she a genius (huh)
? in my cup bitch I'm leanin' (lil bitch)
Xanax (gang) got me slumped, yea I'm geekin' (no re)
All these hoes wanna talk yea
All these hoes wanna sneak dis
Kyrptonite up in the blunt,  (gang) uh
What the fuck is a weekness (yea)
I got a lot of regrets yea, I'm being surrounded by demons (huh)
Woah, yuh, I flex on yo bitch then I'm leavin

Yuh, aye, all my diamonds are nebula
Woah, yuh, she hit my line, hit my cellular (she hit my cellular)
Wait, yuh, I do this shit on the regular (do it on the regular)
Woah, yea, I do this shit on the regular (yuh)
Yea, they sleepin' on me snorin' (sleepin')
VIP LIL REED is so important (so important)
I'm makin' money I'm like Dora I'm explorin' (I'm explorin')
I'm with yo bae and you that we in a foreign
(ayeee)

Yea my bitch from planet Earth I'm from Venus
She give me brain like a nerd she a genius (huh)
? in my cup bitch I'm leanin' (lil bitch)
Xanax (gang) got me slumped, yea I'm geekin' (no re)
All these hoes wanna talk yea
All these hoes wanna sneak dis
Kyrptonite up in the blunt (gang), uh
What the fuck is a weekness (yea)
I got a lot of regrets yea, I'm being surrounded by demons (huh)
Woah, yuh, I flex on yo bitch then I'm leavin (yuh)

I roll a backwood of the glue
Yea I'm with your boo (your boo)
I pull up in a Bentley coupe, walk in my Mt.Dew (my dew)
I'm posted with my fuckin' gang, I'm posted with my crew
(my gang)
We never gonna lose, yea they sleepin' on me snooze (they sleep)
I've been getting in all this shit, I been but on my grind (my grind)
I'm makin' money yea y'all ? I'm committing crimes --(wait)
Yea, yo bitch shes lookin' fine, and she a dime
Yea you know (yuh) she finna sniff the line
She like the cocaine
I feel like I'm a rockstar, I feel like Cobain
I fucked yo bae, I smoke this gas, I smoke this propane
(I smoke this propane)
I just want diamonds on my neck
I just want gold chains (i just want gold chains)
Yuh, woah, all you boys is so lame (yea you so lame)
Yuh, all you boys is so lame (yea, aye)
All you boys is so lame (aye, so lame)

Yea my bitch from planet Earth I'm from Venus (yuh)
She give me brain like a nerd she a genius (she a genius)
? in my cup bitch I'm leanin' (bitch im leanin')
Xanax got me slumped, yea I'm geekin'
All these hoes wanna talk yea
All these hoes wanna sneak dis
Kyrptonite up in the blunt (huh), uh
What the fuck is a weekness (yea)
I got a lot of regrets yea, I'm being surrounded by demons
Woah, yuh, I flex on yo bitch then I'm leavin
(Yea-- I flex on yo bitch then im leavin' --no re)
",1.0,Rockstar,hip_hop,41.0,https://p.scdn.co/mp3-preview/1039577f25acba7f1f1185eef3e0919a260819b1?cid=b3cdb16d0df2409abf6a8f6c2f6c2e0c,0.307,154.977,4.0,https://api.spotify.com/v1/tracks/4p1UKkQQOeRafwDg53JAxa,track_27,1.0,spotify:track:4p1UKkQQOeRafwDg53JAxa,0.716,track
0.0303,3QxX3NbWyLlLG6lP1xveL3,https://api.spotify.com/v1/audio-analysis/6oO7WMjD6kEvCITLbVj0mu,['5eAWCfyUhZtHHtBdNk56l1'],The Notorious B.I.G.,"['AD', 'AE', 'AR', 'AT', 'AU', 'BE', 'BG', 'BH', 'BO', 'BR', 'CA', 'CH', 'CL', 'CO', 'CR', 'CY', 'CZ', 'DE', 'DK', 'DO', 'DZ', 'EC', 'EE', 'EG', 'ES', 'FI', 'FR', 'GB', 'GR', 'GT', 'HN', 'HU', 'IL', 'IS', 'IT', 'JO', 'JP', 'KW', 'LB', 'LI', 'LT', 'LU', 'LV', 'MA', 'MC', 'MT', 'MX', 'NI', 'NL', 'NO', 'NZ', 'OM', 'PA', 'PE', 'PL', 'PS', 'PT', 'PY', 'QA', 'RO', 'SA', 'SE', 'SK', 'SV', 'TN', 'TR', 'US', 'UY', 'ZA']",BE,0.274,1.0,189440.0,0.92,https://api.spotify.com/v1/tracks/6oO7WMjD6kEvCITLbVj0mu,6oO7WMjD6kEvCITLbVj0mu,0.000412,6.0,0.115,-4.096,"

Why don't you ask the kids at Tienanmen square?
Was Fashion the reason why they were there?
They disguise it, hypnotize it
Television made you buy it

I'm just sitting in my car and waiting for my

She's scared that I will take her away from there
Her dreams that her country left with no one there
Mesmerized the simple-minded
Propaganda leaves us blinded

I'm just sitting in my car and waiting for my girl
I'm just sitting in my car and waiting for my girl


I'm just sitting in my car and waiting for my girl
I'm just sitting in my car and waiting for my... girl
",1.0,Hypnotize,hip_hop,69.0,https://p.scdn.co/mp3-preview/134b723e412747c9f0319191c46df24fc40b856a?cid=b3cdb16d0df2409abf6a8f6c2f6c2e0c,0.0489,153.986,4.0,https://api.spotify.com/v1/tracks/6oO7WMjD6kEvCITLbVj0mu,track_40,4.0,spotify:track:6oO7WMjD6kEvCITLbVj0mu,0.0397,track
0.161,3fUfLlnvi1phe0vKhDBKwM,https://api.spotify.com/v1/audio-analysis/7GdGBGwFMg21mY9kNpNKXI,['2efrqekWSHlvhATD50AG3m'],Travis Scott,"['AD', 'AE', 'AR', 'AT', 'AU', 'BE', 'BG', 'BH', 'BO', 'BR', 'CA', 'CH', 'CL', 'CO', 'CR', 'CY', 'CZ', 'DE', 'DK', 'DO', 'DZ', 'EC', 'EE', 'EG', 'ES', 'FI', 'FR', 'GB', 'GR', 'GT', 'HK', 'HN', 'HU', 'ID', 'IE', 'IL', 'IN', 'IS', 'IT', 'JO', 'JP', 'KW', 'LB', 'LI', 'LT', 'LU', 'LV', 'MA', 'MC', 'MT', 'MX', 'MY', 'NI', 'NL', 'NO', 'NZ', 'OM', 'PA', 'PE', 'PH', 'PL', 'PS', 'PT', 'PY', 'QA', 'RO', 'SA', 'SE', 'SG', 'SK', 'SV', 'TH', 'TN', 'TR', 'TW', 'US', 'UY', 'VN', 'ZA']",BE,0.506,1.0,169756.0,0.807,https://api.spotify.com/v1/tracks/7GdGBGwFMg21mY9kNpNKXI,7GdGBGwFMg21mY9kNpNKXI,0.0,8.0,0.114,-3.96,"

I fell in love in the sky
On the back of a dragon
It was magic
We were so high, I thought I'd die
'Cause I could see heaven
It was heaven
But it was all a dream
I woke up in my bed
It's so damn hot in here
I got your message read
They tattletale like feds
Just wanna be your friend
And go downtown in the evenin'
Sharin' secrets, I promise I'll keep them

Let's just stay inside my vehicle
I can drive wherever let's go
Your smile is my antidote
Your smile is my antidote
Let's just stay inside my vehicle
I can drive wherever let's go
Your smile is my antidote
Your smile is my antidote

Ridin' through the city like
We gon' rob a bank tonight
Like we ain't got work tonight
I got angels on my side
They ride or dies (so what I'm sayin')
We'll be just fine (so what you mean)
We'll be alright (so what you sayin', yeah)
(So what you sayin') we'll be just fine
So sweet like Krispy Kreme
So smooth like Mr. Softee
Come down my street, please
I got cash money

Let's just stay inside my vehicle
I can drive wherever let's go
Your smile is my antidote
Your smile is my antidote
Let's just stay inside my vehicle
I can drive wherever let's go
Your smile is my antidote
Your smile is my antidote

I don't play the keys like Alicia
But I rock the boat like Aaliyah
Of course I'ma charge for a feature
I don't even know ya
All this is musical theater
With all this drama in my life
I don't need that
You could take that back
Oh, you could take that back
",1.0,Antidote,hip_hop,60.0,https://p.scdn.co/mp3-preview/dc0903ab6c05556ecdd7eefa35d7c6dff5b82b0a?cid=b3cdb16d0df2409abf6a8f6c2f6c2e0c,0.249,163.239,4.0,https://api.spotify.com/v1/tracks/7GdGBGwFMg21mY9kNpNKXI,track_3,2.0,spotify:track:7GdGBGwFMg21mY9kNpNKXI,0.394,track
0.0244,2gKQvajkEEaDtkqJ8FJ4uw,https://api.spotify.com/v1/audio-analysis/2d8JP84HNLKhmd6IYOoupQ,['6PXS4YHDkKvl1wkIl4V8DL'],Fetty Wap,"['AE', 'AR', 'BG', 'BH', 'BO', 'BR', 'CA', 'CL', 'CO', 'CR', 'CZ', 'DO', 'DZ', 'EC', 'EE', 'EG', 'GR', 'GT', 'HK', 'HN', 'HU', 'ID', 'IL', 'JO', 'JP', 'KW', 'LB', 'LT', 'LV', 'MA', 'MT', 'MX', 'MY', 'NI', 'OM', 'PA', 'PE', 'PH', 'PL', 'PS', 'PY', 'QA', 'RO', 'SA', 'SG', 'SK', 'SV', 'TH', 'TN', 'TR', 'TW', 'US', 'UY', 'VN', 'ZA']",BE,0.746,1.0,222093.0,0.873,https://api.spotify.com/v1/tracks/2d8JP84HNLKhmd6IYOoupQ,2d8JP84HNLKhmd6IYOoupQ,0.0,7.0,0.354,-3.803,"

RGF productions
Remy Boyz, yah-ah
1738, ayy

I'm like ""Hey, what's up? Hello"" (Ayy)
Seen yo pretty ass soon as you came in the door
I just wanna chill, got a sack for us to roll
Married to the money, introduced her to my stove
Showed her how to whip it, now she remixin' for low
She my trap queen, let her hit the bando
We be countin' up, watch how far them bands go
We just set a goal, talkin' matchin' Lambos
At 56 a gram, 5 a hundred grams though
Man, I swear I love her, how she work the damn pole
Hit the strip club, we be lettin' bands go
Everybody hatin', we just call them fans, though
In love with the money, I ain't never lettin' go

And I get high with my baby (My baby)
I just left the mall, I'm gettin' fly with my baby, yeah
And I can ride with my baby (My baby)
I be in the kitchen cookin' pies with my baby, yeah
And I can ride with my baby (My baby)
I just left the mall, I'm gettin' fly with my baby, yeah
And I can ride with my baby
I be in the kitchen cookin' pies

I'm like, ""Hey, what's up? Hello""
I hit the strip with my trap queen, 'cause all we know is bands
I just might snatch up a 'Rari and buy my boo a Lamb'
I just might snatch her a necklace, drop a couple on a ring
She ain't wantin' for nothin' because I got her everything
It's big ZooWap from the bando
Remind me where I can't go
Remy Boyz got the stamp though
Count up hella them bands though
Boy how far can your bands go?
Fetty Wap, I'm livin' 50 thousand K how I stand though
If you checkin' for my pockets I'm like…

And I get high with my baby (My baby)
I just left the mall, I'm gettin' fly with my baby, yeah
And I can ride with my baby (My baby)
I be in the kitchen cookin' pies with my baby, yeah
And I can ride with my baby (My baby)
I just left the mall, I'm gettin' fly with my baby, yeah
And I can ride with my baby (My baby)
I be in the kitchen cookin' pies

I'm like, ""Hey, what's up? Hello""
Seen yo pretty ass soon as you came in the door
I just wanna chill, got a sack for us to roll
Married to the money, introduced her to my stove
Showed her how to whip it, now she remixin' for low
She my trap queen, let her hit the bando
We be countin' up, watch how far them bands go
We just set a goal, talkin' matchin' Lambos
At 56 a gram, 5 a hundred grams though
Man, I swear I love her how she work the damn pole
Hit the strip club, we be lettin' bands go
Everybody hatin', we just call them fans though
In love with the money, I ain't never lettin' go

I be smokin' dope and you know Backwoods what I roll
Remy Boyz, Fetty eatin' shit up, that's fasho
I'll run in ya house, then I'll fuck your ho
'Cause Remy Boyz or nothin'
Re-Re-Remy Boyz or nothin', yeah

Yeah, you hear my boy
Soundin' like a zillion bucks on the track
I got whatever on my boy, whatever
Put your money where your mouth is
Money on the wood make the game go good
Money out of sight cause fights
Put up or shut up, huh?
Nitt Da Gritt, RGF Productions
Squad
",1.0,Trap Queen,hip_hop,74.0,https://p.scdn.co/mp3-preview/62bf932cdc4d351174128d974397f5093de4f994?cid=b3cdb16d0df2409abf6a8f6c2f6c2e0c,0.128,148.075,4.0,https://api.spotify.com/v1/tracks/2d8JP84HNLKhmd6IYOoupQ,track_36,1.0,spotify:track:2d8JP84HNLKhmd6IYOoupQ,0.817,track
0.872,40lZq8sCx7fGBCcCmo38bj,https://api.spotify.com/v1/audio-analysis/1WbuxG1NrZeKn3QiXujSxb,['6hrOM3yfx3SEtARzDWMikb'],Outkast,"['AD', 'AE', 'AR', 'AT', 'AU', 'BE', 'BG', 'BH', 'BO', 'BR', 'CA', 'CH', 'CL', 'CO', 'CR', 'CY', 'CZ', 'DE', 'DK', 'DO', 'DZ', 'EC', 'EE', 'EG', 'ES', 'FI', 'FR', 'GB', 'GR', 'GT', 'HK', 'HN', 'HU', 'ID', 'IE', 'IL', 'IN', 'IS', 'IT', 'JO', 'JP', 'KW', 'LB', 'LI', 'LT', 'LU', 'LV', 'MA', 'MC', 'MT', 'MX', 'MY', 'NI', 'NL', 'NO', 'NZ', 'OM', 'PA', 'PE', 'PH', 'PL', 'PT', 'PY', 'QA', 'RO', 'SA', 'SE', 'SG', 'SK', 'SV', 'TH', 'TN', 'TR', 'TW', 'US', 'UY', 'VN', 'ZA']",BE,0.441,1.0,224436.0,0.414,https://api.spotify.com/v1/tracks/1WbuxG1NrZeKn3QiXujSxb,1WbuxG1NrZeKn3QiXujSxb,0.0,4.0,0.16,-6.716,"

Love is a burning thing
And it makes a fiery ring
Bound by a love's desire
I fell into a ring of fire

I fell into a burning ring of fire
I went down, down, down
And the flames went higher
And it burns, burns, burns
The ring of fire
The ring of fire

The taste of love is sweet
When hearts like our's meet
I fell for you like a child
Oh, but the fire went wild

I fell into a burning ring of fire
I went down, down, down
And the flames went higher
And it burns, burns, burns
The ring of fire


I fell into a burning ring of fire
I went down, down, down
And the flames went higher
And it burns, burns, burns
The ring of fire
",0.0,Hey Ya,hip_hop,41.0,https://p.scdn.co/mp3-preview/51be47d73faf474384e97b61a37a3dd94114da1e?cid=b3cdb16d0df2409abf6a8f6c2f6c2e0c,0.0314,135.056,3.0,https://api.spotify.com/v1/tracks/1WbuxG1NrZeKn3QiXujSxb,track_35,1.0,spotify:track:1WbuxG1NrZeKn3QiXujSxb,0.136,track
0.0431,0RySAmM6oDPGSE03X3dzi1,https://api.spotify.com/v1/audio-analysis/2UREu1Y8CO4jXkbvqAtP7g,['49bzE5vRBRIota4qeHtQM8'],Kanye West,"['AD', 'AE', 'AR', 'AU', 'BE', 'BG', 'BH', 'BO', 'BR', 'CA', 'CL', 'CO', 'CR', 'CY', 'CZ', 'DK', 'DO', 'DZ', 'EC', 'EE', 'EG', 'ES', 'FI', 'FR', 'GB', 'GR', 'GT', 'HK', 'HN', 'HU', 'ID', 'IE', 'IL', 'IS', 'IT', 'JO', 'JP', 'KW', 'LB', 'LI', 'LT', 'LU', 'LV', 'MA', 'MC', 'MT', 'MX', 'MY', 'NI', 'NL', 'NO', 'NZ', 'OM', 'PA', 'PE', 'PH', 'PL', 'PS', 'PT', 'PY', 'QA', 'RO', 'SA', 'SE', 'SK', 'SV', 'TH', 'TN', 'TR', 'TW', 'US', 'UY', 'VN', 'ZA']",FI,0.64,1.0,178013.0,0.957,https://api.spotify.com/v1/tracks/2UREu1Y8CO4jXkbvqAtP7g,2UREu1Y8CO4jXkbvqAtP7g,0.0,8.0,0.0789,-2.336,"

The secret side of me I never let you see
I keep it caged but I can't control it
So stay away from me, the beast is ugly
I feel the rage and I just can't hold it
It's scratching on the walls, in the closet, in the halls
It comes awake and I can't control it
Hiding under the bed, in my body, in my head
Why won't somebody come and save me from this? Make it end

I feel it deep within, it's just beneath the skin
I must confess that I feel like a monster
I hate what I've become, the nightmare's just begun
I must confess that I feel like a monster
I, I feel like a monster
I, I feel like a monster

My secret side I keep hid under lock and key
I keep it caged but I can't control it
'Cause if I let him out, he'll tear me up, break me down
Why won't somebody come and save me from this? Make it end!

I feel it deep within, it's just beneath the skin
I must confess that I feel like a monster
I hate what I've become, the nightmare's just begun
I must confess that I feel like a monster
I feel it deep within, it's just beneath the skin
I must confess that I feel like a monster
I, I feel like a monster
I, I feel like a monster

It's hiding in the dark, its teeth are razor sharp
There's no escape for me, it wants my soul, it wants my heart
No one can hear me scream, maybe it's just a dream
Or maybe it's inside of me, stop this monster

I feel it deep within, it's just beneath the skin
I must confess that I feel like a monster
I hate what I've become, the nightmare's just begun
I must confess that I feel like a monster
I feel it deep within, it's just beneath the skin
I must confess that I feel like a monster
I’m gonna lose control, it’s something radical
I must confess that I feel like a monster
I, I feel like a monster
I, I feel like a monster
I, I feel like a monster
I, I feel like a monster
",1.0,Monster,hip_hop,75.0,https://p.scdn.co/mp3-preview/7b31bef137993a2f2a1389e333cfb70df4aefb0d?cid=b3cdb16d0df2409abf6a8f6c2f6c2e0c,0.0741,134.992,4.0,https://api.spotify.com/v1/tracks/2UREu1Y8CO4jXkbvqAtP7g,track_11,2.0,spotify:track:2UREu1Y8CO4jXkbvqAtP7g,0.692,track
0.553,1qpPM0i8rJQlHlLy3435Qg,https://api.spotify.com/v1/audio-analysis/0USEeJtdeeJaQ8EIeBB4cz,"['0Repe2EiNjaFAFIukrroUM', '7nhRpW4kicDJMkcL9ovBIt']",Kendrick Lamar,"['AD', 'AE', 'AR', 'AT', 'AU', 'BE', 'BG', 'BH', 'BO', 'BR', 'CA', 'CH', 'CL', 'CO', 'CR', 'CY', 'CZ', 'DE', 'DK', 'DO', 'DZ', 'EC', 'EE', 'EG', 'ES', 'FI', 'FR', 'GB', 'GR', 'GT', 'HK', 'HN', 'HU', 'ID', 'IE', 'IL', 'IN', 'IS', 'IT', 'JO', 'JP', 'KW', 'LB', 'LI', 'LT', 'LU', 'LV', 'MA', 'MC', 'MT', 'MX', 'MY', 'NI', 'NL', 'NO', 'NZ', 'OM', 'PA', 'PE', 'PH', 'PL', 'PS', 'PT', 'PY', 'QA', 'RO', 'SA', 'SE', 'SG', 'SK', 'SV', 'TH', 'TN', 'TR', 'TW', 'US', 'UY', 'VN', 'ZA']",FI,0.8,1.0,175946.0,0.594,https://api.spotify.com/v1/tracks/0USEeJtdeeJaQ8EIeBB4cz,0USEeJtdeeJaQ8EIeBB4cz,0.0,11.0,0.101,-5.671,"

As I walk through this life, I might fall, I might stumble
Whoa-oy
Try to make friends with my pain, 'cause my pain keeps me humble
Whoa-oy

Breathe
Slow and release
Let the air expand your lungs
Let your body bring you peace
To the sea
To the sea I will speak
Tell my troubles to the waves
As they wash my soul clean
Won't you purge me, purge me?
Here as I stand
Down in the gallows my darkness will hang
Hurt me, hurt me
And I will not flinch
Firm in my ground, I will not move an inch

As I walk through this life, I might fall, I might stumble
Whoa-oy
I try to make friends with my pain, 'cause my pain it keeps me humble
Whoa-oy

When I wake up in the morning, sometimes I feel so blue
Like a guitar with a broken string that can't hold a tune
'Cause there are some real pricks around, they're bursting my balloon
And I really need some healing 'cause I find it hard to breathe-in and I'm bleeding all my feelings to you...
Because I'm so, ah, down
But like a roundabout I'm bound to turn it back around
Flip it like a kick flip, flick a switch I'll flip my mood
Coming with the style, that's rude

As I walk through this life, I might fall, I might stumble
Whoa-oy
I try to make friends with my pain, 'cause my pain keeps me humble
Whoa-oy

Humble
Try not to outgrow these boots
Some times I stumble
Try to stay firm in my roots
This world's a jungle
But these trees hold the sweetest fruit
A lesson to be learned, yeah, every time I bruise

B-B-B-Bruise, not a fool but I will make mistakes
T-T-T-Take and I learn every mistake I make
W-W-W-Wait for the wisdom that this fool will create
No one in this world but me decides my fate
(Yeah, yeah, yeah)

F-F-F-Fate, taking control of the reigns
And being the lord in the land of my brain
And I loosen the chains that are causing the pain
Put a stain on my name with the flames like methane
Make it rain down the, rain down the, rain down the change
Then I rise to the top like a bubble champagne
It's so hard to explain, need to use my left brain
I am switching the lanes gonna change, woo

Closure on this roller coaster (Ooh-ah-ooh)
I'm a poster child bipolar
Loner with a smoking motor (Ooh-ah-ooh)
Soldier with a broken holster
Focus, don't go down in smoke (Ooh-ah-ooh)
And choke on coke and overdose
Just stand your ground
Stay humble, proud
And lucky like a four leaf clover

As I walk, I might fall, I might fall
I might fall, fall, fall, fall, fall, fall, fall
Try to make friends with my pain, with my pain
With my pa-pa-pa-pa-pa-pa-pain
Pain
As I walk through this life, I might fall, I might stumble
Whoa-oy
I try to make friends with my pain, 'cause my pain keeps me humble
Whoa-oy
",0.0,Humble,hip_hop,44.0,https://p.scdn.co/mp3-preview/99b3873ab6903143697ee23f105231af782c0ed4?cid=b3cdb16d0df2409abf6a8f6c2f6c2e0c,0.237,147.999,4.0,https://api.spotify.com/v1/tracks/0USEeJtdeeJaQ8EIeBB4cz,track_3,1.0,spotify:track:0USEeJtdeeJaQ8EIeBB4cz,0.773,track
0.0108,0H3TgvMl989NsWnlgGdTVR,https://api.spotify.com/v1/audio-analysis/0ySdgBRkKVytIzrPTR86Vm,['7qh0Fzuz79iruogSwYTY3G'],Eminem,"['AD', 'AE', 'AR', 'AT', 'AU', 'BE', 'BG', 'BH', 'BO', 'BR', 'CA', 'CH', 'CL', 'CO', 'CR', 'CY', 'CZ', 'DE', 'DK', 'DO', 'DZ', 'EC', 'EE', 'EG', 'ES', 'FI', 'FR', 'GB', 'GR', 'GT', 'HK', 'HN', 'HU', 'ID', 'IE', 'IL', 'IN', 'IS', 'IT', 'JO', 'JP', 'KW', 'LB', 'LI', 'LT', 'LU', 'LV', 'MA', 'MC', 'MT', 'MX', 'MY', 'NI', 'NL', 'NO', 'NZ', 'OM', 'PA', 'PE', 'PH', 'PL', 'PS', 'PT', 'PY', 'QA', 'RO', 'SA', 'SE', 'SG', 'SK', 'SV', 'TH', 'TN', 'TR', 'TW', 'US', 'UY', 'VN', 'ZA']",BE,0.481,1.0,179800.0,0.556,https://api.spotify.com/v1/tracks/0ySdgBRkKVytIzrPTR86Vm,0ySdgBRkKVytIzrPTR86Vm,0.000683,6.0,0.368,-9.535,"

You are my one true love
I won't deny it
Believe me, I’d do anything
Just to protect you like I should

But I hate to have you stuck here
When you could live your life, live your life
Without me ‘cause I'm the plague
You're better off
Without me
Without me

I’m sorry we fell in love
I don't deserve you, no, I don't
I told you that from the start
I'll stand forever by your heart

But I hate to have you stuck here
When you could live your life live your life
Without me cause I'm the plague
You're better off
Without me, without me
Without me, without me
Without me, without me
Without me, without me
",0.0,Without Me,hip_hop,10.0,https://p.scdn.co/mp3-preview/7ee0d8d869d4e461499836461540e254767553c4?cid=b3cdb16d0df2409abf6a8f6c2f6c2e0c,0.0306,81.972,4.0,https://api.spotify.com/v1/tracks/0ySdgBRkKVytIzrPTR86Vm,track_9,3.0,spotify:track:0ySdgBRkKVytIzrPTR86Vm,0.3,track
0.641,4acB71ZhsfYGdTdqdbpzLK,https://api.spotify.com/v1/audio-analysis/6csX1JjmeoLhGqMBXGnZF0,['1VbWUxZTRNY2gw3qZ1tg9W'],Kanye West,"['AD', 'AE', 'AR', 'AT', 'AU', 'BE', 'BG', 'BH', 'BO', 'BR', 'CA', 'CH', 'CL', 'CO', 'CR', 'CY', 'CZ', 'DE', 'DK', 'DO', 'DZ', 'EC', 'EE', 'EG', 'ES', 'FI', 'FR', 'GB', 'GR', 'GT', 'HK', 'HN', 'HU', 'ID', 'IE', 'IL', 'IS', 'IT', 'JO', 'JP', 'KW', 'LB', 'LI', 'LT', 'LU', 'LV', 'MA', 'MC', 'MT', 'MX', 'MY', 'NI', 'NL', 'NO', 'NZ', 'OM', 'PA', 'PE', 'PH', 'PL', 'PS', 'PT', 'PY', 'QA', 'RO', 'SA', 'SE', 'SG', 'SK', 'SV', 'TH', 'TN', 'TR', 'TW', 'US', 'UY', 'VN', 'ZA']",FI,0.423,1.0,265133.0,0.598,https://api.spotify.com/v1/tracks/6csX1JjmeoLhGqMBXGnZF0,6csX1JjmeoLhGqMBXGnZF0,1.24e-06,5.0,0.34,-7.443,"
Say it's true
There's nothing like me and you
I'm not alone
Tell me you feel it too
And I would run away
I would run away, yeah yeah
I would run away
I would run away with you
Because I, have fallen in love with you
No, never, I'm never gonna stop
Falling in love with you
Close the door
Lay down upon the floor
And by candlelight
Make love to me through the night
Cause I have run away
I have run away, yeah yeah
I have run away, run away,run away
I have run away with you
Because I, have fallen in love with you
No, never, I'm never gonna stop
Falling in love with you
And I would run away
I would run away, yeah yeah
I would run away
I would run away with you
Because I, have fallen in love with you
No, never, i'm never gonna stop
Falling in love with you
With you, my love
With you
Runaway yeah, runaway yeah
Runaway, runaway, runaway, runaway
Runaway yeah, runaway yeah, runaway, runaway, runaway yeah...
With.....you.......
",1.0,Runaway,hip_hop,62.0,https://p.scdn.co/mp3-preview/546052ca252b524a8fcd6f0d79826fd833435f4f?cid=b3cdb16d0df2409abf6a8f6c2f6c2e0c,0.0268,151.972,3.0,https://api.spotify.com/v1/tracks/6csX1JjmeoLhGqMBXGnZF0,track_18,6.0,spotify:track:6csX1JjmeoLhGqMBXGnZF0,0.521,track
0.00105,6XpfyYlAzKBHLs4Kes0TUc,https://api.spotify.com/v1/audio-analysis/6GxUy90dImrVibjG1k1sq8,"['2beRTIJ89kb6a011vFqGuk', '37czgDRfGMvgRiUKHvnnhj', '6qdFg2mTycP0nuSInQUguE']",XXXTentacion,"['AD', 'AE', 'AR', 'AT', 'AU', 'BE', 'BG', 'BH', 'BO', 'BR', 'CA', 'CH', 'CL', 'CO', 'CR', 'CY', 'CZ', 'DE', 'DK', 'DO', 'DZ', 'EC', 'EE', 'EG', 'ES', 'FI', 'FR', 'GB', 'GR', 'GT', 'HK', 'HN', 'HU', 'ID', 'IE', 'IL', 'IN', 'IS', 'IT', 'JO', 'JP', 'KW', 'LB', 'LI', 'LT', 'LU', 'LV', 'MA', 'MC', 'MT', 'MX', 'MY', 'NI', 'NL', 'NO', 'NZ', 'OM', 'PA', 'PE', 'PH', 'PL', 'PS', 'PT', 'PY', 'QA', 'RO', 'SA', 'SE', 'SG', 'SK', 'SV', 'TH', 'TN', 'TR', 'TW', 'US', 'UY', 'VN', 'ZA']",BE,0.715,1.0,175082.0,0.623,https://api.spotify.com/v1/tracks/6GxUy90dImrVibjG1k1sq8,6GxUy90dImrVibjG1k1sq8,0.000594,9.0,0.0801,-4.954,"
See when I didn't start
That was because of my shoes
Yeah the shoes that I wore
They would have gave me a bruise
As I follow my dreams
Realize all my dreams
See when I didn't start
That was because of my fear
I had another idea
It almost brought me a tear
As I follow my dreams
Realize all my dreams
The sun will rise
Even if you don't happen to be there
The sun will rise
Even if you don't happen to be there
They came from over
The world and further
To see the race that would change the world
And I stopped
See when I didn't start
That was because of the mood
Is this race worth the pain?
As we run through the rain
As I follow my dreams
Realize all my dreams
See when I didn't start
That was because of my shoes
No I've made that excuse
I need another excuse
As I follow my dreams
Realize all my dreams
The sun will rise
Even if you don't happen to be there
The sun will rise
Even if you don't happen to be there
They came from over
The world and further
To see the race that would change the world
And I stopped
If I start running when it doesn't mean nothing
And lose you when this could be something now
These spikes dig into the tracks
My skull, be calm, so easy now, relax
I can't, you sap my confidence
Right out your emerald eyes like seas
If I could sail for just a second, I'd forfeit easily
The sun will rise
Even if you don't happen to be there
The sun will rise
Even if you don't happen to be there
Dream slowly
'Cause these things they take time
And there's not enough time in any race
The minute that I saw your face
I forgot about the race
The minute that I saw your face
I forgot about the race
The minute that I saw your face
I forgot about the race
The minute that I saw your face
I forgot about the race
",0.0,Moonlight,hip_hop,39.0,https://p.scdn.co/mp3-preview/517042c197535ba35c53ec62ab74ac9880ac2a2f?cid=b3cdb16d0df2409abf6a8f6c2f6c2e0c,0.0336,121.981,4.0,https://api.spotify.com/v1/tracks/6GxUy90dImrVibjG1k1sq8,track_35,1.0,spotify:track:6GxUy90dImrVibjG1k1sq8,0.304,track
0.000219,5P6vsjJbe2E6TWaI7TuRux,https://api.spotify.com/v1/audio-analysis/78NzTC4tfP63o9QPa3HTCA,['3MyenYlun125t6X8K0rK35'],Kanye West,"['AD', 'AE', 'AR', 'AT', 'AU', 'BE', 'BG', 'BH', 'BO', 'BR', 'CA', 'CH', 'CL', 'CO', 'CR', 'CY', 'CZ', 'DE', 'DK', 'DO', 'DZ', 'EC', 'EE', 'EG', 'ES', 'FI', 'FR', 'GB', 'GR', 'GT', 'HK', 'HN', 'HU', 'ID', 'IE', 'IL', 'IN', 'IS', 'IT', 'JO', 'JP', 'KW', 'LB', 'LI', 'LT', 'LU', 'LV', 'MA', 'MC', 'MT', 'MX', 'MY', 'NI', 'NL', 'NO', 'NZ', 'OM', 'PA', 'PE', 'PH', 'PL', 'PS', 'PT', 'PY', 'QA', 'RO', 'SA', 'SE', 'SG', 'SK', 'SV', 'TH', 'TN', 'TR', 'TW', 'US', 'UY', 'VN', 'ZA']",BE,0.693,1.0,232491.0,0.576,https://api.spotify.com/v1/tracks/78NzTC4tfP63o9QPa3HTCA,78NzTC4tfP63o9QPa3HTCA,0.483,1.0,0.153,-8.934,"

Try to get real
Say something real, you're not the first to play it safe
Trying anyway to make it clear
It's alright to feel, I get angry still
In love with the past, I won't go down like that
You don't turn the wheel 'cus you can't steer

And I wanted to get stronger
Leaning on myself
And I wanted to get stronger
Leaning on myself

When I'm out of the dark you can always count on me
You've been digging fossils, I'm stronger
When I'm out of the dark you can always, always count on me
Now I'm feeling stronger

I feel the rain
You don't feel a thing, you're not the first to run away
Trying anyway to make it clear
They're not selling seats, they're selling fear

And I wanted to get stronger
Leaning on myself
And I wanted to get stronger
Leaning on myself

When I'm out of the dark you can always count on me
You've been digging fossils, I'm stronger
When I'm out of the dark you can always, always count on me
Now I'm feeling stronger

I'm gonna make waves
Don't wanna be the same
Not gonna play your little P.C. game
I'm gonna make waves
Don't wanna be the same
Not gonna play your little P.C. game
I'm gonna make waves
Don't wanna be the same
Not gonna play your little P.C. game
I'm stronger, stronger
I'm gonna make waves
Don't wanna be the same
Not gonna play your little P.C. game
I'm gonna make waves
Don't wanna be the same
Not gonna play your little P.C. game
I'm stronger, stronger
I'm gonna make waves
Don't wanna be the same
Not gonna play your little P.C. game
I'm gonna make waves
Don't wanna be the same
Not gonna play your little P.C. game
",1.0,Stronger,hip_hop,11.0,https://p.scdn.co/mp3-preview/10f5d510583333ee88c4d8c9fa9014ddbaf532e9?cid=b3cdb16d0df2409abf6a8f6c2f6c2e0c,0.0362,84.947,4.0,https://api.spotify.com/v1/tracks/78NzTC4tfP63o9QPa3HTCA,track_24,1.0,spotify:track:78NzTC4tfP63o9QPa3HTCA,0.575,track
0.886,3pb1gQzvILTIJz1joJBDor,https://api.spotify.com/v1/audio-analysis/3IyFPcP4n7PAlZosBE8S4z,['6GFfu1alUSrL7qazImC160'],Kendrick Lamar,"['CA', 'US']",FI,0.39,1.0,279358.0,0.201,https://api.spotify.com/v1/tracks/3IyFPcP4n7PAlZosBE8S4z,3IyFPcP4n7PAlZosBE8S4z,0.00202,5.0,0.0918,-13.596,"

I know the West was won this way
But God forgive the heartless way we let
It all burn down
I know, I know you're off on tour
Godspeed my love
I'll not be bored with all
The mess here, now

I'll allow
My heart to get over you now
Let yours take a generous bow
I’ll be fine

You'll be alright

Come and see me in the morning
I'll be in the sunrise
Hoping that its rays don't
Burn a hole in my eyes
You know me, I worry
Could always use some pity
Scared to do a session
If it's in the city
You and I are monsters
We'll not find another
Cannot be together
Lest we eat each other

Don't make me leave

It's been about a month
And I am eating badly
Still don't cry
But I keep meaning to
I hear the crowds adore you so
But I'm still here, I hope you know
Don't talk to them about me

Obviously
My wounds are open to see
But don't take them seriously
I'll be fine

And you're more than alright

Come and meet me in the trenches
I'll be taking cover
You can load the guns, and I'll hide behind the others
Always been a coward
You can ask my friends
I hide inside for hours
Always had intense eyes
I think I am sick but never can be certain
Still call up my mother
Hiding behind curtains

Don't make me go
Don't make me go outside

God knows what out there lies
I'm hoping I don't die
After You
",1.0,Alright,hip_hop,36.0,https://p.scdn.co/mp3-preview/58b3f33b67ace8a8506f7015c40b993abb3c6691?cid=b3cdb16d0df2409abf6a8f6c2f6c2e0c,0.0451,128.052,4.0,https://api.spotify.com/v1/tracks/3IyFPcP4n7PAlZosBE8S4z,track_19,1.0,spotify:track:3IyFPcP4n7PAlZosBE8S4z,0.141,track
0.0927,1n24t4aDRIFEMAiAgMeut2,https://api.spotify.com/v1/audio-analysis/5BRn1UgKlY24yU0uUvRGMR,['5rOkxO8Va1CnXhF7nrHMrU'],The Notorious B.I.G.,"['AD', 'AE', 'AR', 'AT', 'AU', 'BE', 'BG', 'BH', 'BO', 'BR', 'CA', 'CH', 'CL', 'CO', 'CR', 'CY', 'CZ', 'DE', 'DK', 'DO', 'DZ', 'EC', 'EE', 'EG', 'ES', 'FI', 'FR', 'GB', 'GR', 'GT', 'HK', 'HN', 'HU', 'ID', 'IE', 'IL', 'IN', 'IS', 'IT', 'JO', 'JP', 'KW', 'LB', 'LI', 'LT', 'LU', 'LV', 'MA', 'MC', 'MT', 'MX', 'MY', 'NI', 'NL', 'NO', 'NZ', 'OM', 'PA', 'PE', 'PH', 'PL', 'PS', 'PT', 'PY', 'QA', 'RO', 'SA', 'SE', 'SG', 'SK', 'SV', 'TH', 'TN', 'TR', 'TW', 'US', 'UY', 'VN', 'ZA']",FI,0.86,1.0,211613.0,0.655,https://api.spotify.com/v1/tracks/5BRn1UgKlY24yU0uUvRGMR,5BRn1UgKlY24yU0uUvRGMR,0.0,4.0,0.188,-7.734,"

Big bank, call me Big Poppa
Big daddy to the Lil' Momma's
Slim waist with a big bottom
We ain't havin' no drama
Big man bout the lil' problems
It ain't nothing that we can't solve
I'm posted posted with the big ballers
Big rims with the big bodies
Can't fuck with him, cause he a clique hopper
But nigga, you a flip flopper
We run it like an offense, and uh..
And we gon' run it til' we out of town

Thanking the Lord for givin' me grace, I caught the ???
Was flexin' a lot of time, now we tryin' to keep it straight
Scrapin' the chains, count it, we just tryin' to make it shake
I got the Jordan's yellin', now a couple bills late
So much on my mind, so much shit up on my plate
This is precious time, can't afford to make mistakes
They just hit my brodie's crib, just the other day
He just had a daughter, please don't let em take my bro away
That's a lot of time, enough to make you feel afraid
Tryin' to talk to God, but just can't find no words to say
Couple trucks to move the money to another place
Paranoid, so now you sleepin' with a baby k
On the other side, trying to stay up out the way
Workin' on the music, bout to drop another tape
Droppin' records, they like 'Tut, you been MIA'
But how the fuck have I been MIA when that ain't where I stay?

Big bank, call me Big Poppa
Big daddy to the Lil' Momma's
Slim waist with a big bottom
We ain't havin' no drama
Big man bout the lil' problems
It ain't nothing that we can't solve
I'm posted posted with the big ballers
Big rims with the big bodies
Can't fuck with him, cause he a clique hopper
But nigga, you a flip flopper
We run it like an offense, and uh..
And we gon' run it til' we out of town

Feelin' me now, I'm giving you game and niggas late better listen
I pay close attention, wizard in the 5th dimension
My little intuition send me clear of bad intentions
Sneakin' bitches on niggas who tried to go against us
Used to try to short us, now they want a picture with us
Bitches curve, done made a U-turn to come and get it
Ain't been the same since 20-17 December
Lookin' around, a lot of people they no longer with us...
Damn nigga...
I thought that we was homies, I don't understand nigga
Can't let no one control me, I'm my own man nigga
If you can't respect that, then I can throw some hands with ya
I got a lot of plans...
To feed the fam, I'm tryin' to give you a story that is still untold
But the story gotta still unfold
So Imma just, Imma just, just keep doing my damn thing nigga
I'm a...

Big Poppa
Big daddy to the Lil' Momma's
Slim waist with a big bottom
We ain't havin' no drama
Big man bout the lil' problems
It ain't nothing that we can't solve
I'm posted posted with the big ballers
Big rims with the big bodies
Can't fuck with him, cause he a clique hopper
But nigga, you a flip flopper
We run it like an offense, and uh..
And we gon' run it til' we out of town
",0.0,Big Poppa,hip_hop,51.0,https://p.scdn.co/mp3-preview/289603d6f856e5d0160ae037ef223b01d8b5a652?cid=b3cdb16d0df2409abf6a8f6c2f6c2e0c,0.324,92.979,4.0,https://api.spotify.com/v1/tracks/5BRn1UgKlY24yU0uUvRGMR,track_25,6.0,spotify:track:5BRn1UgKlY24yU0uUvRGMR,0.504,track
0.21,7m1r9h3wfPRm3Iv8uvq9vQ,https://api.spotify.com/v1/audio-analysis/4LOoPg7TavHtNmCTOfd9XQ,['2WKdxPFRD7IqZvlIAvhMgY'],Fugees,"['AD', 'AE', 'AR', 'AU', 'BE', 'BG', 'BH', 'BO', 'BR', 'CA', 'CL', 'CO', 'CR', 'CY', 'CZ', 'DK', 'DO', 'DZ', 'EC', 'EE', 'EG', 'ES', 'FI', 'FR', 'GB', 'GR', 'GT', 'HK', 'HN', 'HU', 'ID', 'IE', 'IL', 'IN', 'IS', 'IT', 'JO', 'JP', 'KW', 'LB', 'LT', 'LU', 'LV', 'MA', 'MC', 'MT', 'MX', 'MY', 'NI', 'NL', 'NO', 'NZ', 'OM', 'PA', 'PE', 'PH', 'PL', 'PS', 'PT', 'PY', 'QA', 'RO', 'SA', 'SE', 'SG', 'SK', 'SV', 'TH', 'TN', 'TR', 'TW', 'UY', 'VN', 'ZA']",FI,0.601,1.0,226987.0,0.422,https://api.spotify.com/v1/tracks/4LOoPg7TavHtNmCTOfd9XQ,4LOoPg7TavHtNmCTOfd9XQ,0.0,10.0,0.0839,-13.364,"

Ready or not, here I come, you can't hide
Gonna find you and take it slowly
Ready or not, here I come, you can't hide
Gonna find you and make you want me

Now that I escape, sleepwalker awake
Those who could relate know the world ain't cake
Jail bars ain't golden gates, those who fake, they break
When they meet their 400-pound mate
If I could rule the world, everyone would have a gun
In the ghetto of course, when giddyuping on their horse
I kick a rhyme drinking moonshine
I pour a sip on the concrete, for the deceased
But, no, don't weep, Wyclef's in a state of sleep
Thinking 'bout the robbery that I did last week
Money in the bag, banker looked like a drag
I want to play with pellet guns from here to Baghdad
Gun blast, think fast, I think I'm hit
My girl pinched my hips to see if I still exist
I think not, I'll send a letter to my friends
A born again hooligan only to be king again

Ready or not, here I come, you can't hide
Gonna find you and take it slowly
Ready or not, here I come, you can't hide
Gonna find you and make you want me

I play my enemies like a game of chess
Where I rest, no stress, if you don't smoke sess
Lest I must confess, my destiny's manifest
In some Goretex and sweats
I make treks like I'm homeless
Rap orgies with Porgy and Bess
Capture your bounty, like Elliot Ness, yes
Bless you if you represent the Fu
But I'll hex you with some witch's brew if you're doo-doo
Voodoo; I can do what you do, easy
Believe me, fronting niggas give me heebie-jeebies
So while you're imitating Al Capone
I'll be Nina Simone and defecating on your microphone

Ready or not, here I come, you can't hide
Gonna find you and take it slowly
Ready or not, here I come, you can't hide
Gonna find you and make you want me

You can't run away
From these styles I got
Oh baby, hey baby
‘Cause I got a lot, oh yeah
And anywhere you go
My whole crew gonna know
Oh baby, hey baby
You can't hide from the block, oh no

Ready or not, refugees taking over
The Buffalo Soldier, dreadlock Rasta
On the twelfth hour, fly by in my bomber
Crews run for cover, now they're under, pushing up flowers
Superfly, true lies, do or die
Toss me high, only puff lye with my crew from Lakay
I refugee from Guantanamo Bay
Dance around the border, like I'm Cassius Clay (yes, sir)

Ready or not, here I come, you can't hide
Gonna find you and take it slowly
Ready or not, here I come, you can't hide
Gonna find you and make you want me
",0.0,Ready or Not,hip_hop,61.0,https://p.scdn.co/mp3-preview/5aa69b04801987249c152d4572185bd908908eae?cid=b3cdb16d0df2409abf6a8f6c2f6c2e0c,0.518,132.456,3.0,https://api.spotify.com/v1/tracks/4LOoPg7TavHtNmCTOfd9XQ,track_11,3.0,spotify:track:4LOoPg7TavHtNmCTOfd9XQ,0.563,track
0.494,3mg5bKwAv9VmWE1mrxLj31,https://api.spotify.com/v1/audio-analysis/0u3JkMF1s1fbKt3FyIEBdq,"['01fz18yd7TE7WazwujZnHo', '4H2o9fHQaEUz14Bp8hIUVy', '4NwPTAnlTCbuYbuz1jztAJ', '37iwVNNY8MxikC9RpAXQmN', '5VxtdoVHsiSYgOR4J0hz2n', '6MERXsiRbur2oJZFgYRDKz']",Drake,"['AD', 'AE', 'AR', 'AT', 'AU', 'BE', 'BG', 'BH', 'BO', 'BR', 'CA', 'CH', 'CL', 'CO', 'CR', 'CY', 'CZ', 'DE', 'DK', 'DO', 'DZ', 'EC', 'EE', 'EG', 'ES', 'FI', 'FR', 'GB', 'GR', 'GT', 'HK', 'HN', 'HU', 'ID', 'IE', 'IL', 'IN', 'IS', 'IT', 'JO', 'JP', 'KW', 'LB', 'LI', 'LT', 'LU', 'LV', 'MA', 'MC', 'MT', 'MX', 'MY', 'NI', 'NL', 'NO', 'NZ', 'OM', 'PA', 'PE', 'PH', 'PL', 'PS', 'PT', 'PY', 'QA', 'RO', 'SA', 'SE', 'SG', 'SK', 'SV', 'TH', 'TN', 'TR', 'TW', 'US', 'UY', 'VN', 'ZA']",FI,0.557,1.0,143107.0,0.146,https://api.spotify.com/v1/tracks/0u3JkMF1s1fbKt3FyIEBdq,0u3JkMF1s1fbKt3FyIEBdq,0.0215,7.0,0.117,-14.102,"

It's a lonely feelin', wavin' you goodbye
I don't know what I'm leavin' until the moment is gone

Checkin' in, never checkin' out
I get tired, kinda grumpy
But I'm never in doubt that you've got my back
When I see you again

Sometimes it's like nothin' is going my way
Even though I know I'm getting up on that stage
But now that I'm here, I got reason to believe
Just the sight of you is getting the best out of me
Just the sight of you is getting the best out of me

The airline lost my luggage, still got all this weight
And all the things I'm done with are showin' up again

Breakin' in but I won't break down
I get tired, kinda grumpy
But I'm never in doubt that you've got my back
When I see you again

Sometimes it's like nothin' is going my way
Even though I know I'm gettin' up on that stage
But now that I'm here, I got reason to believe
Just the sight of you is getting the best out of me
Just the sight of you is getting the best out of me
Just the sight of you is getting the best out of me

And I'll be damned if I ever forget
Just how lucky I am to be
Close to you when I need it the most
Can you hold me if I wanna leave?

Breakin' in but I won't break down
I get tired, kinda grumpy
But I'm never in doubt that you've got my back
When I see you again

Sometimes it's like nothin' is going my way
Even though I know I'm getting up on that stage
But now that I'm here, I got reason to believe
Just the sight of you is getting the best out of me
Sometimes it's like nothing is going my way
Even though I know I'm getting up on that stage
But now that I'm here, I got reason to believe
Just the sight of you is getting the best out of me
Just the sight of you is getting the best out of me
Just the sight of you is getting the best out of me
",1.0,God's Plan,hip_hop,44.0,https://p.scdn.co/mp3-preview/a04c345a0a5ecfcc570b29b50b5c326a71e6248f?cid=b3cdb16d0df2409abf6a8f6c2f6c2e0c,0.0364,77.2,4.0,https://api.spotify.com/v1/tracks/0u3JkMF1s1fbKt3FyIEBdq,track_1,3.0,spotify:track:0u3JkMF1s1fbKt3FyIEBdq,0.682,track
0.151,0wwf3SKtCs32Ay6xW9cgWS,https://api.spotify.com/v1/audio-analysis/2ESCe1fsC9NzC1AoQUN6b0,['2QZYh3YAFWqpJHf01j0DbN'],Post Malone,"['AD', 'AE', 'AR', 'AT', 'AU', 'BE', 'BG', 'BH', 'BO', 'BR', 'CA', 'CH', 'CL', 'CO', 'CR', 'CY', 'CZ', 'DE', 'DK', 'DO', 'DZ', 'EC', 'EE', 'EG', 'ES', 'FI', 'FR', 'GB', 'GR', 'GT', 'HK', 'HN', 'HU', 'ID', 'IE', 'IL', 'IN', 'IS', 'IT', 'JO', 'JP', 'KW', 'LB', 'LI', 'LT', 'LU', 'LV', 'MA', 'MC', 'MT', 'MX', 'MY', 'NI', 'NL', 'NO', 'NZ', 'OM', 'PA', 'PE', 'PH', 'PL', 'PS', 'PT', 'PY', 'QA', 'RO', 'SA', 'SE', 'SG', 'SK', 'SV', 'TH', 'TN', 'TR', 'TW', 'US', 'UY', 'VN', 'ZA']",FI,0.585,1.0,263600.0,0.388,https://api.spotify.com/v1/tracks/2ESCe1fsC9NzC1AoQUN6b0,2ESCe1fsC9NzC1AoQUN6b0,0.000807,5.0,0.0924,-9.964,"
(Move On )
(Move On )

Late night stories
Running naked, cutting through the breeze
Kissing your eyes
Working onto our heads
Catching stars and see
Presses up to me
Whispers “Take me in”
Soft skinned covered shells
Hearing distant bells
In to the atmosphere

I know, I know
(Move On )
(Move On )
Now it’s time to move on
Move On
Now it’s time to move on
Move On
(Move On )
(Move On )
(Move On )
(Move On )

Fragile chocolates
Signs of them are peeking through the clouds
Looking at you sleep in
Gently on the side
Start to fade away
Leaving vapor trails
Please forgive me love
Thanks to first and last
I’m always in the past
Run from what can hurt

I know, I know
(Move On )
(Move On )
Now it’s time to move on
Move On
Now it’s time to move on
Move On
(Move On )
(Move On )
(Move On )
(Move On )
",0.0,Circles,hip_hop,23.0,https://p.scdn.co/mp3-preview/4604fc6739cf0861757a2b2fed295cbc170432e9?cid=b3cdb16d0df2409abf6a8f6c2f6c2e0c,0.0271,110.076,4.0,https://api.spotify.com/v1/tracks/2ESCe1fsC9NzC1AoQUN6b0,track_52,3.0,spotify:track:2ESCe1fsC9NzC1AoQUN6b0,0.228,track
0.856,0B4eikFaUJcf3hc6DaSVov,https://api.spotify.com/v1/audio-analysis/7gEIEG5i3oKLKRKBuvengF,['3bhu7P5PfngueRHiB9hjcx'],Wiz Khalifa,"['AD', 'AE', 'AR', 'AT', 'AU', 'BE', 'BG', 'BH', 'BO', 'BR', 'CA', 'CH', 'CL', 'CO', 'CR', 'CY', 'CZ', 'DE', 'DK', 'DO', 'DZ', 'EC', 'EE', 'EG', 'ES', 'FI', 'FR', 'GB', 'GR', 'GT', 'HK', 'HN', 'HU', 'ID', 'IE', 'IL', 'IN', 'IS', 'IT', 'JO', 'JP', 'KW', 'LB', 'LI', 'LT', 'LU', 'LV', 'MA', 'MC', 'MT', 'MX', 'MY', 'NI', 'NL', 'NO', 'NZ', 'OM', 'PA', 'PE', 'PH', 'PL', 'PS', 'PT', 'PY', 'QA', 'RO', 'SA', 'SE', 'SG', 'SK', 'SV', 'TH', 'TN', 'TR', 'TW', 'US', 'UY', 'VN', 'ZA']",FI,0.575,1.0,206293.0,0.0602,https://api.spotify.com/v1/tracks/7gEIEG5i3oKLKRKBuvengF,7gEIEG5i3oKLKRKBuvengF,0.000199,6.0,0.108,-15.686,"

You were standing there
Fire in your eyes
As you held me in
Said ""Sorry I didn't write""
We've got 7 days
'Till we say goodbye
Back to separate ways
I'll miss you more this time

So won't you stay
'Till the morning
I've been frozen since that night you sang with me
One more day
For you to hold me
Cause I dont know when I'll see you again

How was I to guess
I'd still be on your mind
Enough to bring you here
To prove I wasn't right
We don't need to know
Future isn't ours
When we both let go
I'll hear you in the bars

So won't you stay
'Till the morning
I've been frozen since that night you sang with me
One more day
For you to hold me
Cause I don't know when I'll see you again
",1.0,See You Again,hip_hop,44.0,https://p.scdn.co/mp3-preview/49f117bd8a1ae69e16d1cc45c54bd03620e52636?cid=b3cdb16d0df2409abf6a8f6c2f6c2e0c,0.0476,131.102,4.0,https://api.spotify.com/v1/tracks/7gEIEG5i3oKLKRKBuvengF,track_14,12.0,spotify:track:7gEIEG5i3oKLKRKBuvengF,0.156,track
0.18,04q89UZFZgoHq13VI8Etar,https://api.spotify.com/v1/audio-analysis/3VEdzfUk5q70JDmBH0F0Wa,['3iFMfPvVhkPDaR6uCaBV9q'],The Notorious B.I.G.,"['AD', 'AE', 'AR', 'AT', 'AU', 'BE', 'BG', 'BH', 'BO', 'BR', 'CA', 'CH', 'CL', 'CO', 'CR', 'CY', 'CZ', 'DE', 'DK', 'DO', 'DZ', 'EC', 'EE', 'EG', 'ES', 'FI', 'FR', 'GB', 'GR', 'GT', 'HK', 'HN', 'HU', 'ID', 'IE', 'IL', 'IN', 'IS', 'IT', 'JO', 'JP', 'KW', 'LB', 'LI', 'LT', 'LU', 'LV', 'MA', 'MC', 'MT', 'MX', 'MY', 'NI', 'NL', 'NO', 'NZ', 'OM', 'PA', 'PE', 'PH', 'PL', 'PS', 'PT', 'PY', 'QA', 'RO', 'SA', 'SE', 'SG', 'SK', 'SV', 'TH', 'TN', 'TR', 'TW', 'US', 'UY', 'VN', 'ZA']",BE,0.809,1.0,202759.0,0.391,https://api.spotify.com/v1/tracks/3VEdzfUk5q70JDmBH0F0Wa,3VEdzfUk5q70JDmBH0F0Wa,0.00172,6.0,0.235,-6.727,"

We made it, painted on the streets where we walk
Just say it, sleep pulled on your sleeve while we talk
To the villains and people we feel sorry for
The runway, never seen a flight like this
And you know, I can read it right off your chest, oh
Fuck the villains and people that stay toxic

If you don't wanna go my way
Then kiss me goodbye
Yeah, we both got similar taste
But not enough tongue
If you don't wanna go my way
Then kiss me goodbye
Yeah, we both got similar taste
But not enough tongue


We made it, painted on the streets where we walk
Just say it, sleep pulled on your sleeve while we talk
To the villains and people we feel sorry for
The runway, never seen a flight like this
And you know, I can read it right off your chest, oh
Fuck the villains and people that stay toxic

If you don't wanna go my way
Then kiss me goodbye
Yeah, we both got similar taste
But not enough tongue
If you don't wanna go my way
Then kiss me goodbye
Yeah, we both got similar taste
But not enough tongue

If you don't wanna go my way
Then kiss me goodbye
Yeah, we both got similar taste
But not enough tongue
If you don't wanna go my way
Then kiss me goodbye
Yeah, we both got similar taste
But not enough tongue
",0.0,Juicy,hip_hop,52.0,https://p.scdn.co/mp3-preview/37106d11018b0e381419156940e44954aa1d1084?cid=b3cdb16d0df2409abf6a8f6c2f6c2e0c,0.0413,86.957,4.0,https://api.spotify.com/v1/tracks/3VEdzfUk5q70JDmBH0F0Wa,track_39,2.0,spotify:track:3VEdzfUk5q70JDmBH0F0Wa,0.688,track
0.00249,5qYbfFY6TVfNNSQlxPpwz4,https://api.spotify.com/v1/audio-analysis/4rPQ2zRolfoSHPkCaX4OuF,['4u5omW6iyI0I4ATDxdIuUz'],Missy Elliott,"['AD', 'AE', 'AR', 'AT', 'AU', 'BE', 'BG', 'BH', 'BO', 'BR', 'CA', 'CH', 'CL', 'CO', 'CR', 'CY', 'CZ', 'DE', 'DK', 'DO', 'DZ', 'EC', 'EE', 'EG', 'ES', 'FI', 'FR', 'GB', 'GR', 'GT', 'HK', 'HN', 'HU', 'ID', 'IE', 'IL', 'IN', 'IS', 'IT', 'JO', 'JP', 'KW', 'LB', 'LI', 'LT', 'LU', 'LV', 'MA', 'MC', 'MT', 'MX', 'MY', 'NI', 'NL', 'NO', 'NZ', 'OM', 'PA', 'PE', 'PH', 'PL', 'PS', 'PT', 'PY', 'QA', 'RO', 'SA', 'SE', 'SG', 'SK', 'SV', 'TH', 'TN', 'TR', 'TW', 'US', 'UY', 'VN', 'ZA']",FI,0.634,1.0,232500.0,0.915,https://api.spotify.com/v1/tracks/4rPQ2zRolfoSHPkCaX4OuF,4rPQ2zRolfoSHPkCaX4OuF,0.305,8.0,0.0635,-2.048,"

Open at the party
Left to the right
, Smirnoff Ice
 upon the thing like vice
Got me slam dunk inna dem just like my (Don't stop)
Just like a bangla strike
Ice cool 
So we can't tell day from night
 dem 
For this to ignite (Everybody now)
Jook to the right, jook to the left
Jook to the right, jook to the left
Jook to the front, jook to the front
Jook to the back, jook to the back
Jook to the right, jook to the left
Jook to the right, jook to the left
Jook to the front, jook to the front
 jook, jook

Show dem (Jook it)
Jook, jook
Go fast, go slow
Go fast, go slow
Go fast, go slow
Go fast, go slow

Open at the party
Left to the right
, Smirnoff Ice
 upon the thing like vice
Got me slam dunk inna dem just like my (Don't stop)
Just like a bangla strike
Ice cool 
So we can't tell day from night
 dem 
For this to ignite (Everybody now)
Jook to the right, jook to the left
Jook to the right, jook to the left
Jook to the front, jook to the front
Jook to the back, jook to the back
Jook to the right, jook to the left
Jook to the right, jook to the left
Jook to the front, jook to the front
 jook, jook

Show dem (Jook it)
Jook, jook
Go fast, go slow
Go fast, go slow
Go fast, go slow
Go fast, go slow
Go
",0.0,Lose Control,hip_hop,44.0,https://p.scdn.co/mp3-preview/6a8caf12d17298e3af8490728470460d3b13b958?cid=b3cdb16d0df2409abf6a8f6c2f6c2e0c,0.113,128.008,4.0,https://api.spotify.com/v1/tracks/4rPQ2zRolfoSHPkCaX4OuF,track_15,1.0,spotify:track:4rPQ2zRolfoSHPkCaX4OuF,0.692,track
0.0275,0TBwMjqm1esajO8c3dtDAi,https://api.spotify.com/v1/audio-analysis/1TdfRFmp4z1h2ecflxCaV3,['1ZwdS5xdxEREPySFridCfh'],2Pac,"['AT', 'BE', 'BG', 'CH', 'CY', 'CZ', 'DE', 'DK', 'EE', 'ES', 'FI', 'FR', 'GB', 'GR', 'HU', 'IE', 'IS', 'IT', 'LI', 'LT', 'LU', 'LV', 'MC', 'MT', 'NL', 'NO', 'PL', 'PT', 'RO', 'SE', 'SK', 'TR']",BE,0.658,1.0,348000.0,0.87,https://api.spotify.com/v1/tracks/1TdfRFmp4z1h2ecflxCaV3,1TdfRFmp4z1h2ecflxCaV3,0.0,5.0,0.656,-3.019,"

California love
California knows how to party
California knows how to party
In the city of L.A
In the city of good ol' Watts
In the city, the city of Compton
We keep it rockin', we keep it rockin'

Now let me welcome everybody to the Wild Wild West
A state that's untouchable like Eliot Ness
The track hits your eardrum like a slug to your chest
Pack a vest for your Jimmy in the city of sex
We in that sunshine state where the bomb-ass hemp be
The state where you never find a dance floor empty
And pimps be on a mission for them greens
Lean mean money-making-machines servin' fiends
I been in the game for 10 years makin' rap tunes
Ever since honeys was wearin' Sassoon
Now it's '95 and they clock me and watch me
Diamonds shinin', lookin' like I robbed Liberace
It's all good, from Diego to the Bay
Your city is the bomb if your city makin' pay
Throw up a finger if you feel the same way
Dre puttin' it down for Californ-i-a

California knows how to party
California knows how to party (Yes, they do)
In the city of L.A
In the city of good ol' Watts
In the city, the city of Compton
We keep it rockin', we keep it rockin'

Shake, shake it, baby
Shake, shake it, mama
Shake it, Cali
Shake it, shake it, baby
Shake it, shake it, shake it, shake it

Out on bail, fresh out of jail, California dreamin'
Soon as I step on the scene, I'm hearin' hoochies screamin'
Fiendin' for money and alcohol, the life of a Westside player
Where cowards die and the strong ball
Only in Cali where we riot, not rally, to live and die
In L.A. we wearin' Chucks, not Ballys (yeah, that's right)
Dressed in Locs and Khaki suits, and ride is what we do
Flossin' but have caution: we collide with other crews
Famous because we program
Worldwide, let them recognize from Long Beach to Rosecrans
Bumpin' and grindin' like a slow jam
It's Westside, so you know the Row won't bow down to no man
Say what you say, but give me that bomb beat from Dre
Let me serenade the streets of L.A
From Oakland to Sac-town, the Bay Area and back down
Cali is where they put their mack down; give me love!

California knows how to party
California knows how to party (Yes, they do)
In the city of L.A
In the city of good ol' Watts
In the city, the city of Compton
We keep it rockin', we keep it rockin'

South Central
Uh, that's right
Now make it shake

Shake, shake it, baby
Shake, shake it, mama
Shake it, Cali
Shake it, shake it, baby
Shake it, shake it, shake it, shake it

Shake it, Cali
Uh, uh, West Coast
Uh, yeah, uh, uh, Long Beach in the house
Uh, yeah, Oaktown
Oakland definitely in the house
Frisco, Frisco

And you know L.A. up in here
Pasadena, where you at?
Yeah, Inglewood
Inglewood always up to no good
Even Hollywood tryin' to get a piece, baby
Sacramento, Sacramento where you at?
Throw it up, y'all! Throw it up, throw it up!
I can't see ya
Let's show these fools how we do it over on this Westside
'Cause you and I know it's the best side
Yeah, that's right
West Coast, West Coast
",1.0,California Love,hip_hop,39.0,https://p.scdn.co/mp3-preview/7b2829f9bf2976a0591236c0aa643536dad34fed?cid=b3cdb16d0df2409abf6a8f6c2f6c2e0c,0.0955,91.647,4.0,https://api.spotify.com/v1/tracks/1TdfRFmp4z1h2ecflxCaV3,track_22,2.0,spotify:track:1TdfRFmp4z1h2ecflxCaV3,0.791,track
0.769,3jiaHKgyvIUUDwDz5UlyxA,https://api.spotify.com/v1/audio-analysis/1XHBbmbOSxS0OL1RfBf5iy,['0UIbKpz6Owrre4L7XNjad4'],Juice WRLD,"['AD', 'AE', 'AR', 'AT', 'AU', 'BE', 'BG', 'BH', 'BO', 'BR', 'CA', 'CH', 'CL', 'CO', 'CR', 'CY', 'CZ', 'DE', 'DK', 'DO', 'DZ', 'EC', 'EE', 'EG', 'ES', 'FI', 'FR', 'GB', 'GR', 'GT', 'HK', 'HN', 'HU', 'ID', 'IE', 'IL', 'IN', 'IS', 'IT', 'JO', 'JP', 'KW', 'LB', 'LI', 'LT', 'LU', 'LV', 'MA', 'MC', 'MT', 'MX', 'MY', 'NI', 'NL', 'NO', 'NZ', 'OM', 'PA', 'PE', 'PH', 'PL', 'PS', 'PT', 'PY', 'QA', 'RO', 'SA', 'SE', 'SG', 'SK', 'SV', 'TH', 'TN', 'TR', 'TW', 'US', 'UY', 'VN', 'ZA']",BE,0.43,1.0,182120.0,0.18,https://api.spotify.com/v1/tracks/1XHBbmbOSxS0OL1RfBf5iy,1XHBbmbOSxS0OL1RfBf5iy,0.0,9.0,0.113,-16.976,"

Nah-nah-nah

I still see your shadows in my room
Can't take back the love that I gave you
It's to the point where I love and I hate you
And I cannot change you, so I must replace you, ah
Easier said than done, I thought you were the one
Listenin' to my heart instead of my head
You found another one, but I am the better one
I won't let you forget me
I still see your shadows in my room
Can't take back the love that I gave you
It's to the point where I love and I hate you
And I cannot change you, so I must replace you, ah
Easier said than done, I thought you were the one
Listenin' to my heart instead of my head
You found another one, but I am the better one
I won't let you forget me

I have these lucid dreams where I can't move a thing
Thinking of you in my bed
You were my everything
Thoughts of a wedding ring
Now I'm just better off dead
I'll do it over again
I didn't want it to end
I watch it blow in the wind
I should've listened to my friends
Leave this shit in the past, but I want it to last
You were made outta plastic, fake
I was tangled up in your drastic ways
Who knew evil girls had the prettiest face?
You gave me a heart that was full of mistakes
I gave you my heart and you made heart break

You made my heart break
You made my heart ache
You made my heart break
You made my heart ache
You made my heart break
You made my heart ache
You made my heart break again, ah

I still see your shadows in my room
Can't take back the love that I gave you
To the point where I love and I hate you
And I cannot change you, so I must replace you, ah
Easier said than done, I thought you were the one
Listenin' to my heart instead of my head
You found another one, but I am the better one
I won't let you forget me
I still see your shadows in my room
Can't take back the love that I gave you
It's to the point where I love and I hate you
And I cannot change you, so I must replace you, ah
Easier said than done, I thought you were the one
Listenin' to my heart instead of my head
You found another one, but I am the better one
I won't let you forget me
",1.0,Lucid Dreams,hip_hop,15.0,https://p.scdn.co/mp3-preview/267600c12e831bb3f7e444d993bd121e2dfd3781?cid=b3cdb16d0df2409abf6a8f6c2f6c2e0c,0.0639,83.993,4.0,https://api.spotify.com/v1/tracks/1XHBbmbOSxS0OL1RfBf5iy,track_11,1.0,spotify:track:1XHBbmbOSxS0OL1RfBf5iy,0.459,track
7.85e-05,0sGrr63eLGmDyx2iRclNPR,https://api.spotify.com/v1/audio-analysis/2T1OgnCnRWulJPXYhXqwNt,['4OuSiJSnuRsK0dTM0dtm1R'],Lil Uzi Vert,"['AD', 'AE', 'AR', 'AT', 'AU', 'BE', 'BG', 'BH', 'BO', 'BR', 'CA', 'CH', 'CL', 'CO', 'CR', 'CY', 'CZ', 'DE', 'DK', 'DO', 'DZ', 'EC', 'EE', 'EG', 'ES', 'FI', 'FR', 'GB', 'GR', 'GT', 'HK', 'HN', 'HU', 'ID', 'IE', 'IL', 'IN', 'IS', 'IT', 'JO', 'JP', 'KW', 'LB', 'LI', 'LT', 'LU', 'LV', 'MA', 'MC', 'MT', 'MX', 'MY', 'NI', 'NL', 'NO', 'NZ', 'OM', 'PA', 'PE', 'PH', 'PL', 'PS', 'PT', 'PY', 'QA', 'RO', 'SA', 'SE', 'SG', 'SK', 'SV', 'TH', 'TN', 'TR', 'TW', 'US', 'UY', 'VN', 'ZA']",BE,0.45,1.0,180882.0,0.957,https://api.spotify.com/v1/tracks/2T1OgnCnRWulJPXYhXqwNt,2T1OgnCnRWulJPXYhXqwNt,0.0,11.0,0.0911,-4.695,"

I don't mind you comin' here
And wastin' all my time
'Cause when you're standin' oh so near
I kinda lose my mind

It's not the perfume that you wear
It's not the ribbons in your hair
And I don't mind you comin' here
And wastin' all my time


I don't mind you hangin' out
And talkin' in your sleep
It doesn't matter where you've been
As long as it was deep, yeah

You always knew to wear it well and
You look so fancy I can tell
I don't mind you hangin' out
And talkin' in your sleep

I guess you're just what I needed
(Just what I needed)
I needed someone to feed
I guess you're just what I needed
(Just what I needed)
I needed someone to bleed


I don't mind you comin' here
And wastin' all my time, time
'Cause when you're standin' oh so near
I kinda lose my mind, yeah

It's not the perfume that you wear
It's not the ribbons in your hair
I don't mind you comin' here
And wastin' all my time

I guess you're just what I needed
(Just what I needed)
I needed someone to feed
I guess you're just what I needed
(Just what I needed)
I needed someone to bleed

I guess you're just what I needed
(Just what I needed)
I needed someone to feed
I guess you're just what I needed
(Just what I needed)
I needed someone to bleed
Yeah, yeah, so bleed me

(You're just what I needed)
(You're just what I needed)
(You're just what I needed)
Yeah, yeah, yeah
",0.0,XO Tour Llif3,hip_hop,46.0,https://p.scdn.co/mp3-preview/06c504a8a9e5a8fcf56ba307e0c1a6df6cfef604?cid=b3cdb16d0df2409abf6a8f6c2f6c2e0c,0.0709,170.111,4.0,https://api.spotify.com/v1/tracks/2T1OgnCnRWulJPXYhXqwNt,track_10,1.0,spotify:track:2T1OgnCnRWulJPXYhXqwNt,0.54,track
0.118,5OJKj1KGQEM1pnHtuvY0It,https://api.spotify.com/v1/audio-analysis/2xt7zAxDIExfwiivFb0o2O,['1G9G7WwrXka3Z1r7aIDjI7'],Outkast,"['AD', 'AE', 'AR', 'AT', 'AU', 'BE', 'BG', 'BH', 'BO', 'BR', 'CA', 'CH', 'CL', 'CO', 'CR', 'CY', 'CZ', 'DE', 'DK', 'DO', 'DZ', 'EC', 'EE', 'EG', 'ES', 'FI', 'FR', 'GB', 'GR', 'GT', 'HK', 'HN', 'HU', 'ID', 'IE', 'IL', 'IN', 'IS', 'IT', 'JO', 'JP', 'KW', 'LB', 'LI', 'LT', 'LU', 'LV', 'MA', 'MC', 'MT', 'MX', 'MY', 'NI', 'NL', 'NO', 'NZ', 'OM', 'PA', 'PE', 'PH', 'PL', 'PS', 'PT', 'PY', 'QA', 'RO', 'SA', 'SE', 'SG', 'SK', 'SV', 'TH', 'TN', 'TR', 'TW', 'US', 'UY', 'VN', 'ZA']",FI,0.738,1.0,278907.0,0.995,https://api.spotify.com/v1/tracks/2xt7zAxDIExfwiivFb0o2O,2xt7zAxDIExfwiivFb0o2O,1.66e-06,9.0,0.0337,-2.252,"

One, two
One, two, three, yeah!

Inslumnational, underground
Thunder pounds when I stomp the ground (woo)
Like a million elephants and silverback orangutans, you can't stop a train
Who want some? Don't come unprepared
I'll be there, but when I leave there
Bet I be a household name
Weather man tellin' us it ain't gon' rain
So now we sittin' in a drop-top, soakin' wet
In a silk suit, tryin' not to sweat
Hit somersaults without the net
But this'll be the year that we won't forget
(1-9-9-9) Anno Domini, anything goes, be what you wanna be
Long as you know consequences are given for livin', the fence is
Too high to jump in jail
Too low to dig, I might just touch hell—hot
Get a life, now they on sale, then I might cast you a spell
Look at what came in the mail
A scale and some Arm and Hammer
Soul gold grill and a baby mama
Black Cadillac and a pack of Pampers
Stack of questions with no answers
Cure for cancer, cure for AIDS
Make a nigga wanna stay on tour for days
Get back home, things are wrong
Well, not really, it was bad all along
Before you left adds up to a ball of power
Thoughts at a thousand miles per hour
Hello, ghetto, let your brain breathe
Believe there's always more, ah!

Don't pull the thang out, unless you plan to bang
Bombs over Baghdad!
Yeah, don't even bang unless you plan to hit something
Bombs over Baghdad!
Don't pull the thang out, unless you plan to bang
Bombs over Baghdad!
Yeah, don't even bang unless you plan to hit something
Bombs over Baghdad!

Uno, dos, tres, it's on
Did you ever think a pimp rock a microphone?
Like that there boy and will still stay street
Big things happen every time we meet
Like a track team, crack fiend, dyin' to geek
OutKast bumping up and down the street
Slantback, Cadillac, 'bout 5 niggas deep
75 MC's freestyling to the beat
'Cause we get crunk, stay drunk, at the club
Should have bought an ounce, but you copped a dub
Should have held back, but you throwed a punch
Supposed to meet your girl but you packed a lunch
No D to the U to the G for you
Got a son on the way by the name of Bamboo
Got a little baby girl four year, Jordan
Never turn my back on my kids for them
Should have hit it, quit it, rag top
Before you re-up, get a laptop
Make a business for yourself, boy, set some goals
Make a fat diamond out of dusty coals
Record number four, but we on a roll
Hold up, slow up, stop, ""Control""
Like Janet, plan it, Stankonia's on ya
Moving like Floyd, coming straight to Florida
Lock all your windows then block the corridors
Pulling off a belt 'cause a whipping's in order
Like a three-piece fish 'fore I cut your daughter
Yo quiero Taco Bell, then I hit the border
Pitty pat rappers trying to get to 5
I'm a microphone fiend tryin' to stay alive
When you come to ATL, boy, you better not hide
'Cause the Dungeon Family gon' ride, hah!

Don't pull the thang out, unless you plan to bang
Bombs over Baghdad!
Yeah, Don't even bang unless you plan to hit something
Bombs over Baghdad!
Don't pull the thang out, unless you plan to bang
Bombs over Baghdad!
Yeah, Don't even bang unless you plan to hit something
Bombs over Baghdad!

Bombs over Baghdad!
Bombs over Baghdad!
Bombs over Baghdad!
Bombs over Baghdad!

Bob your head, rag top
Bob your head, rag top
Bob your head, rag top
Bob your head, rag top
Bob your head, rag top
Bob your head, rag top
Bob your head, rag top
Bob your head, rag top
Bob your head, rag top
Bob your head, rag top
Bob your head, rag top
Bob your head, rag top
Bob your head, rag top
Bob your head, rag top
Bob your head, rag top
Bob your head, rag top
Power music, electric revival
Power music, electric revival
Power music, electric revival
Power music, electric revival
Power music, electric revival
Power music, electric revival
Power music, electric revival
Power music, electric revival
Power music, electric revival
",1.0,B.O.B.,hip_hop,41.0,https://p.scdn.co/mp3-preview/25fd662f5bb83d340fa014b5bd07ec946e42cde5?cid=b3cdb16d0df2409abf6a8f6c2f6c2e0c,0.128,153.93,4.0,https://api.spotify.com/v1/tracks/2xt7zAxDIExfwiivFb0o2O,track_40,8.0,spotify:track:2xt7zAxDIExfwiivFb0o2O,0.648,track
0.0325,2WRIExN0uRt1buVuJj7iUD,https://api.spotify.com/v1/audio-analysis/6k6fTAWu4J0gSg8vb397qC,['3e7awlrlDSwF3iM0WBjGMp'],Kendrick Lamar,"['CA', 'US']",AR,0.536,1.0,236733.0,0.696,https://api.spotify.com/v1/tracks/6k6fTAWu4J0gSg8vb397qC,6k6fTAWu4J0gSg8vb397qC,3.51e-05,3.0,0.12,-4.888,"

Does he tell you he loves you when you least expect it?
Does he flutter your heart when he kisses your neck?
No scientist or biology, it's obvious, when he's holding me
It's only natural that I'm so affected, ooh

And my heart won't beat again
If I can't feel him in my veins
No need to question
I already know

It's in his DNA, D-D-D-DNA, it's in his DNA
And he just takes my breath away, bre-bre-bre-breath away, I feel it every day
And that's what makes a man, not hard to understand
Perfect in every way, I see it in his face, nothing more to say, it's in his D-D-D-D-DNA

It's the blue in his eyes that helps me see the future
Fingerprints that leave me covered for days, yeah, hey, yeah
Now I don't have any first degree, but I know what he does to me
No need to work it out, it's so familiar, oh

And my heart won't beat again
If I can't feel him in my veins
No need to question
I already know

It's in his DNA, D-D-D-DNA, it's in his DNA
And he just takes my breath away, bre-bre-bre-breath away, I feel it every day
And that's what makes a man, not hard to understand
Perfect in every way, I see it in his face, nothing more to say, it's in his D-D-D-D-DNA

It's all about his kiss, contaminates my lips
Our energy connects, it's simple genetics
I'm the X to his Y, it's the colour of his eyes
He can do no wrong, no, he don't need to try
Made from the best, he passes all the tests
Got my heart beating fast, it's cardiac arrest
He's from a different strain that science can't explain
I guess, that's how he's made, in his DNA

Ahh-ah-ah-ah
Ahh-ah-ah-ah
Ahh-ah-ah-ah
Ahh-ah-ah-ah

Woah-oh-oh-oh-oh-ohh
It's in his DNA, D-D-D-DNA, it's in his DNA
And he just takes my breath away
Bre-bre-bre-breath away (breath away, yeah)
I feel it every day
And that's what makes a man (What makes a man)
Not hard to understand (to understand)
Perfect in every way (in every way)
I see it in his face (it in his face)
Nothing more to say (nothing more to say), it's in his D-D-D-D-DNA
",0.0,DNA,hip_hop,50.0,https://p.scdn.co/mp3-preview/0ce416efff0b20b20d039f988adb3a7bb6fffb8b?cid=b3cdb16d0df2409abf6a8f6c2f6c2e0c,0.0492,141.043,4.0,https://api.spotify.com/v1/tracks/6k6fTAWu4J0gSg8vb397qC,track_18,2.0,spotify:track:6k6fTAWu4J0gSg8vb397qC,0.325,track
0.738,4kQm3VQTBohGo5TXdGVff9,https://api.spotify.com/v1/audio-analysis/29jpmX9aFIterqex0NjkXl,['6F2IVNYt9Cgtx72CQBYYqw'],Drake,"['AD', 'AE', 'AR', 'AT', 'AU', 'BE', 'BG', 'BO', 'BR', 'CA', 'CH', 'CL', 'CO', 'CR', 'CY', 'CZ', 'DE', 'DK', 'DZ', 'EC', 'EE', 'EG', 'ES', 'FI', 'FR', 'GB', 'GR', 'GT', 'HK', 'HN', 'HU', 'ID', 'IE', 'IL', 'IS', 'IT', 'JO', 'JP', 'KW', 'LB', 'LI', 'LT', 'LU', 'LV', 'MA', 'MC', 'MT', 'MX', 'MY', 'NI', 'NL', 'NO', 'NZ', 'OM', 'PA', 'PE', 'PH', 'PL', 'PS', 'PT', 'PY', 'QA', 'RO', 'SA', 'SE', 'SG', 'SK', 'SV', 'TH', 'TN', 'TR', 'TW', 'US', 'UY', 'VN', 'ZA']",FI,0.855,1.0,216878.0,0.544,https://api.spotify.com/v1/tracks/29jpmX9aFIterqex0NjkXl,29jpmX9aFIterqex0NjkXl,0.000787,9.0,0.115,-8.872,"
Paroles de la chanson Don't Speak :
You and me
We used to be together
Everyday together always
I really feel
That I'm losing my best friend
I can't believe
This could be the end
It looks as though you're letting go
And if it's real
Well I don't want to know
Don't speak
I know just what you're saying
So please stop explaining
Don't tell me cause it hurts
Don't speak
I know what you're thinking
I don't need your reasons
Don't tell me cause it hurts
Our memories
Well, they can be inviting
But some are altogether
Mighty frightening
As we die, both you and I
With my head in my hands
I sit and cry
Don't speak
I know just what you're saying
So please stop explaining
Don't tell me cause it hurts (no, no, no)
Don't speak
I know what you're thinking
I don't need your reasons
Don't tell me cause it hurts
It's all ending
I gotta stop pretending who we are...
You and me I can see us dying...are we?
Don't speak
I know just what you're saying
So please stop explaining
Don't tell me cause it hurts (no, no, no)
Don't speak
I know what you're thinking
I don't need your reasons
Don't tell me cause it hurts
Don't tell me cause it hurts!
I know what you're saying
So please stop explaining
Don't speak
Don't speak
Don't speak
Oh I know what you're thinking
And I don't need your reasons
I know you're good
I know you're good
I know you're real good
Oh, la la la la la la La la la la la la
Don't, Don't, uh-huh Hush, hush darlin'
Hush, hush darlin' Hush, hush
Don't tell me tell me cause it hurts
Hush, hush darlin' Hush, hush darlin'
Hush, hush don't tell me tell me cause it hurt
",0.0,Hotline Bling,hip_hop,34.0,https://p.scdn.co/mp3-preview/fc297e52f90048732cd612688ab6721d3ab06b07?cid=b3cdb16d0df2409abf6a8f6c2f6c2e0c,0.058,135.057,4.0,https://api.spotify.com/v1/tracks/29jpmX9aFIterqex0NjkXl,track_26,1.0,spotify:track:29jpmX9aFIterqex0NjkXl,0.847,track
0.0659,4KdtEKjY3Gi0mKiSdy96ML,https://api.spotify.com/v1/audio-analysis/6KBYefIoo7KydImq1uUQlL,['4kYSro6naA4h99UJvo89HB'],Cardi B,"['AD', 'AE', 'AR', 'AT', 'AU', 'BE', 'BG', 'BH', 'BO', 'BR', 'CA', 'CH', 'CL', 'CO', 'CR', 'CY', 'CZ', 'DE', 'DK', 'DO', 'DZ', 'EC', 'EE', 'EG', 'ES', 'FI', 'FR', 'GB', 'GR', 'GT', 'HK', 'HN', 'HU', 'ID', 'IE', 'IL', 'IS', 'IT', 'JO', 'JP', 'KW', 'LB', 'LI', 'LT', 'LU', 'LV', 'MA', 'MC', 'MT', 'MX', 'MY', 'NI', 'NL', 'NO', 'NZ', 'OM', 'PA', 'PE', 'PH', 'PL', 'PS', 'PT', 'PY', 'QA', 'RO', 'SA', 'SE', 'SG', 'SK', 'SV', 'TH', 'TN', 'TR', 'TW', 'US', 'UY', 'VN', 'ZA']",AR,0.926,1.0,223713.0,0.703,https://api.spotify.com/v1/tracks/6KBYefIoo7KydImq1uUQlL,6KBYefIoo7KydImq1uUQlL,0.0,11.0,0.231,-6.337,"

KSR
It's Cardi, ayy
Said, ""I'm the shit, they can't fuck with me if they wanted to""

Said, ""Lil bitch, you can't fuck with me if you wanted to""
These expensive, these is red bottoms, these is bloody shoes
Hit the store, I can get 'em both, I don't wanna choose
And I'm quick, cut a nigga off, so don't get comfortable, look
I don't dance now, I make money moves
Say I don't gotta dance, I make money move
If I see you and I don't speak, that means I don't fuck with you
I'm a boss, you a worker, bitch, I make bloody moves

Now she say she gon' do what to who? Let's find out and see
Cardi B, you know where I'm at, you know where I be
You in the club just to party, I'm there, I get paid a fee
I be in and out them banks so much, I know they're tired of me
Honestly, don't give a fuck 'bout who in front of me
Dropped two mixtapes in six months, what bitch working as hard as me?
I don't bother with these hoes, don't let these hoes bother me
They see pictures, they say, ""Goals,"" bitch, I'm who they tryna be
Look, I might just chill in some BAPE, I might just chill with your boo
I might just feel on your babe, my pussy feel like a lake
He wanna swim with his face, I'm like, ""Okay""
I'll let him get what he want, he buy me Yves Saint Laurent
And the new whip, when I go fast as a horse, I got the trunk in the front
I'm the hottest in the street, know you prolly heard of me
Got a bag and fixed my teeth, hope you hoes know it ain't cheap
And I pay my mama bills, I ain't got no time to chill
Think these hoes be mad at me, their baby father run a bill

Said, ""Lil bitch, you can't fuck with me if you wanted to""
These expensive, these is red bottoms, these is bloody shoes
Hit the store, I can get 'em both, I don't wanna choose
And I'm quick, cut a nigga off, so don't get comfortable, look
I don't dance now, I make money moves
Say I don't gotta dance, I make money move
If I see you and I don't speak, that means I don't fuck with you
I'm a boss, you a worker, bitch, I make bloody moves

If you a pussy, you get popped, you a goofy, you a opp
Don't you come around my way, you can't hang around my block
And I just checked my accounts, turns out, I'm rich, I'm rich, I'm rich
I put my hand above my hip, I bet you dip, he dip, she dip
I say I get the money and go, this shit is hot like a stove
My pussy glitter is gold, tell that lil bitch play her role
I just arrove in a Rolls, I just came up in a Wraith
I need to fill up the tank, no, I need to fill up the safe
I need to let all these hoes know that none of their niggas is safe
I go to dinner and steak, only the real can relate
I used to live in the P's, now it's a crib with a gate
Rollie got charms, look like Frosted Flakes
Had to let these bitches know, just in case these hoes forgot
I just run and check the mail, another check from Mona Scott

Said, ""Lil bitch, you can't fuck with me if you wanted to""
These expensive, these is red bottoms, these is bloody shoes
Hit the store, I can get 'em both, I don't wanna choose
And I'm quick, cut a nigga off, so don't get comfortable, look
I don't dance now, I make money moves
Say I don't gotta dance, I make money move
If I see you and I don't speak, that means I don't fuck with you
I'm a boss, you a worker, bitch, I make bloody moves
",0.0,Bodak Yellow,hip_hop,81.0,https://p.scdn.co/mp3-preview/cab6e91217590b37cc254585f3f951c5a5280375?cid=b3cdb16d0df2409abf6a8f6c2f6c2e0c,0.103,125.022,4.0,https://api.spotify.com/v1/tracks/6KBYefIoo7KydImq1uUQlL,track_25,4.0,spotify:track:6KBYefIoo7KydImq1uUQlL,0.485,track
0.0393,1BZoqf8Zje5nGdwZhOjAtD,https://api.spotify.com/v1/audio-analysis/0uEp9E98JB5awlA084uaIg,['2Mu5NfyYm8n5iTomuKAEHl'],Lauryn Hill,"['AD', 'AE', 'AR', 'AT', 'AU', 'BE', 'BG', 'BH', 'BO', 'BR', 'CA', 'CH', 'CL', 'CO', 'CR', 'CY', 'CZ', 'DE', 'DK', 'DO', 'DZ', 'EC', 'EE', 'EG', 'ES', 'FI', 'FR', 'GB', 'GR', 'GT', 'HK', 'HN', 'HU', 'ID', 'IE', 'IL', 'IN', 'IS', 'IT', 'JO', 'JP', 'KW', 'LB', 'LI', 'LT', 'LU', 'LV', 'MA', 'MC', 'MT', 'MX', 'MY', 'NI', 'NL', 'NO', 'NZ', 'OM', 'PA', 'PE', 'PH', 'PL', 'PS', 'PT', 'PY', 'QA', 'RO', 'SA', 'SE', 'SG', 'SK', 'SV', 'TH', 'TN', 'TR', 'TW', 'US', 'UY', 'VN', 'ZA']",FI,0.535,1.0,320267.0,0.505,https://api.spotify.com/v1/tracks/0uEp9E98JB5awlA084uaIg,0uEp9E98JB5awlA084uaIg,0.0,2.0,0.0923,-8.926,"

A scrub is a guy that thinks he's fly
He's also known as a busta (Busta, busta)
Always talkin' about what he wants
And just sits on his broke ass

So no, I don't want your number (Uh, uh)
No, I don't want to give you mine and
No, I don't want to meet you nowhere (No, no)
No, I don't want none of your time and (Uh)

No, I don't want no scrubs
A scrub is a guy that can't get no love from me
Hangin' out the passenger side of his best friend's ride
Trying to holla at me (Whoo)
I don't want no scrubs
A scrub is a guy that can't get no love from me
Hangin' out the passenger side of his best friend's ride
Trying to holla at me

Well a scrub checkin' me, but his game is kinda weak
And I know that he cannot approach me
'Cause I'm looking like class and he's looking like trash
Can't get wit' a deadbeat ass (Yeah)

So no, I don't want your number
No, I don't want to give you mine and
No, I don't want to meet you nowhere
No, I don't want none of your time and (Check it)

No, I don't want no scrubs
A scrub is a guy that can't get no love from me (Uh, uh)
Hangin' out the passenger side of his best friend's ride
Trying to holla at me
I don't want no scrubs (No scrubs)
A scrub is a guy that can't get no love from me (Uh, uh)
Hangin' out the passenger side of his best friend's ride
Trying to holla at me

If you don't have a car and you're walking
Oh yes son, I'm talking to you
If you live at home with your momma
Oh yes son, I'm talking to you
If you have a shorty that you don't show love
Oh yes son, I'm talking to you
Wanna get me with no money
Oh no, I don't want no
No scrub, love
No scrub, love

No, I don't want no scrubs
A scrub is a guy that can't get no love from me
Hangin' out the passenger side of his best friend's ride
Trying to holla at me
I don't want no scrubs
A scrub is a guy that can't get no love from me
Hangin' out the passenger side of his best friend's ride
Trying to holla at me

See, if you can't spatially expand my horizon
Then that leaves you in the class with scrubs, never rising
I don't find it surprising and if you don't have the G's
To please me and bounce me here to the coast of overseas
So, let me give you something to think about
Inundate your mind with intentions to turn you out
Can't forget the focus on the picture in front of me
You as clear as DVD on digital TV screens
Satisfy my appetite with something spectacular
Check your vernacular, and then I get back to ya
With diamond-like precision, insatiable is what I envision
Can't detect acquisition from your friend's Expedition
Mr. Big Willy, if you really wanna know
Ask Chilli, could I be a silly ho?
Not really, T-Boz and all my señoritas
Are steppin' on your FILA's, but you don't hear me, though

No, I don't want no scrubs
A scrub is a guy that can't get no love from me
Hangin' out the passenger side of his best friend's ride
Trying to holla at me
I don't want no scrubs
A scrub is a guy that can't get no love from me
Hangin' out the passenger side of his best friend's ride
Trying to holla at me
I don't want no scrubs
A scrub is a guy that can't get no love from me
Hangin' out the passenger side of his best friend's ride
Trying to holla at me
I don't want no scrubs
A scrub is a guy that can't get no love from me
Hangin' out the passenger side of his best friend's ride
Trying to holla at me
",0.0,Doo Wop (That Thing),hip_hop,74.0,https://p.scdn.co/mp3-preview/e2d527c9652362bed26e25392e9456966f5eb620?cid=b3cdb16d0df2409abf6a8f6c2f6c2e0c,0.245,99.935,4.0,https://api.spotify.com/v1/tracks/0uEp9E98JB5awlA084uaIg,track_47,5.0,spotify:track:0uEp9E98JB5awlA084uaIg,0.495,track
0.0974,0qcgEPOg67XnxGizdAAcGa,https://api.spotify.com/v1/audio-analysis/5vz2J2kP3vV7mZE9UxnFcG,['5a2EaR3hamoenG9rDuVn8j'],Wu-Tang Clan,['US'],AR,0.861,1.0,253067.0,0.604,https://api.spotify.com/v1/tracks/5vz2J2kP3vV7mZE9UxnFcG,5vz2J2kP3vV7mZE9UxnFcG,0.358,5.0,0.0467,-8.44,"

This is it
It's time for you to go to the wire
You will hit
Cause you got the burning desire
It's your time (time)
You got the horn so why don't you blow it
You are fine (fine)
You're filthy cute and baby you know it

Cream
Get on top
Cream
You will cop
Cream
Don't you stop
Cream
Sh-boogie bop

You're so good
Baby there ain't nobody better (ain't nobody better)
So u should
Never, ever go by the letter (never ever)
You're so cool (cool)
Everything you do is success
Make the rules (rules)
Then break them all cause you are the best
Yes you are

Cream
Get on top
Cream
You will cop
Cream
Don't you stop
Cream
Sh-boogie bop

Look up in the air, it's your guitar
Do your dance
Why should you wait any longer?
Take a chance
It could only make you stronger
It's your time (it's your time)
You got the horn so why don't you blow it (go on and blow it)
You're so fine (you're so fine)
You're filthy cute and baby you know it (you know it)

Cream
Get on top
Cream
You will cop
Cream
Don't you stop
Cream
Sh-boogie bop

Cream
Cream
Cream
Sh-boogie bop
Cream
Cream
Right there
Cream
Don't you stop
Cream
Sh-boogie bop
Boogie
",0.0,Cream,hip_hop,45.0,https://p.scdn.co/mp3-preview/92760bcf6fdae26b0758d501d06c3d18acddd6c9?cid=b3cdb16d0df2409abf6a8f6c2f6c2e0c,0.0719,115.588,4.0,https://api.spotify.com/v1/tracks/5vz2J2kP3vV7mZE9UxnFcG,track_54,4.0,spotify:track:5vz2J2kP3vV7mZE9UxnFcG,0.853,track
0.646,1FhmTMNe8AziAPkB29114F,https://api.spotify.com/v1/audio-analysis/4EpZ4eYuZOwPSSwyqpdHnJ,['7pbDxGE6nQSZVfiFdq9lOL'],Post Malone,"['AD', 'AE', 'AR', 'AT', 'AU', 'BE', 'BG', 'BH', 'BO', 'BR', 'CA', 'CH', 'CL', 'CO', 'CR', 'CY', 'CZ', 'DE', 'DK', 'DO', 'DZ', 'EC', 'EE', 'EG', 'ES', 'FI', 'FR', 'GB', 'GR', 'GT', 'HK', 'HN', 'HU', 'ID', 'IE', 'IL', 'IN', 'IS', 'IT', 'JO', 'JP', 'KW', 'LB', 'LI', 'LT', 'LU', 'LV', 'MA', 'MC', 'MT', 'MX', 'MY', 'NI', 'NL', 'NO', 'NZ', 'OM', 'PA', 'PE', 'PH', 'PL', 'PT', 'PY', 'QA', 'RO', 'SA', 'SE', 'SG', 'SK', 'SV', 'TH', 'TN', 'TR', 'TW', 'US', 'UY', 'VN', 'ZA']",FI,0.384,1.0,252231.0,0.765,https://api.spotify.com/v1/tracks/4EpZ4eYuZOwPSSwyqpdHnJ,4EpZ4eYuZOwPSSwyqpdHnJ,0.00352,6.0,0.522,-4.463,"

I want to know
Where I can go
When you're not around
And I'm feeling down
So won't you stay for a moment
So I can say
I, I need you so
'Cause right now you know that nothing here's new
And I'm obsessed with you
Then I fell to the ground
And you smiled at me and said

I don't wanna see you cry
You don't have to feel this emptiness
She said I love you till the day that I die
Well maybe she's right
'Cause I don't wanna feel like I'm not me
And to be honest I don't even know why
I let myself get down in the first place

Tryna keep my mind at bay
Sunflower still grows at night
Waiting for a minute till the sun's seen through my eyes
Make it down down, do-do-down
Diggy dig down, du du du du
Waiting for a minute till the sun's seen through my eyes

You know you need to get yourself to sleep and dream
A dream of you and I
There's no need to keep an open eye
I promise I'm the one for you
Just let me hold you in these arms tonight
I'm lucky to be me and you can see it in my face
Back when I fucked my shit up too many times
Why would I let myself get down in the first place

Tryna keep my mind at bay
Sunflower still grows at night
Waiting for a minute till the sun's seen through my eyes
Make it down down, do-do-down
Diggy dig down, du du du
Waiting for a minute till the sun's seen through my eyes

And so she sat me down and told me that I didn't have to cry
Said I didn't need to get down and feel empty inside
And told me that she'll love me for as long as she's alive
And well, maybe she's right, 'cause I hate it when I feel like I'm not me
See, I honestly, don't even know why
I, I honestly don't even know why

Tryna keep my mind at bay
Sunflower still grows at night
Waiting for a minute till the sun's seen through my eyes
Make it down down, do-do-down
Diggy dig down, du du du
Waiting for a minute till the sun's seen through my eyes
",1.0,Sunflower,hip_hop,80.0,https://p.scdn.co/mp3-preview/561e89f54d6e333789baae4fb220713221e18f6c?cid=b3cdb16d0df2409abf6a8f6c2f6c2e0c,0.0579,129.903,4.0,https://api.spotify.com/v1/tracks/4EpZ4eYuZOwPSSwyqpdHnJ,track_9,1.0,spotify:track:4EpZ4eYuZOwPSSwyqpdHnJ,0.567,track
0.0355,6cGK6pBNrE1HmuITaZYvkN,https://api.spotify.com/v1/audio-analysis/0uIbS3hBnqjJ9cVG0XmMHr,['4F61H4lx1js4wtWfb2Rfnt'],Outkast,"['AD', 'AE', 'AR', 'AT', 'AU', 'BE', 'BG', 'BH', 'BO', 'BR', 'CA', 'CH', 'CL', 'CO', 'CR', 'CY', 'CZ', 'DE', 'DK', 'DO', 'DZ', 'EC', 'EE', 'EG', 'ES', 'FI', 'FR', 'GB', 'GR', 'GT', 'HK', 'HN', 'HU', 'ID', 'IE', 'IL', 'IN', 'IS', 'IT', 'JO', 'JP', 'KW', 'LB', 'LI', 'LT', 'LU', 'LV', 'MA', 'MC', 'MT', 'MX', 'MY', 'NI', 'NL', 'NO', 'NZ', 'OM', 'PA', 'PE', 'PH', 'PL', 'PS', 'PT', 'PY', 'QA', 'RO', 'SA', 'SE', 'SG', 'SK', 'SV', 'TH', 'TN', 'TR', 'TW', 'US', 'UY', 'VN', 'ZA']",AR,0.858,1.0,182439.0,0.384,https://api.spotify.com/v1/tracks/0uIbS3hBnqjJ9cVG0XmMHr,0uIbS3hBnqjJ9cVG0XmMHr,2.8e-06,9.0,0.0655,-7.592,"

Yeah, this one right here goes out
To all the baby's mommas, mommas
Mommas, mommas, baby mommas, mommas
Check this our right here

I'm sorry, Ms. Jackson (Ohh!), I am for real
Never meant to make your daughter cry
I apologize a trillion times
I'm sorry, Ms. Jackson (Ohh!), I am for real
Never meant to make your daughter cry
I apologize a trillion times
I'm sorry, Ms. Jackson. (Ohh!)

I'm sorry, Ms. Jackson (Ohh!), I am for real
Never meant to make your daughter cry
I apologize a trillion times
I'm sorry, Ms. Jackson (Ohh!), I am for real
Never meant to make your daughter cry
I apologize a trillion times
Forever, forever ever, forever ever?
(I'm) Sorry, Ms. Jackson. (Ohh!)

Me and your daughter got a special thing going on
You say it's puppy love, we say it's full-grown
Hope that we feel this, feel this way forever
You can plan a pretty picnic
But you can't predict the weather
(I'm) Sorry, Ms. Jackson. (Ohh!)
Forever, forever ever, forever ever?
I'm sorry, Ms. Jackson. (Ohh!)

I'm sorry, Ms. Jackson (Ohh!), I am for real
Never meant to make your daughter cry
I apologize a trillion times
I'm sorry, Ms. Jackson (Ohh!), I am for real
Never meant to make your daughter cry
I apologize a trillion times
I'm sorry, Ms. Jackson (Ohh!)
Forever ever?
",0.0,Ms. Jackson,hip_hop,55.0,https://p.scdn.co/mp3-preview/d19366ad817558746715cb4b6b1d2069fd181ecd?cid=b3cdb16d0df2409abf6a8f6c2f6c2e0c,0.172,107.038,4.0,https://api.spotify.com/v1/tracks/0uIbS3hBnqjJ9cVG0XmMHr,track_3,1.0,spotify:track:0uIbS3hBnqjJ9cVG0XmMHr,0.421,track
0.0646,4Bmt1wjdcJWNUcKJj4Bxm7,https://api.spotify.com/v1/audio-analysis/6NdkIejC39Pcwg9Buw5f2B,['137W8MRPWKqSmrBGDBFSop'],Wiz Khalifa,"['AE', 'AR', 'AT', 'AU', 'BE', 'BG', 'BH', 'BO', 'BR', 'CA', 'CH', 'CL', 'CO', 'CR', 'CZ', 'DE', 'DK', 'DO', 'DZ', 'EC', 'EE', 'EG', 'ES', 'FI', 'GB', 'GR', 'GT', 'HN', 'HU', 'IE', 'IL', 'IS', 'IT', 'JO', 'JP', 'KW', 'LB', 'LT', 'LU', 'LV', 'MA', 'MT', 'NI', 'NL', 'NO', 'NZ', 'OM', 'PA', 'PE', 'PL', 'PY', 'QA', 'RO', 'SA', 'SE', 'SK', 'SV', 'TN', 'TR', 'UY', 'ZA']",AR,0.684,1.0,217667.0,0.834,https://api.spotify.com/v1/tracks/6NdkIejC39Pcwg9Buw5f2B,6NdkIejC39Pcwg9Buw5f2B,0.0,2.0,0.271,-4.524,"

Yeah, uh-huh, you know what it is
Black and yellow, black and yellow
Black and yellow, black and yellow
Yeah, uh-huh, you know what it is
Black and yellow, black and yellow
Black and yellow, black and yellow

Yeah, uh-huh, you know what it is
Everything I do, yeah, I do it big
Yeah, uh-huh, screaming: ""That's nothin'!""
When I pulled off the lot, that's stuntin'
Reppin' my town, when you see me you know everything
Black and yellow, black and yellow
Black and yellow, black and yellow
I put it down from the whip to my diamonds, I'm in
Black and yellow, black and yellow
Black and yellow, black and yellow

Uh, black stripe, yellow paint
Them niggas scared of it, but them hoes ain't
Soon as I hit the club, look at them hoes' face
Hit the pedal once, make the floor shake
Suede inside, my engine roarin'
It’s the big boy, you know what I paid for it
And I got the pedal to the metal
Got you niggas checking game, I’m ballin' out on every level
Hear them haters talk, but there’s nothin' you can tell 'em
Just made a million, got another million on my schedule
No love for 'em, nigga breaking hearts
No keys, push to start

Yeah, uh-huh, you know what it is
Everything I do, yeah, I do it big
Yeah, uh-huh, screaming: ""That's nothin'!""
When I pulled off the lot, that's stuntin'
Reppin' my town, when you see me you know everything
Black and yellow, black and yellow
Black and yellow, black and yellow
I put it down from the whip to my diamonds, I'm in
Black and yellow, black and yellow
Black and yellow, black and yellow

Got a call from my jeweler, this just in
And bitches love me ‘cause I'm fucking with their best friends
Not a lesbian, but she a freak though
This ain't for one night, I’m shining all week, ho
I’m sippin' Clicquot and rocking yellow diamonds
So many rocks up in my watch I can’t tell what the time is
Got a pocket full of big faces
Throw it up, 'cause every nigga that I’m with Taylor'd

Yeah, uh-huh, you know what it is
Everything I do, yeah, I do it big
Yeah, uh-huh, screaming: ""That's nothin'!""
When I pulled off the lot, that's stuntin'
Reppin' my town, when you see me you know everything
Black and yellow, black and yellow
Black and yellow, black and yellow
I put it down from the whip to my diamonds, I'm in
Black and yellow, black and yellow
Black and yellow, black and yellow

Stay high like how I’m supposed to do
That crowd underneath them clouds can’t get close to you
And my car look unapproachable
Super clean, but it's super mean
She wanna fuck with them cats, smoke weed, count stacks
Get fly and take trips and that's that, real rap
I let her get high if she want and she feel that
Convertible drop feel, ‘87, the top peeled back

Yeah, uh-huh, you know what it is
Yeah, yeah, uh-huh, you know what it is
You already know what it is, man
And if you don't, you should by now
Reppin' my town, when you see me you know everything
Black and yellow, black and yellow
Black and yellow, black and yellow
I put it down from the whip to my diamonds, I'm in
Black and yellow, black and yellow
Black and yellow, black and yellow

Yeah, uh-huh, you know what it is
Everything I do, yeah, I do it big
Yeah, uh-huh, screaming: ""That's nothin'!""
When I pulled off the lot, that's stuntin'
Reppin' my town, when you see me you know everything
Black and yellow, black and yellow
Black and yellow, black and yellow
I put it down from the whip to my diamonds, I'm in
Black and yellow, black and yellow
Black and yellow, black and yellow
",0.0,Black And Yellow,hip_hop,57.0,https://p.scdn.co/mp3-preview/743b231f046440a6076fef4bb670f133d05651fc?cid=b3cdb16d0df2409abf6a8f6c2f6c2e0c,0.0675,164.02,4.0,https://api.spotify.com/v1/tracks/6NdkIejC39Pcwg9Buw5f2B,track_21,1.0,spotify:track:6NdkIejC39Pcwg9Buw5f2B,0.538,track
0.0394,3kEtdS2pH6hKcMU9Wioob1,https://api.spotify.com/v1/audio-analysis/0trHOzAhNpGCsGBEu7dOJo,['20qISvAhX20dpIbOOzGK3q'],Nas,"['AD', 'AE', 'AR', 'AT', 'AU', 'BE', 'BG', 'BH', 'BO', 'BR', 'CA', 'CH', 'CL', 'CO', 'CR', 'CY', 'CZ', 'DE', 'DK', 'DO', 'DZ', 'EC', 'EE', 'EG', 'ES', 'FI', 'FR', 'GB', 'GR', 'GT', 'HK', 'HN', 'HU', 'ID', 'IE', 'IL', 'IN', 'IS', 'IT', 'JO', 'JP', 'KW', 'LB', 'LI', 'LT', 'LU', 'LV', 'MA', 'MC', 'MT', 'MX', 'MY', 'NI', 'NL', 'NO', 'NZ', 'OM', 'PA', 'PE', 'PH', 'PL', 'PS', 'PT', 'PY', 'QA', 'RO', 'SA', 'SE', 'SG', 'SK', 'SV', 'TH', 'TN', 'TR', 'TW', 'US', 'UY', 'VN', 'ZA']",AR,0.665,1.0,293973.0,0.91,https://api.spotify.com/v1/tracks/0trHOzAhNpGCsGBEu7dOJo,0trHOzAhNpGCsGBEu7dOJo,0.0,6.0,0.227,-4.682,"


Yeah, yeah
Ayo, Black, it's time, word (Word, it's time, man)
It's time, man (Aight, man, begin)
Yeah, straight out the fuckin' dungeons of rap
Where fake niggas don't make it back
I don't know how to start this shit, yo... now

Rappers - I monkey flip 'em with the funky rhythm I be kickin'
Musician, inflictin', composition
Of pain, I'm like Scarface sniffin' cocaine
Holdin' an M16, see with the pen I'm extreme
Now, bullet holes left in my peepholes
I'm suited up in street clothes, hand me a 9 and I'll defeat foes
Y'all know my steelo, with or without the airplay
I keep some E&J, sittin' bent up in the stairway
Or either on the corner bettin' Grants with the cee-lo champs
Laughin' at base-heads, tryna sell some broken amps...
G-packs get off quick, forever niggas talk shit
Reminiscin' about the last time the task force flipped
Niggas be runnin' through the block shootin'
Time to start the revolution, catch a body, head for Houston
Once they caught us off-guard, the MAC-10 was in the grass, and
I ran like a cheetah, with thoughts of an assassin
Picked the MAC up, told brothers ""Back up!"" — the MAC spit
Lead was hittin' niggas, one ran, I made him backflip
Heard a few chicks scream, my arm shook, couldn't look
Gave another squeeze, heard it click, ""Yo, my shit is stuck!""
Tried to cock it, it wouldn't shoot, now I'm in danger
Finally pulled it back and saw 3 bullets caught up in the chamber
So, now I'm jettin' through the buildin' lobby
And it was full of children, prob'ly couldn't see as high as I be
(So, what you sayin'?)
It's like the game ain't the same
Got younger niggas pullin' the triggers, bringin' fame to their name
And claim some corners, crews without guns are goners
In broad daylight, stick-up kids, they run up on us
0.45’s and gauges, MAC's in fact
Same niggas will catch you back-to-back, snatchin' your cracks in black
There was a snitch on the block gettin' niggas knocked
So hold your stash 'til the coke price drop
I know this crackhead who said she got to smoke nice rock
And if it's good she'll bring you customers and measuring pots, but yo
You gotta slide on a vacation
Inside information keeps large niggas erasin' and their wives basin'
It drops deep as it does in my breath
I never sleep, 'cause sleep is the cousin of death
Beyond the walls of intelligence, life is defined
I think of crime when I'm in the New York State of Mind

New York state of mind
New York state of mind
New York state of mind

Be havin' dreams that I'm a gangsta, drinkin' Moëts, holdin' TEC's
Makin' sure the cash came correct, then I stepped
Investments in stocks, sewin' up the blocks to sell rocks
Winnin' gunfights with mega-cops
But just a nigga walkin' with his finger on the trigger
Make enough figures until my pockets get bigger
I ain't the type of brother made for you to start testin'
Give me a Smith & Wesson, I have niggas undressin'
Thinkin' of cash flow, Buddha and shelter
Whenever frustrated, I'ma hijack Delta
In the PJ's, my blend tape plays, bullets are strays
Young bitches is grazed, each block is like a maze
Full of black rats trapped plus the Island is packed
From what I hear in all the stories when my peoples come back
Black, I'm livin' where the nights is jet-black
The fiends fight to get crack, I just max, I dream I can sit back
And lamp like Capone, with drug scripts sewn
Or the legal luxury life, rings flooded with stones, homes
I got so many rhymes, I don't think I'm too sane
Life is parallel to Hell, but I must maintain
And be prosperous, though we live dangerous
Cops could just arrest me, blamin' us: we're held like hostages
It's only right that I was born to use mics
And the stuff that I write is even tougher than dykes
I've taken rappers to a new plateau
Through rap slow, my rhymin' is a vitamin held without a capsule
The smooth criminal on beat breaks
Never put me in your box if your shit eats tapes
The city never sleeps, full of villains and creeps
That's where I learned to do my hustle, had to scuffle with freaks
I'm a addict for sneakers, 20s of Buddha and bitches with beepers
In the streets I can greet ya, about blunts I teach ya
Inhale deep like the words of my breath
I never sleep—'cause sleep is the cousin of death
I lay puzzle as I backtrack to earlier times
Nothing's equivalent to the New York state of mind

New York state of mind
New York state of mind
New York state of mind
New York state of mind

""Nasty Nas—""
",0.0,N.Y. State of Mind,hip_hop,66.0,https://p.scdn.co/mp3-preview/1a15b1a2287238a4b124d712af2eeac1d6e5b3a2?cid=b3cdb16d0df2409abf6a8f6c2f6c2e0c,0.223,84.099,4.0,https://api.spotify.com/v1/tracks/0trHOzAhNpGCsGBEu7dOJo,track_29,2.0,spotify:track:0trHOzAhNpGCsGBEu7dOJo,0.887,track
0.0208,3pUzgS0cVT10PPszgR3VF5,https://api.spotify.com/v1/audio-analysis/6DtVPEJXQxDp7nn3Kp076o,['4P0dddbxPil35MNN9G2MEX'],Cypress Hill,"['AD', 'AE', 'AR', 'AT', 'AU', 'BE', 'BG', 'BH', 'BO', 'BR', 'CA', 'CH', 'CL', 'CO', 'CR', 'CY', 'CZ', 'DE', 'DK', 'DO', 'DZ', 'EC', 'EE', 'EG', 'ES', 'FI', 'FR', 'GB', 'GR', 'GT', 'HK', 'HN', 'HU', 'ID', 'IE', 'IL', 'IN', 'IS', 'IT', 'JO', 'JP', 'KW', 'LB', 'LI', 'LT', 'LU', 'LV', 'MA', 'MC', 'MT', 'MX', 'MY', 'NI', 'NL', 'NO', 'NZ', 'OM', 'PA', 'PE', 'PH', 'PL', 'PS', 'PT', 'PY', 'QA', 'RO', 'SA', 'SE', 'SG', 'SK', 'SV', 'TH', 'TN', 'TR', 'TW', 'US', 'UY', 'VN', 'ZA']",FI,0.901,1.0,210160.0,0.63,https://api.spotify.com/v1/tracks/6DtVPEJXQxDp7nn3Kp076o,6DtVPEJXQxDp7nn3Kp076o,0.0987,8.0,0.103,-10.841,"

Who you trying to get crazy with, ése?
Don't you know I'm loco?

To the one on the flamboyant tempa
Just toss that ham in the frying pan
Like spam, get done when I come and slam
Damn, I feel like the Son of Sam
Don't make me wreck shit, hectic
Next get the chair got me going like General Electric
""Aaaant"", the lights are blinking, I'm thinking
It's all over when I go out drinking
Ohh, making my mind slow
That's why I don't fuck with the big 4-O
Bro, I got to maintain
Cause a nigga like me is going insane

Insane in the membrane
Insane in the brain!
Insane in the membrane
Insane in the brain!
Insane in the membrane
Crazy insane, got no brain!
Insane in the membrane
Insane in the brain!

Do my shit undercover, now it's time for the blubba
Blabber, to watch that belly get fatter
Fat boy on a diet, don't try it
I'll jack yo' ass like a looter in a riot
My shit's fat, like a sumo, slamming dat ass
Leavin your face in the grass
Cause you know, I don't take a duro, lightly
Punks just jealous cause they can't outwrite me
Or kick that style, wicked, wild
Happy face nigga never seen me smile
Rip that mainframe, I'll explain
A nigga like me is going insane

Insane in the membrane
Insane in the brain!
Insane in the membrane
Insane in the brain!
Insane in the membrane
Crazy insane, got no brain!
Insane in the membrane
Insane in the brain!


Like Louie Armstrong, played the trumpet
I'll hit that bong and break you off something
Soon I got to get my props
Cops, come and try to snatch my crops
These pigs wanna blow my house down
Head underground to the next town
They get mad when they come to raid my pad
And I'm out in the nine-deuce Cad'
Yes I'm the pirate, pilot
Of this ship if I get with the ultraviolet dream
Hide from the red light beam
Now do you believe in the unseen?
Look, but don't make you eyes strain
A nigga like me is going insane

Insane in the membrane
Insane in the brain!
Insane in the membrane
Insane in the brain!
Insane in the membrane
Crazy insane, got no brain!
Insane in the membrane
Insane in the brain!

",0.0,Insane in the Brain,hip_hop,47.0,https://p.scdn.co/mp3-preview/915bfa4b1ed898cec7f58f8cae362f781135d164?cid=b3cdb16d0df2409abf6a8f6c2f6c2e0c,0.188,102.182,4.0,https://api.spotify.com/v1/tracks/6DtVPEJXQxDp7nn3Kp076o,track_30,3.0,spotify:track:6DtVPEJXQxDp7nn3Kp076o,0.73,track
0.625,1Ni94f5mHPUaAq0DamFES4,https://api.spotify.com/v1/audio-analysis/42A4Yz5zNKfJzPgkWCEQwO,['2cYL7AqYlLWkNW9JlB1vih'],XXXTentacion,"['AD', 'AE', 'AR', 'AT', 'AU', 'BE', 'BG', 'BH', 'BO', 'BR', 'CA', 'CH', 'CL', 'CO', 'CR', 'CY', 'CZ', 'DE', 'DK', 'DO', 'DZ', 'EC', 'EE', 'EG', 'ES', 'FI', 'FR', 'GB', 'GR', 'GT', 'HK', 'HN', 'HU', 'ID', 'IE', 'IL', 'IN', 'IS', 'IT', 'JO', 'JP', 'KW', 'LB', 'LI', 'LT', 'LU', 'LV', 'MA', 'MC', 'MT', 'MX', 'MY', 'NI', 'NL', 'NO', 'NZ', 'OM', 'PA', 'PE', 'PH', 'PL', 'PT', 'PY', 'QA', 'RO', 'SA', 'SE', 'SG', 'SK', 'SV', 'TH', 'TN', 'TR', 'TW', 'US', 'UY', 'VN', 'ZA']",AR,0.589,1.0,189556.0,0.4,https://api.spotify.com/v1/tracks/42A4Yz5zNKfJzPgkWCEQwO,42A4Yz5zNKfJzPgkWCEQwO,7.42e-06,10.0,0.0913,-10.073,"

Sometimes I feel like I can talk to myself
Cause they don't understand
What’s going through my mind now
I don't know what I'm doing here
With these people who also have no idea
Lost in the world

Sometimes I feel sad
But most times I’m just scared
Of feeling lost in my own head
I'm going through some bad times
Bad times, hard times
I can feel it all

I don't understand
I'm running out of time
These things passing by my mind
So fast
I don't understand
I'm wasting all my life
Trying to get things right
For people I don't even care
I'm sad

Sometimes I feel sad
But most times I’m just scared
Of feeling lost in my own head
I’m going through some hard times
Bad times, hard times
I can feel it all

I don't understand
I’m running out of time
These things passing by my mind
So fast
I don't understand
I'm wasting all my life
Trying to get things right
For people I don't even care
I’m sad
",0.0,Sad,hip_hop,32.0,https://p.scdn.co/mp3-preview/bc81189202b66501840fa725ad2e2db687b22ed0?cid=b3cdb16d0df2409abf6a8f6c2f6c2e0c,0.043,152.109,4.0,https://api.spotify.com/v1/tracks/42A4Yz5zNKfJzPgkWCEQwO,track_24,1.0,spotify:track:42A4Yz5zNKfJzPgkWCEQwO,0.21,track
0.0365,6sC8l8bVvMckgES0c3VpCZ,https://api.spotify.com/v1/audio-analysis/2pMl9Sx4glsuk5ikZtFBtX,['7jVv8c5Fj3E9VhNjxT4snq'],Lil Nas X,"['AD', 'AE', 'AR', 'AT', 'AU', 'BE', 'BG', 'BH', 'BO', 'BR', 'CA', 'CH', 'CL', 'CO', 'CR', 'CY', 'CZ', 'DE', 'DK', 'DO', 'DZ', 'EC', 'EE', 'EG', 'ES', 'FI', 'FR', 'GB', 'GR', 'GT', 'HK', 'HN', 'HU', 'ID', 'IE', 'IL', 'IN', 'IS', 'IT', 'JO', 'JP', 'KW', 'LB', 'LI', 'LT', 'LU', 'LV', 'MA', 'MC', 'MT', 'MX', 'MY', 'NI', 'NL', 'NO', 'NZ', 'OM', 'PA', 'PE', 'PH', 'PL', 'PS', 'PT', 'PY', 'QA', 'RO', 'SA', 'SE', 'SG', 'SK', 'SV', 'TH', 'TN', 'TR', 'TW', 'US', 'UY', 'VN', 'ZA']",AR,0.909,1.0,113006.0,0.517,https://api.spotify.com/v1/tracks/2pMl9Sx4glsuk5ikZtFBtX,2pMl9Sx4glsuk5ikZtFBtX,1.73e-06,1.0,0.0949,-6.063,"

Yeah, I'm gonna take my horse to the old town road
I'm gonna ride 'til I can't no more
I'm gonna take my horse to the old town road
I'm gonna ride 'til I can't no more
Kio, Kio

I got the horses in the back
Horse tack is attached
Hat is matte black
Got the boots that's black to match
Ridin' on a horse, ha
You can whip your Porsche
I been in the valley
You ain't been up off that porch, now

Can't nobody tell me nothin'
You can't tell me nothin'
Can't nobody tell me nothin'
You can't tell me nothin'

Ridin' on a tractor
Lean all in my bladder
Cheated on my baby
You can go and ask her
My life is a movie
Bull ridin' and boobies
Cowboy hat from Gucci
Wrangler on my booty

Can't nobody tell me nothin'
You can't tell me nothin'
Can't nobody tell me nothin'
You can't tell me nothin'

Yeah, I'm gonna take my horse to the old town road
I'm gonna ride 'til I can't no more
I'm gonna take my horse to the old town road
I'm gonna ride 'til I can't no more
I got the—
",1.0,Old Town Road,hip_hop,84.0,https://p.scdn.co/mp3-preview/1739acedf25bdd03d7ee8cdc93ef41a35ab3f3b5?cid=b3cdb16d0df2409abf6a8f6c2f6c2e0c,0.129,136.012,4.0,https://api.spotify.com/v1/tracks/2pMl9Sx4glsuk5ikZtFBtX,track_3,1.0,spotify:track:2pMl9Sx4glsuk5ikZtFBtX,0.471,track
0.00253,4CzT5ueFBRpbILw34HQYxi,https://api.spotify.com/v1/audio-analysis/3ssX20QT5c3nA9wk78V1LQ,['1ZwdS5xdxEREPySFridCfh'],2Pac,"['AD', 'AE', 'AR', 'AT', 'AU', 'BE', 'BG', 'BH', 'BO', 'BR', 'CA', 'CH', 'CL', 'CO', 'CR', 'CY', 'CZ', 'DE', 'DK', 'DO', 'DZ', 'EC', 'EE', 'EG', 'ES', 'FI', 'FR', 'GB', 'GR', 'GT', 'HK', 'HN', 'HU', 'ID', 'IE', 'IL', 'IN', 'IS', 'IT', 'JO', 'JP', 'KW', 'LB', 'LI', 'LT', 'LU', 'LV', 'MA', 'MC', 'MT', 'MX', 'MY', 'NI', 'NL', 'NO', 'NZ', 'OM', 'PA', 'PE', 'PH', 'PL', 'PS', 'PT', 'PY', 'QA', 'RO', 'SA', 'SE', 'SG', 'SK', 'SV', 'TH', 'TN', 'TR', 'TW', 'US', 'UY', 'VN', 'ZA']",AR,0.801,1.0,278387.0,0.908,https://api.spotify.com/v1/tracks/3ssX20QT5c3nA9wk78V1LQ,3ssX20QT5c3nA9wk78V1LQ,0.000655,2.0,0.0698,-6.554,"

I won't deny it, I'm a straight ridah
You don't wanna fuck with me
Got the police bustin' at me
But they can't do nothin' to a G
Let's get ready to rumble!

Now, you know how we do it, like a G
What really go on in the mind of a nigga
That get down for theirs
Constantly, money over bitches
Not bitches over money
Stay on your grind, nigga
My ambitions as a ridah
My ambitions as a ridah

So many battlefield scars while driven in plush cars
This life as a rap star is nothin' without guard
Was born rough and rugged, addressin' the mass public
My attitude was ""fuck it,"" 'cause motherfuckers love it
To be a soldier, must maintain composure at ease
Though life is complicated, only what you make it to be
Uh, and my ambitions as a ridah
To catch her while she hot and horny, go up inside her
Then I spit some game in her ear, ""Go to the telly, ho!""
Equipped with money in a Benz 'cause, bitch, I'm barely broke
I'm smokin' bomb-ass weed, feelin' Crucial
From player to player, the game's tight, the feeling's mutual
From hustlin' and prayers to breakin' motherfuckers to pay up
I got no time for these bitches, 'cause these hoes try to play us
I'm on a meal ticket mission, want a mil' so I'm wishin'
Competition got me ripped on that bullshit they stressin' (Booyah)
I'ma rhyme though, clown hoes like it's mandatory
No guts, no glory, my nigga, bitch got the game distorted
Now it's on and it's on because I said so
Can't trust a bitch in the business so I got with Death Row
Now these money-hungry bitches gettin' suspicious
Started plottin' and plannin' on a scheme to come and twist us
But thug niggas be on point and game tight (Yeah)
Me, Syke and Bogart strapped up the same night
Got problems, then handle it, motherfuckers see me
These niggas is jealous
'Cause deep in the hearts they wanna be me
Uh, yeah, and now you got me right beside ya, hopin' you listen
I catch you payin' attention to my ambitions as a ridah

I won't deny it, I'm a straight ridah
You don't wanna fuck with me
(My ambitions as a ridah)
Got the police bustin' at me
But they can't do nothin' to a G
(I won't deny it, I'm a straight ridah)

It was my only wish to rise
Above these jealous coward motherfuckers I despise
When it's time to ride, I was the first off this side, give me the 9
I'm ready to die right here tonight and motherfuck they life
That's what they screamin' as they drill me, but I'm hard to kill
So open fire, I see you kill me, witness my steel
(That's all you niggas got?)
Spittin' at adversaries, envious and after me
I'd rather die before they capture me, watch me bleed
Mama, come rescue me, I'm suicidal, thinkin' thoughts
I'm innocent so there'll be bullets flyin' when I'm caught (Shoot)
Fuck doin' jail time, better day, sacrifice
Won't get a chance to do me like they did my nigga Tys
Thuggin' for life, and if you right, then nigga die for it
Let them other brothers try, at least you tried for it
When it's time to die, to be a man and pick the way you leave
Fuck peace and the police, my ambitions as a ridah

I won't deny it, I'm a straight ridah
You don't wanna fuck with me
(My ambitions as a ridah)
Got the police bustin' at me
But they can't do nothin' to a G

My murderous lyrics, equipped with spirits of the thugs before me
Pay off the block, evade the cops 'cause I know they comin' for me
I been hesitant to reappear, been away for years
Now I'm back, my adversaries been reduced to tears
Question my methods to switch up speeds
Sure as some bitches bleed
Niggas'll feel the fire of my mother's corrupted seed
Blast me but they didn't finish, didn't diminish my powers
(Buck-buck-buck-buck-buck)
So now I'm back to be a motherfuckin' menace
They cowards, that's why they tried to set me up
Had bitch-ass niggas on my team so indeed they wet me up
But I'm back reincarnated, incarcerated
At the time I contemplate the way that God made it
Lace 'em with lyrics that's legendary, musical mercenary
For money I'll have these motherfuckers buried
I been gettin' much mail in jail, niggas tellin' me to kill it
Knowin' when I get out they gon' feel it
Witness the realest, a hoo-ridah when I put the shit inside
The cry from all your people when they find ya
Just remind ya, my history'll prove authentic
Revenge on them niggas that played me
And all the cowards that was down with it
Now it's your nigga right beside ya, hopin' you listenin'
Catch you payin' attention to my ambitions as a ridah

I won't deny it, I'm a straight ridah
You don't wanna fuck with me
(My ambitions as a ridah)
Got the police bustin' at me
But they can't do nothin' to a G
I won't deny it, I'm a straight ridah
You don't wanna fuck with me
Got the police bustin' at me
But they can't do nothin' to a G
I won't deny it, I'm a straight ridah
You don't wanna fuck with me
",1.0,Ambitionz Az A Ridah,hip_hop,79.0,https://p.scdn.co/mp3-preview/bca8fee668f3bd06c8e0d30565050b757ebb1268?cid=b3cdb16d0df2409abf6a8f6c2f6c2e0c,0.221,87.279,4.0,https://api.spotify.com/v1/tracks/3ssX20QT5c3nA9wk78V1LQ,track_5,1.0,spotify:track:3ssX20QT5c3nA9wk78V1LQ,0.805,track
0.104,5ceB3rxgXqIRpsOvVzTG28,https://api.spotify.com/v1/audio-analysis/0shK5iZQppbHPQYiy60xs9,['1G9G7WwrXka3Z1r7aIDjI7'],Outkast,"['AD', 'AE', 'AR', 'AT', 'AU', 'BE', 'BG', 'BH', 'BO', 'BR', 'CA', 'CH', 'CL', 'CO', 'CR', 'CY', 'CZ', 'DE', 'DK', 'DO', 'DZ', 'EC', 'EE', 'EG', 'ES', 'FI', 'FR', 'GB', 'GR', 'GT', 'HK', 'HN', 'HU', 'ID', 'IE', 'IL', 'IN', 'IS', 'IT', 'JO', 'JP', 'KW', 'LB', 'LI', 'LT', 'LU', 'LV', 'MA', 'MC', 'MT', 'MX', 'MY', 'NI', 'NL', 'NO', 'NZ', 'OM', 'PA', 'PE', 'PH', 'PL', 'PS', 'PT', 'PY', 'QA', 'RO', 'SA', 'SE', 'SG', 'SK', 'SV', 'TH', 'TN', 'TR', 'TW', 'US', 'UY', 'VN', 'ZA']",AR,0.792,1.0,324373.0,0.701,https://api.spotify.com/v1/tracks/0shK5iZQppbHPQYiy60xs9,0shK5iZQppbHPQYiy60xs9,0.0,6.0,0.761,-7.198,"

Uh-huh, uh-huh, baby, yeah, yeah
Cut it up, oh, oh, oh!
Uh-huh, yeah, yeah, baby, uh-huh
Uh-cracka, lacka-lacka-lacka, cracka, lacka-lacka-lacka
Uh-huh, baby, uh-huh, yeah, yeah
Uh-cracka, lacka-lacka-lacka, cracka, lacka-lacka-lacka
Baby, yeah, yeah, uh-huh, uh-huh

Ah ha, hush that fuss
Everybody move to the back of the bus
Do you wanna bump and slump with us?
We the type of people make the club get crunk
Ah ha, hush that fuss
Everybody move to the back of the bus
Do you wanna bump and slump with us?
We the type of people make the club get crunk

Many a day has passed, the night has gone by
But still I find the time to put that bump off in your eye
Total chaos, for these playas, thought we was absent
We takin' another route to represent the Dungeon Family
Like Great Day, me and my nigga decide to take the back way
We stabbin' every city then we headed to that Bat cave
ATL, Georgia, what do we do for ya?
Bulldoggin' hoes like them Georgetown Hoyas
Boy, you sounding silly, think my Brougham ain't sittin' pretty
Doing doughnuts 'round you suckas like them circles around titties
Damn, we, the committee, gon' burn it down
But us gon' bust you in the mouth with the chorus now, say

Ah ha, hush that fuss
Everybody move to the back of the bus
Do you wanna bump and slump with us?
We the type of people make the club get crunk
Say, ah ha, hush that fuss
Everybody move to the back of the bus
Do you wanna bump and slump with us?
We the type of people make the club get crunk

I met a gypsy and she hipped me to some life game
To stimulate then activate the left and right brain
Said, ""Baby boy, you only funky as your last cut
You focus on the past, your ass'll be a 'has-what'""
That's one to live by or either that's one to die to
I try to just throw it at you, determine your own adventure
André, got to her station, here's my destination
She got off the bus, the conversation lingered in my head
For hours, took a shower, kinda sour 'cause my favorite group
Ain't comin' with it, but I'm witchya 'cause you probably goin' through it
Anyway, but anyhow, when in doubt
Went on out and bought it 'cause I thought it would be jammin'
But examine all the flawsky-wawsky, awfully
Sad and it's costly, but that's all she
Wrote and I hope I never have to float in that boat
Up shit's creek, ""It's weak"" is the last quote
That I wanna hear when I'm goin' down
When all's said and done and we got a new joe in town
When the record player get to skippin' and slowin' down
All y'all can say is, ""Them niggas earned that crown"", but until then

Ah ha, hush that fuss
Everybody move to the back of the bus
Do you wanna bump and slump with us?
We the type of people make the club get crunk
Say ah ha, hush that fuss
Everybody move to the back of the bus
Do you wanna bump and slump with us?
We the type of people make the club get crunk


Ah ha, hush that fuss
Everybody move to the back of the bus
Do you wanna bump and slump with us?
We the type of people make the club get crunk
Say ah ha, hush that fuss
Everybody move to the back of the bus
Do you wanna bump and slump with us?
We the type of people make the club get crunk

Uh-huh, uh-huh, baby, yeah, yeah
Uh-huh, yeah, yeah, baby, uh-huh
Uh-huh, baby, uh-huh, yeah, yeah
Baby, yeah, yeah, uh-huh, uh-huh
Uh-huh, uh-huh, baby, yeah, yeah (Ah ha, hush that fuss, everybody move to the back of the bus)
Uh-huh, yeah, yeah, baby, uh-huh (Do you wanna bump and slump with us? We the type of people make the club get crunk)
Uh-huh, baby, uh-huh, yeah, yeah (Say ah ha, hush that fuss, everybody move to the back of the bus)
Baby, yeah, yeah, uh-huh, uh-huh (Do you wanna bump and slump with us? We the type of people make the club get crunk)

It's just major right here, you know what I'm saying, yo son, my niggas, your niggas is on it man, straight up man
Word man, glad we got together to do this, you know on time-outs, everybody North, South, East, West, you know what I'm saying, we doing this thing right here straight up for hip-hop
We handling the Earth right now you niggas don't even know
For sure
You know what I mean? If it wasn't for us tryna enlighten y'all niggas with all types of flows and flavors, the game wouldn't be the same
You gotta keep it innovative and new, creative. You know what I'm sayin'? Some people don't wanna hear the same thing old over and over
No doubt, you gotta come provocative nigga, know what I mean? Shit gotta be spine-tingling with mad styles and crazy dangerous, I mean, bust-ya-shit-open beats, you know what I mean? It's like yo, niggas don't even know, son, yo we gon' play some funky shit for ya
That's right
Straight up, pay up, pay up nigga
From East Point to Shaolin, y'all better know that, yeah!
Hit this Henny
",0.0,Rosa Parks,hip_hop,66.0,https://p.scdn.co/mp3-preview/4840e1d9108135ad3efbf7ff04f459dac942f9ff?cid=b3cdb16d0df2409abf6a8f6c2f6c2e0c,0.283,103.888,4.0,https://api.spotify.com/v1/tracks/0shK5iZQppbHPQYiy60xs9,track_24,3.0,spotify:track:0shK5iZQppbHPQYiy60xs9,0.251,track
0.00056,5K4PvfNEa74MYxlF6b25cD,https://api.spotify.com/v1/audio-analysis/6AlcHmqs886dM44OYX4qQW,"['2FPeVdIIXD9Wb9Kbn1Hyz6', '3PPJmIxohGjhNvQIyrksIW', '13sqxAHntdRq2aWVbuYmSg']",Kanye West,"['AD', 'AE', 'AR', 'AT', 'AU', 'BE', 'BG', 'BH', 'BO', 'BR', 'CA', 'CH', 'CL', 'CO', 'CR', 'CY', 'CZ', 'DE', 'DK', 'DO', 'DZ', 'EC', 'EE', 'EG', 'ES', 'FI', 'FR', 'GB', 'GR', 'GT', 'HK', 'HN', 'HU', 'ID', 'IE', 'IL', 'IN', 'IS', 'IT', 'JO', 'JP', 'KW', 'LB', 'LI', 'LT', 'LU', 'LV', 'MA', 'MC', 'MT', 'MX', 'MY', 'NI', 'NL', 'NO', 'NZ', 'OM', 'PA', 'PE', 'PH', 'PL', 'PS', 'PT', 'PY', 'QA', 'RO', 'SA', 'SE', 'SG', 'SK', 'SV', 'TH', 'TN', 'TR', 'TW', 'US', 'UY', 'VN', 'ZA']",AR,0.439,1.0,190517.0,0.686,https://api.spotify.com/v1/tracks/6AlcHmqs886dM44OYX4qQW,6AlcHmqs886dM44OYX4qQW,3.96e-05,0.0,0.191,-11.062,"

I've been waiting all night for you to
Tell me what you want, tell me, tell me that you need me
I've been waiting all night for you to
Oh, oh, tell me what you want yeah
I've been waiting all night for you to
Tell me what you want, tell me, tell me that you need me
I've been waiting all night for you to
Oh, oh, tell me what you want yeah
(Want yeah, want yeah, want yeah, want yeah
Want, want, want, want, want, want, want, want)
I've been waiting all night for you to tell me
Tell me that you need me
Tell me that you want me
I've been waiting all night for you to tell me
Tell me that you need me
Tell me that you want me

Tell me that you need me
Tell me that you want me
Tell me that you need me
Tell me that you want me
Tell me that you need me
Tell me that you want me
Tell me that you need me
Tell me that you want me
Oh!

I've been waiting all night for you to
Tell me what you want, tell me, tell me that you need me
I've been waiting all night for you to
Oh, oh, tell me what you want yeah
I've been waiting all night for you to
Tell me what you want, tell me, tell me that you need me
I've been waiting all night for you to
Oh, oh, tell me what you want yeah
I've been waiting all night for you to tell me
Tell me that you need me
Tell me that you want me
I've been waiting all night for you to tell me
Tell me that you need me
Tell me that you want me
Uh, yeah, tell me right now
Tell me, tell me right now

Tell me that you need me
Tell me that you want me
Tell me that you need me
Tell me that you want me
Tell me that you need me
Tell me that you want me
Tell me that you need me
Tell me that you want me
Oh!
",1.0,Flashing Lights,hip_hop,41.0,https://p.scdn.co/mp3-preview/89710005ac34268b74a5827eff2ae951eabef610?cid=b3cdb16d0df2409abf6a8f6c2f6c2e0c,0.0503,174.937,4.0,https://api.spotify.com/v1/tracks/6AlcHmqs886dM44OYX4qQW,track_31,3.0,spotify:track:6AlcHmqs886dM44OYX4qQW,0.436,track
0.0278,2tm3Ht61kqqRZtIYsBjxEj,https://api.spotify.com/v1/audio-analysis/6glsMWIMIxQ4BedzLqGVi4,['1G9G7WwrXka3Z1r7aIDjI7'],Outkast,"['AD', 'AE', 'AR', 'AT', 'AU', 'BE', 'BG', 'BH', 'BO', 'BR', 'CA', 'CH', 'CL', 'CO', 'CR', 'CY', 'CZ', 'DE', 'DK', 'DO', 'DZ', 'EC', 'EE', 'EG', 'ES', 'FI', 'FR', 'GB', 'GR', 'GT', 'HK', 'HN', 'HU', 'ID', 'IE', 'IL', 'IN', 'IS', 'IT', 'JO', 'JP', 'KW', 'LB', 'LI', 'LT', 'LU', 'LV', 'MA', 'MC', 'MT', 'MX', 'MY', 'NI', 'NL', 'NO', 'NZ', 'OM', 'PA', 'PE', 'PH', 'PL', 'PS', 'PT', 'PY', 'QA', 'RO', 'SA', 'SE', 'SG', 'SK', 'SV', 'TH', 'TN', 'TR', 'TW', 'US', 'UY', 'VN', 'ZA']",AR,0.725,1.0,240027.0,0.64,https://api.spotify.com/v1/tracks/6glsMWIMIxQ4BedzLqGVi4,6glsMWIMIxQ4BedzLqGVi4,0.0,5.0,0.099,-7.905,"


Ain't nobody dope as me; I'm just so fresh, so clean
So fresh and so clean, clean
Don't you think I'm so sexy? I'm just so fresh, so clean
So fresh and so clean, clean
Ain't nobody dope as me; I'm just so fresh, so clean
So fresh and so clean, clean
I love when you stare at me; I'm just so fresh, so clean
So fresh and so clean, clean

Sir Lucious gots gator belts and patty melts and Monte Carlos
And El Dorados; so I'm waking up out of my slumber feeling like Rollo
So follow, it's Showtime at the Apollo minus the Kiki Shepards
What about a ho in a leopard-print? Ah
Teddy Pendergrass, cooler than Freddie Jackson
Sipping a milkshake in a snowstorm
Left her throat warm in the dorm room at the A.U
We blew hay too, athletes might cake you
But you must have me mistaken with them statements that you make 'cause

Ain't nobody dope as me; I'm just so fresh, so clean
So fresh and so clean, clean
Don't you think I'm so sexy? I'm just so fresh, so clean
So fresh and so clean, clean
Ain't nobody dope as me; I'm just so fresh, so clean
So fresh and so clean, clean
I love when you stare at me; I'm just so fresh, so clean
So fresh and so clean, clean

Canary yellow seven-nine Seville is on display
My nigga Bongo hooked it up, Omar gon' dip my rims today
So a nigga can ride out to the Honeycomb Hideout
I'mma show you how to wild out like Jack Tripper
Let me be bambino on your snipples
YKK on your zipper, lick you like a lizard when I'm slizzard
Or sober, six million ways to fold ya
Like Noah's, I get two's of youse and you get pretty 'D'
But I'll call yo' ass 'round eight-ish, I know you'll be there for me, girl

Ain't nobody dope as me; I'm just so fresh, so clean
So fresh and so clean, clean
Don't you think I'm so sexy? I'm just so fresh, so clean
So fresh and so clean, clean
Ain't nobody dope as me; I'm just so fresh, so clean
So fresh and so clean, clean
I love when you stare at me; I'm just so fresh, so clean
So fresh and so clean, clean

Those huge baby eyes, get to runnin' off at they mouth
And tellin' me everything that's on your nasty mind
They say you're malnutritioned, in need of vitamin D
And invitin' me to that tingle in your spine
I love who you are, I love who you ain't — you're so Anne Frank
Let's hit the attic to hide out for 'bout two weeks
Rick James'n, no chains and whips
I do suck lips 'til hips jerk in double time
The boy next door's a freak, ha-ha!

Ain't nobody dope as me; I'm just so fresh, so clean
So fresh and so clean, clean
Don't you think I'm so sexy? I'm just so fresh, so clean
So fresh and so clean, clean
Ain't nobody dope as me; I'm just so fresh, so clean
So fresh and so clean, clean
I love when you stare at me; I'm just so fresh, so clean
So fresh and so clean, clean

And we are... The coolest motherfunkers on the planet
And my, my... The sky is fallin', ain't no need to panic
But ooh ooh... I got a stick and want yo' automatic
Ooh, ooh, ooh... Compatible, created in the attic
And we are... The coolest motherfunkers on the planet
And my my... The sky is fallin', ain't no need to panic
But ooh, ooh... I got a stick and want yo' automatic
Ooh, ooh, ooh... Compatible, created in the attic

Ain't nobody dope as me; I'm just so fresh, so clean
So fresh and so clean, clean
Don't you think I'm so sexy? I'm just so fresh, so clean
So fresh and so clean, clean
Ain't nobody dope as me; I'm just so fresh, so clean
So fresh and so clean, clean
I love when you stare at me; I'm just so fresh, so clean
So fresh and so clean, clean
Ain't nobody dope as me; I'm just so fresh, so clean
So fresh and so clean, clean
Don't you think I'm so sexy? I'm just so fresh, so clean
So fresh and so clean, clean
Ain't nobody dope as me; I'm just so fresh, so clean
So fresh and so clean, clean
I love when you stare at me; I'm just so fresh, so clean
So fresh and so clean, clean
",0.0,"So Fresh, So Clean",hip_hop,67.0,https://p.scdn.co/mp3-preview/ab0909f2f07868b156e175a0686548c270b1ee31?cid=b3cdb16d0df2409abf6a8f6c2f6c2e0c,0.332,166.029,3.0,https://api.spotify.com/v1/tracks/6glsMWIMIxQ4BedzLqGVi4,track_64,4.0,spotify:track:6glsMWIMIxQ4BedzLqGVi4,0.915,track
0.0847,42WVQWuf1teDysXiOupIZt,https://api.spotify.com/v1/audio-analysis/6gBFPUFcJLzWGx4lenP6h2,['0Y5tJX1MQlPlqiwlOH1tJY'],Travis Scott,"['AD', 'AR', 'AT', 'AU', 'BE', 'BG', 'BO', 'BR', 'CA', 'CH', 'CL', 'CO', 'CR', 'CY', 'CZ', 'DE', 'DK', 'DO', 'DZ', 'EC', 'EE', 'ES', 'FI', 'FR', 'GB', 'GR', 'GT', 'HK', 'HN', 'HU', 'ID', 'IE', 'IL', 'IN', 'IS', 'IT', 'JP', 'LI', 'LT', 'LU', 'LV', 'MA', 'MC', 'MT', 'MX', 'MY', 'NI', 'NL', 'NO', 'NZ', 'PA', 'PE', 'PH', 'PL', 'PT', 'PY', 'RO', 'SE', 'SG', 'SK', 'SV', 'TH', 'TN', 'TR', 'TW', 'US', 'UY', 'VN', 'ZA']",AR,0.841,1.0,243837.0,0.728,https://api.spotify.com/v1/tracks/6gBFPUFcJLzWGx4lenP6h2,6gBFPUFcJLzWGx4lenP6h2,0.0,7.0,0.149,-3.37,"

Yeah
7:30 in the night, yeah
Ooh-oooh, ooh

I get those goosebumps every time, yeah, you come around, yeah
You ease my mind, you make everything feel fine
Worried 'bout those comments
I'm way too numb, yeah, it's way too dumb, yeah
I get those goosebumps every time, I need the Heimlich
Throw that to the side, yeah
I get those goosebumps every time, yeah
When you're not around (straight up)
When you throw that to the side, yeah (it's lit)
I get those goosebumps every time, yeah

7-1-3
Through the 2-8-1, yeah, I'm ridin', why they on me?
Why they on me? I'm flyin', sippin' low-key
I'm sippin' low-key in Onyx, rider, rider
When I'm pullin' up right beside ya
Pop star, lil' Mariah
When I text a cute game, wildness
Throw a stack on the Bible
Never Snapchat or took molly
She fall through plenty, her and all her ginnies, yeah
We at the top floor, right there off Doheny, yeah
Oh no, I can't fuck with y'all
Yeah, when I'm with my squad I cannot do no wrong
Yeah, saucin' in the city, don't get misinformed
Yeah, they gon' pull up on you (brr, brr, brr)
Yeah, we gon' do some things, some things you can't relate
Yeah, 'cause we from a place, a place you cannot stay
Oh, you can't go, oh, I don't know
Oh, back the fuck up off me (brr, brr, brr)

I get those goosebumps every time, yeah, you come around, yeah
You ease my mind, you make everything feel fine
Worried 'bout those comments
I'm way too numb, yeah, it's way too dumb, yeah
I get those goosebumps every time, I need the Heimlich
Throw that to the side, yeah
I get those goosebumps every time, yeah
When you're not around
When you throw that to the side, yeah
I get those goosebumps every time

I want to press my like, yeah, I wanna press my
I want a green light, I wanna be like
I wanna press my line, yeah
I wanna take that ride, yeah
I'm gonna press my line
I want a green light, I wanna be like, I wanna press my—
Mama, dear, spare your feelings
I'm relivin' moments, peeling more residual
(I can) buy the building, burn the building
Take your bitch, rebuild the building just to fuck some more
(I can) justify my love for you
And touch the sky for God to stop, debating war
Put the pussy on a pedestal (ayy)
Put the pussy on a high horse
That pussy to die for
That pussy to die for
Peter, piper, picked a pepper
So I could pick your brain and put your heart together
We depart the shady parts and party hard
The diamonds yours, the coupe forever
My best shots might shoot forever like (brr)

I get those goosebumps every time, yeah, you come around, yeah
You ease my mind, you make everything feel fine
Worried 'bout those comments
I'm way too numb, yeah, it's way too dumb, yeah
I get those goosebumps every time, I need the Heimlich
Throw that to the side, yeah
I get those goosebumps every time, yeah
When you're not around
When you throw that to the side, yeah
I get those goosebumps every time
",1.0,goosebumps,hip_hop,86.0,https://p.scdn.co/mp3-preview/d6d1ec9bfc82463707878d5e36d15e7b8a364069?cid=b3cdb16d0df2409abf6a8f6c2f6c2e0c,0.0484,130.049,4.0,https://api.spotify.com/v1/tracks/6gBFPUFcJLzWGx4lenP6h2,track_14,9.0,spotify:track:6gBFPUFcJLzWGx4lenP6h2,0.43,track
0.0541,7mgdTKTCdfnLoa1HXHvLYM,https://api.spotify.com/v1/audio-analysis/0B8QzDH7YWih85V5SEMnyJ,['4O15NlyKLIASxsJ0PrXPfz'],Lil Uzi Vert,"['AD', 'AE', 'AR', 'AT', 'AU', 'BE', 'BG', 'BH', 'BO', 'BR', 'CA', 'CH', 'CL', 'CO', 'CR', 'CY', 'CZ', 'DE', 'DK', 'DO', 'DZ', 'EC', 'EE', 'EG', 'ES', 'FI', 'FR', 'GB', 'GR', 'GT', 'HK', 'HN', 'HU', 'ID', 'IE', 'IL', 'IS', 'IT', 'JO', 'JP', 'KW', 'LB', 'LI', 'LT', 'LU', 'LV', 'MA', 'MC', 'MT', 'MX', 'MY', 'NI', 'NL', 'NO', 'NZ', 'OM', 'PA', 'PE', 'PH', 'PL', 'PS', 'PT', 'PY', 'QA', 'RO', 'SA', 'SE', 'SG', 'SK', 'SV', 'TH', 'TN', 'TR', 'TW', 'US', 'UY', 'VN', 'ZA']",AR,0.795,1.0,198944.0,0.568,https://api.spotify.com/v1/tracks/0B8QzDH7YWih85V5SEMnyJ,0B8QzDH7YWih85V5SEMnyJ,0.0,5.0,0.108,-7.817,"

Yah, it do not matter
Turned to a savage, pocket got fatter, she call me daddy
Smokin' that gas, gone off that Xanny, she on the powder
Nowadays I am on, my haters got sadder
Money got longer, speaker got louder, car got faster
Turned to a savage, pocket got fatter, she call me daddy
Smokin' that gas, gone off that Xanny, she on the powder
Nowadays I am on, my haters got sadder
Money got longer, speaker got louder, car got faster

Money so old, dollars spoiled
Yah, my lil bitch so spoiled
Yah, I rub her down in oil
Yah, I got money, now you know it
Yah, diamonds on my teeth
Yah, your shit look like foil
Yah, Chris Brown said these hoes ain't loyal
None of these hoes got no morals
All my niggas G'ed up
Yah, my glasses be Dita
Never thought it would be days I could kick my feet up
Never thought that she would need me that much if I leave her

It do not matter
Turned to a savage, pocket got fatter, she call me daddy
Smokin' that gas, gone off that Xanny, she on the powder
Nowadays I am on, my haters got sadder
Money got longer, speaker got louder, car got faster
Turned to a savage, pocket got fatter, she call me daddy
Smokin' that gas, gone off that Xanny, she on the powder
Nowadays I am on, my haters got sadder
Money got longer, speaker got louder, car got faster
Turned to a savage, pocket got fatter, she call me daddy
Smokin' that gas, gone off that Xanny, she on the powder
Nowadays I am on, my haters got sadder
Money got longer, speaker got louder, car got faster

All of this was faction
No time for actin', all this money lastin'
Like, go out to eat, get that blackened salmon
When I'm wit' my girl, we Pharrell and Vashtie
Wait... huh? That mean we are not lastin'
In that pussy, you know I like it rough then I'm just blastin'
Yah, tell that lil bitch that I'm really from Mars
Uh, yah, bitch, do not start
Yah, pull up, my car automatic
Yah, uh, dealt with the star, yah!

It do not matter
Turned to a savage, pocket got fatter, she call me daddy
Smokin' that gas, gone off that Xanny, she on the powder
Nowadays I am on, my haters got sadder
Money got longer, speaker got louder, car got faster
Turned to a savage, pocket got fatter, she call me daddy
Smokin' that gas, gone off that Xanny, she on the powder
Nowadays I am on, my haters got sadder
Money got longer, speaker got louder, car got faster
",0.0,Money Longer,hip_hop,79.0,https://p.scdn.co/mp3-preview/d3e64e38a6bc9be041fe7b1d6c9a0cacf07e2955?cid=b3cdb16d0df2409abf6a8f6c2f6c2e0c,0.142,136.173,4.0,https://api.spotify.com/v1/tracks/0B8QzDH7YWih85V5SEMnyJ,track_1,3.0,spotify:track:0B8QzDH7YWih85V5SEMnyJ,0.478,track
0.0395,6guJZpZ52v4MrJKIH7tASl,https://api.spotify.com/v1/audio-analysis/3WXJOVqIyZKSkdLa82PF0L,['1URnnhqYAYcrqrcwql10ft'],21 Savage,"['AD', 'AE', 'AR', 'AT', 'AU', 'BE', 'BG', 'BH', 'BO', 'BR', 'CA', 'CH', 'CL', 'CO', 'CR', 'CY', 'CZ', 'DE', 'DK', 'DO', 'DZ', 'EC', 'EE', 'EG', 'ES', 'FI', 'FR', 'GB', 'GR', 'GT', 'HK', 'HN', 'HU', 'ID', 'IE', 'IL', 'IN', 'IS', 'IT', 'JO', 'JP', 'KW', 'LB', 'LI', 'LT', 'LU', 'LV', 'MA', 'MC', 'MT', 'MX', 'MY', 'NI', 'NL', 'NO', 'NZ', 'OM', 'PA', 'PE', 'PH', 'PL', 'PS', 'PT', 'PY', 'QA', 'RO', 'SA', 'SE', 'SG', 'SK', 'SV', 'TH', 'TN', 'TR', 'TW', 'US', 'UY', 'VN', 'ZA']",AR,0.837,1.0,288624.0,0.636,https://api.spotify.com/v1/tracks/3WXJOVqIyZKSkdLa82PF0L,3WXJOVqIyZKSkdLa82PF0L,0.00125,1.0,0.342,-7.643,"

I love you
Turn my headphone down a little bit, yeah
For so many reasons
Yeah, yeah, yeah, yeah, yeah, yeah (I do), yeah, yeah yeah yeah
Yeah, yeah, ah, ah, whoa, whoa, whoa, yeah

How much money you got? (Straight up)
How much money you got? (Straight up)
How much money you got? (Straight up)
How much money you got? (A lot)

How much money you got? (A lot)
How many problems you got? (A lot)
How many people done doubted you? (A lot)
Left you out to rot? (A lot)
How many pray that you flop? (A lot)
How many lawyers you got? (A lot)
How many times you got shot? (A lot)
How many niggas you shot? (A lot)
How many times did you ride? (A lot)
How many niggas done died? (A lot)
How many times did you cheat? (A lot)
How many times did you lie? (A lot)
How many times did she leave? (A lot)
How many times did she cry? (A lot)
How many chances she done gave you fuckin around with these thots? (A lot)

Every day that I'm alive, I’ma ride with the stick
I'd rather be broke in jail than be dead and rich
Told my brothers take my breath if I turn to a snitch
But I'm 21 4L, ain’t no way I'ma switch

Break it down, I break it down
I break it down, I break it down
I break it down, I break it down
I break it down, I break it down

Penitentiary chances just to make a couple bucks
My heart so cold I could put it in my cup
Gang vs. the world, me and my dawg, it was us
Then you went and wrote a statement, and that really fucked me up
My brother lost his life and it turned me to a beast
My brother got life and it turned me to the streets
I been through the storm and it turned me to a G
But the other side was sunny, I get paid to rap on beats

How much money you got? (A lot)
How many problems you got? (A lot)
How many people done doubted you? (A lot)
Left you out to rot? (A lot)
How many pray that you flop? (A lot)
How many lawyers you got? (A lot)
How many times you got shot? (A lot)
How many niggas you shot? (A lot)
How many times did you ride? (A lot)
How many niggas done died? (A lot)
How many times did you cheat? (A lot)
How many times did you lie? (A lot)
How many times did she leave? (A lot)
How many times did she cry? (A lot)
How many chances she done gave you?
Fuck around with these thots (A lot)

Break it on down, I break it on down
I break it on down, I break it on down
Yeah, I just came from the A
I drove back home, six-hour drive, six-and-a-half
Before I left I stopped by to see my nigga 21 in the studio
He had two of his kids with him right in the studio, that's when I knew
You a stand up nigga, I love seein' shit like that

Question
How many faking they streams? (A lot)
Getting they plays from machines? (A lot)
I can see behind the smoke and mirrors
Niggas ain't really big as they seem (Hmm)
I never say anything (Nah), everybody got they thing (True)
Some niggas make millions, other niggas make memes (Hmm)
I'm on a money routine
I don't want smoke, I want cream
I don't want no more comparisons
This is a marathon and I’m aware
I been playing it back from a lack of promotions
I never was one for the bragging and boasting
I guess I was hoping the music would speak for itself, but the people want everything else
Okay, no problem, I’ll show up on everyone album
You know what the outcome will be
I'm batting a thousand
It’s got to the point that these rappers don't even like rappin' with me
Fuck it 'cause my nigga 21 Savage just hit me
And told me he saved me a spot on a new record he got
He call it ""a lot,"" I open my book and I jot
Pray for Tekashi, they want him to rot
I picture him inside a cell on a cot
’Flectin' on how he made it to the top
Wondering if it was worth it or not
I pray for Markelle 'cause they fucked up his shot
Just want you to know that you got it, my nigga
Though I never met you, I know that you special
And that the Lord blessed you, don't doubt it, my nigga
Dennis Smith, Jr., stay solid, my nigga
I'm on a tangent, not how I planned it
I had some fans that hopped and abandoned ship
When they thought that I wasn't gone pan out, I got a plan
They say that success is the greatest revenge, tell all your friends
Cole on a mission, cementin' the spot as the greatest that did it
Before it all ends, nigga

How much money you got? (A lot)
How many problems you got? (A lot)
How many people done doubted you? (A lot)
Left you out to rot? (A lot)
How many pray that you flop? (A lot)
How many lawyers you got? (A lot)
How many times you got shot? (A lot)
How many niggas you shot? (A lot)
How many times did you ride? (A lot)
How many niggas done died? (A lot)
How many times did you cheat? (A lot)
How many times did you lie? (A lot)
How many times did she leave? (A lot)
How many times did she cry? (A lot)
How many chances she done gave you?
Fuck around with these thots (A lot)

Break it on down, I break it on down
I break it on down, I break it on down
I break it down, I break it down
I break it down, I break it down
I break it on down, I break it down
I break it down, I break it down
I break it down, I break it down
I break it down, I break it down, I br-
",1.0,a lot,hip_hop,73.0,https://p.scdn.co/mp3-preview/0ff1fadf009e81e7d80912c2372c7381a49e5863?cid=b3cdb16d0df2409abf6a8f6c2f6c2e0c,0.086,145.972,4.0,https://api.spotify.com/v1/tracks/3WXJOVqIyZKSkdLa82PF0L,track_2,1.0,spotify:track:3WXJOVqIyZKSkdLa82PF0L,0.274,track
0.032,3tQd5mwBtVyxCoEo4htGAV,https://api.spotify.com/v1/audio-analysis/1Sgj10byiGzPpI2IrXSFEn,['34EP7KEpOjXcM2TCat1ISk'],Wu-Tang Clan,"['AD', 'AE', 'AR', 'AT', 'AU', 'BE', 'BG', 'BH', 'BO', 'BR', 'CA', 'CH', 'CL', 'CO', 'CR', 'CY', 'CZ', 'DE', 'DK', 'DO', 'DZ', 'EC', 'EE', 'EG', 'ES', 'FI', 'FR', 'GB', 'GR', 'GT', 'HK', 'HN', 'HU', 'ID', 'IE', 'IL', 'IN', 'IS', 'IT', 'JO', 'JP', 'KW', 'LB', 'LI', 'LT', 'LU', 'LV', 'MA', 'MC', 'MT', 'MX', 'MY', 'NI', 'NL', 'NO', 'NZ', 'OM', 'PA', 'PE', 'PH', 'PL', 'PS', 'PT', 'PY', 'QA', 'RO', 'SA', 'SE', 'SG', 'SK', 'SV', 'TH', 'TN', 'TR', 'TW', 'US', 'UY', 'VN', 'ZA']",AR,0.817,1.0,291067.0,0.552,https://api.spotify.com/v1/tracks/1Sgj10byiGzPpI2IrXSFEn,1Sgj10byiGzPpI2IrXSFEn,7.17e-06,8.0,0.826,-10.8,"

Caller: ""So whassup, man?""
DJ: ""Coolin', man.""
C: ""Chillin' chilin'? Yo, you know I had to call, you know why right?""
DJ: ""Why?""
C: ""Because, yo, I never ever call and ask you to play somethin', right?""
DJ: ""Yeah.""
C: ""You know what I wanna hear, right?""
DJ: ""Whatchu wanna hear?""
C: ""I wanna hear that Wu-Tang joint.""
DJ: ""Wu-Tang again?""
C: ""Ah, yeah, again and again.""

I smoke on the mic like ""Smokin' Joe"" Frazier
The hell-raiser, raisin' hell with the flavor
Terrorize the jam like troops in Pakistan
Swingin' through your town like your neighborhood Spider-Man
So uhh, tick tock and keep tickin'
While I get you flippin' off the shit that I'm kickin'
The Lone Ranger, code red: Danger
Deep in the dark with the art to rip the charts apart
The vandal too hot to handle
You battle, you're sayin' goodbye like Tevin Campbell
Roughneck, Inspectah Deck's on the set
The Rebel, I make more noise than heavy metal

The way I make the crowd go wild
Sit back, relax, won't smile
Rae got it goin' on, pal
Call me the rap assassinator
Rhymes rugged and built like Schwarzenegger
And I'ma get mad deep like a threat
Blow up your project, then take all your assets
'Cause I came to shake the frame in half
With the thoughts that bomb shit like math
So if you wanna try to flip, go flip on the next man
'Cause I grab the clip and
Hit you with 16 shots and more, I got
Goin' to war with the meltin' pot, akh

It's the Method Man, for short Mr. Mef
Movin' on your left, UH!
And set it off, get it off, let it off like a gat
I wanna break, fool, cock me back
Small change, they puttin' shame in the game
I take aim and blow the nigga out the frame
And like Fame my style will live forever
Niggas crossin' over, but they don't know no better
But I do, true, can I get a ""Suuu""?
Nuff respect due to the 1-6-oooh
I mean ohhh, yo, check out the flow
Like the Hudson or PCP when I'm dustin'
Niggas off, because I'm hot like sauce
The smoke from the lyrical blunt make me *cough*

Ooh, what, grab my nut, get screwed
Oww, here comes my Shaolin style
True B-A-ba-B-Y-U
To my crew with a ""Suuuuuuu""

C'mon, baby baby, c'mon, baby baby
C'mon, baby baby, c'mon

Yo, you best protect ya neck

First things first, man, you're fuckin' with the worst
I'll be stickin' pins in your head like a fuckin' nurse
I'll attack any nigga who slack in his mack
Come fully packed with a fat rugged stack
Shame on you when you step through to
The Ol' Dirty Bastard straight from the Brooklyn Zu
And I'll be damned if I let any man
Come to my center, you enter the winter
Straight up and down, that shit is packed jam
You can't slam, don't let me get fool on him, man
The Ol' Dirty Bastard is dirty and stinkin'
Ason Unique rollin' with the night of the creeps
Niggas be rollin' with a stash, ain't sayin' cash
Bite my style, I'll bite your motherfuckin' ass

For cryin' out loud, my style is wild, so book me
Not long is how long that this rhyme took me
Ejectin' styles from my lethal weapon
My pen that rocks from here to Oregon
There's more again, catch it like a psycho flashback
I love gats; if Rap was a gun, you wouldn't bust back
I come with shit in all types of shapes and sounds
And where I lounge is my stompin' grounds
I give an order to my peeps across the water
To go and snatch up props all around the border
And get far like a shootin' star
'Cause who I are is livin' the life of Pablo Escobar
Point-blank as I kick the square biz
There it is, you're fuckin' with pros, and there it goes

Yo, chill with the feedback, black, we don't need that
It's 10 o'clock, ho, where the fuck's your seed at?
Feelin' mad hostile, wearin' Aéropostale
Flowin' like Christ when I speaks the gospel
Stroll with the holy robe, then attack the globe
With the buck-us style, the ruckus
Ten times ten men committin' mad sin
Turn the other cheek and I'll break your fuckin' chin
Slayin' boom-bangs like African drums
(He'll be) comin' around the mountain when I come
Crazy flamboyant for the rap enjoyment
My clan increase like black unemployment
Yeah, another one dare
Jih-jigga-Genius; take us the fuck outta here

The Wu is too slammin' for these Cold Killin' labels
Some ain't had hits since I seen Aunt Mabel
Be doin' artists in like Cain did Abel
Now they money's gettin' stuck to the gum under the table
That's what you get when you misuse what I invent
Your empire falls and you lose every cent
For tryna blow up a scrub
Now that thought was just as bright as a 20-watt light bulb
Should've pumped it when I rocked it
Niggas so stingy they got short arms and deep pockets
This goes on in some companies
With majors, they're scared to death to pump these
First of all, who's your A&R?
A mountain climber who plays an electric guitar?
But he don't know the meanin' of dope
When he's lookin' for a suit-and-tie rap
That's cleaner than a bar of soap
And I'm the dirtiest thing in sight
Matter of fact, bring out the girls, and let's have a mud fight!

You best protect ya neck
You best protect ya neck
You best protect ya neck
You best protect ya neck
",0.0,Protect Ya Neck,hip_hop,68.0,https://p.scdn.co/mp3-preview/e1e046ca91cf927e535ba512aad294f4f6f4109c?cid=b3cdb16d0df2409abf6a8f6c2f6c2e0c,0.386,102.011,4.0,https://api.spotify.com/v1/tracks/1Sgj10byiGzPpI2IrXSFEn,track_4,10.0,spotify:track:1Sgj10byiGzPpI2IrXSFEn,0.808,track
0.0357,6Tolvy5sgnENXLNDNwQ9L6,https://api.spotify.com/v1/audio-analysis/7hN5TKSdRb56uytwIpcUES,['3VSHFjwG94ubNcoST9hfxX'],Jay-Z,"['AD', 'AE', 'AR', 'AT', 'AU', 'BE', 'BG', 'BH', 'BO', 'BR', 'CA', 'CH', 'CL', 'CO', 'CR', 'CY', 'CZ', 'DE', 'DK', 'DO', 'DZ', 'EC', 'EE', 'EG', 'ES', 'FI', 'FR', 'GB', 'GR', 'GT', 'HK', 'HN', 'HU', 'ID', 'IE', 'IL', 'IN', 'IS', 'IT', 'JO', 'KW', 'LB', 'LI', 'LT', 'LU', 'LV', 'MA', 'MC', 'MT', 'MX', 'MY', 'NI', 'NL', 'NO', 'NZ', 'OM', 'PA', 'PE', 'PH', 'PL', 'PS', 'PT', 'PY', 'QA', 'RO', 'SA', 'SE', 'SG', 'SK', 'SV', 'TH', 'TN', 'TR', 'TW', 'US', 'UY', 'VN', 'ZA']",AR,0.529,1.0,137427.0,0.557,https://api.spotify.com/v1/tracks/7hN5TKSdRb56uytwIpcUES,7hN5TKSdRb56uytwIpcUES,3.93e-05,9.0,0.0734,-7.762,"

If you're having girl problems
I feel bad for your son
I've got 99 problems and a bitch ain't one...

Tip my hat to the sun in the west
Feel the beat right in my chest
At the crossroads a second time
Make the devil change his mind
It's a pound of flesh
But it's really a ton
99 problems and a bitch ain't one

If you're having girl troubles
I feel bad for your son
I've got 99 problems and a bitch ain't one
99 problems... But a bitch ain't one

Like broken glass under my feet
I can lose my mind in the sea
Looking for the prize but I don't want blood
I order one drink then I drink the flood
You can come inside, but your friends can't come
I've got 99 problems and a bitch ain't one

If you're having girl problems
I feel bad for your son
99 problems and a bitch ain't one
I've got 99...
99...
99...
99...
99 ... problems
But a bitch ain't one
99...

99 problems, but a bitch ain't one
",1.0,99 Problems,hip_hop,63.0,https://p.scdn.co/mp3-preview/f2d633a391b7adb9a098856d788383775c9d0e95?cid=b3cdb16d0df2409abf6a8f6c2f6c2e0c,0.0738,162.599,4.0,https://api.spotify.com/v1/tracks/7hN5TKSdRb56uytwIpcUES,track_17,2.0,spotify:track:7hN5TKSdRb56uytwIpcUES,0.592,track
0.00218,5CK02812RjnVCpYouT3TEP,https://api.spotify.com/v1/audio-analysis/4E4c32OlaGOR6jMlK1kyGB,['2WKdxPFRD7IqZvlIAvhMgY'],Fugees,"['AD', 'AE', 'AR', 'BE', 'BG', 'BH', 'BO', 'BR', 'CH', 'CL', 'CO', 'CR', 'CY', 'CZ', 'DK', 'DO', 'DZ', 'EC', 'EE', 'EG', 'ES', 'FI', 'GR', 'GT', 'HK', 'HN', 'HU', 'ID', 'IE', 'IL', 'IN', 'IS', 'IT', 'JO', 'JP', 'KW', 'LB', 'LI', 'LT', 'LU', 'LV', 'MA', 'MC', 'MT', 'MX', 'MY', 'NI', 'NL', 'NO', 'OM', 'PA', 'PE', 'PH', 'PL', 'PS', 'PT', 'PY', 'QA', 'RO', 'SA', 'SE', 'SG', 'SK', 'SV', 'TH', 'TN', 'TR', 'TW', 'UY', 'VN', 'ZA']",AR,0.372,1.0,204608.0,0.762,https://api.spotify.com/v1/tracks/4E4c32OlaGOR6jMlK1kyGB,4E4c32OlaGOR6jMlK1kyGB,1.32e-05,5.0,0.658,-7.344,"

Strumming my pain with his fingers
Singing my life with his words
Killing me softly with his song
Killing me softly with his song
Telling my whole life with his words
Killing me softly with his song

I heard he sang a good song
I heard he had a style
And so I came to see him
And listen for a while
And there he was
This young boy, stranger to my eyes

Strumming my pain with his fingers (One time, one time)
Singing my life with his words (Two times, two times)
Killing me softly with this song
Killing me softly with his song
Telling my whole life with his words
Killing me softly with his song

I felt all flushed with fever
Embarrassed by the crowd
I felt he found my letters
Then read each one out loud
I prayed that he would finish
But he just kept right on

Strumming my pain with his fingers (One time, one time)
Singing my life with his words (Two times, two times)
Killing me softly with his song
Killing me softly with his song
Telling my whole life with his words
Killing me softly with his song

Yo, L-Boy, take it to the bridge
Whoo who-oo
La la la la la la laa

Strumming my pain with his fingers
Yes he was singing my life with his words
Killing me softly with his song
Killing me softly with his song
Telling my whole life with his words
Killing me softly with his song
Strumming my pain.....
",0.0,Killing Me Softly,hip_hop,33.0,https://p.scdn.co/mp3-preview/58928ce36b663f7eea8aeb57e04bf56b3e9b5872?cid=b3cdb16d0df2409abf6a8f6c2f6c2e0c,0.12,94.262,4.0,https://api.spotify.com/v1/tracks/4E4c32OlaGOR6jMlK1kyGB,track_46,8.0,spotify:track:4E4c32OlaGOR6jMlK1kyGB,0.466,track
0.00513,41GuZcammIkupMPKH2OJ6I,https://api.spotify.com/v1/audio-analysis/2xLMifQCjDGFmkHkpNLD9h,['0Y5tJX1MQlPlqiwlOH1tJY'],Travis Scott,"['AD', 'AE', 'AR', 'AT', 'AU', 'BE', 'BG', 'BH', 'BO', 'BR', 'CA', 'CH', 'CL', 'CO', 'CR', 'CY', 'CZ', 'DE', 'DK', 'DO', 'DZ', 'EC', 'EE', 'EG', 'ES', 'FI', 'FR', 'GB', 'GR', 'GT', 'HK', 'HN', 'HU', 'ID', 'IE', 'IL', 'IN', 'IS', 'IT', 'JO', 'JP', 'KW', 'LB', 'LI', 'LT', 'LU', 'LV', 'MA', 'MC', 'MT', 'MX', 'MY', 'NI', 'NL', 'NO', 'NZ', 'OM', 'PA', 'PE', 'PH', 'PL', 'PS', 'PT', 'PY', 'QA', 'RO', 'SA', 'SE', 'SG', 'SK', 'SV', 'TH', 'TN', 'TR', 'TW', 'US', 'UY', 'VN', 'ZA']",AR,0.834,1.0,312820.0,0.73,https://api.spotify.com/v1/tracks/2xLMifQCjDGFmkHkpNLD9h,2xLMifQCjDGFmkHkpNLD9h,0.0,8.0,0.124,-3.714,"


Astro, yeah
Sun is down, freezin' cold
That's how we already know, winter's here
My dawg would probably do it for a Louis belt
That's just all he know, he don't know nothin' else
I tried to show 'em, yeah
I tried to show 'em, yeah, yeah
Yeah, yeah, yeah
Goin' on you with the pick and roll
Young La Flame, he in sicko mode


Woo, made this here with all the ice on in the booth
At the gate outside, when they pull up, they get me loose
Yeah, Jump Out boys, that's Nike boys, hoppin' out coupes
This shit way too big, when we pull up, give me the loot
(Gimme the loot!)
Was off the Remy, had a Papoose
Had to hit my old town to duck the news
Two four hour lockdown, we made no moves
Now it's 4 a.m. and I'm back up poppin' with the crew
I just landed in, Chase B mixes pop like Jamba Juice
Different colored chains, think my jeweler really sellin' fruits
And they chokin', man, know the crackers wish it was a noose

Some-Some-Some-Someone said
To win the retreat, we all in too deep
Pl-Pl-Playin' for keeps, don't play us for weak (Someone said)
To win the retreat, we all in too deep
Pl-Pl-Playin' for keeps, don't play us for weak

Yeah, this shit way too formal, y'all know I don’t follow suit
Stacey Dash, most of these girls ain't got a clue
All of these hoes I made off records I produced
I might take all my exes and put 'em all in a group
Hit my eses, I need the bootch
'Bout to turn this function to Bonnaroo
Told her, ""Hop in, you comin' too""
In the 305, bitches treat me like I'm Uncle Luke
(Don't stop, pop that pussy!)
Had to slop the top off, it's just a roof, uh
She said, ""Where we goin'?"" I said, ""The moon""
We ain't even make it to the room
She thought it was the ocean, it's just the pool
Now I got her open, it's just the Goose
Who put this shit together? I'm the glue

Someone said
Shorty FaceTimed me out the blue
Someone said
Pl-Playin' for keeps
Someone said, motherfucker—someone said
Don't play us for weak


Yeah!
Astro, yeah, yeah
(Tay Keith, fuck these niggas up!)
Ayy, ayy

She's in love with who I am
Back in high school, I used to bus it to the dance (Yeah)
Now I hit the FBO with duffels in my hands
I did half a Xan, thirteen hours 'til I land
Had me out like a light, ayy, yeah
Like a light, ayy, yeah

Like a light, ayy, slept through the flight, ayy
Knocked for the night, ayy
767, man, this shit got double bedroom, man
I still got scores to settle, man
I crept down the block (Down the block)
Made a right (Yeah, right)
Cut the lights (Yeah, what?), paid the price (Yeah)
Niggas think it's sweet (Nah, never), it's on sight (Yeah, what?)
Nothin' nice (Yeah), baguettes in my ice (Aw, man)
Jesus Christ (Yeah), checks over stripes (Yeah)
That's what I like (Yeah), that's what we like (Yeah)
Lost my respect, you not a threat
When I shoot my shot, that shit wetty like I'm Sheck (Bitch!)
See the shots that I took (Ayy), wet like I'm Book (Ayy)
Wet like I'm Lizzie
I be spinnin' Valley, circle blocks 'til I'm dizzy (Yeah, what?)
Like where is he? (Yeah, what?)
No one seen him (Yeah, yeah)
I'm tryna clean 'em (Yeah)

She's in love with who I am
Back in high school, I used to bus it to the dance
Now I hit the FBO with duffels in my hands (Woo!)
I did half a Xan, 13 hours 'til I land
Had me out like a light (Like a light)
Like a light (Like a light)
Like a light (Like a light)
Like a light

Yeah, passed the dawgs a celly
Sendin' texts, ain't sendin' kites, yeah
He said, ""Keep that on lock""
I say, ""You know this shit, it's stife,"" yeah
It's absolute, yeah (Yeah), I'm back, reboot (It's lit!)
LaFerrari to Jamba Juice, yeah (Skrrt, skrrt)
We back on the road, they jumpin' off, no parachute, yeah
Shawty in the back
She said she workin' on her glutes, yeah (Oh my God)
Ain't by the book, yeah, this how it look, yeah
'Bout a check, yeah (Check), just check the foots, yeah
Pass this to my daughter, I'ma show her what it took (Yeah)
Baby mama cover Forbes, got these other bitches shook
Yeah
",1.0,SICKO MODE,hip_hop,94.0,https://p.scdn.co/mp3-preview/1c3c01c64477b356e28a652b6447f4ef96689a71?cid=b3cdb16d0df2409abf6a8f6c2f6c2e0c,0.222,155.008,4.0,https://api.spotify.com/v1/tracks/2xLMifQCjDGFmkHkpNLD9h,track_25,3.0,spotify:track:2xLMifQCjDGFmkHkpNLD9h,0.446,track
0.027,1g5ODHnFlBAjLZS1jSFc5I,https://api.spotify.com/v1/audio-analysis/2PAOqevh9KeK3axxRa8r71,['7MFJyevu6jq0shwDuVLymu'],Eminem,"['AD', 'AE', 'AR', 'AT', 'AU', 'BE', 'BG', 'BH', 'BO', 'BR', 'CA', 'CH', 'CL', 'CO', 'CR', 'CY', 'CZ', 'DE', 'DK', 'DO', 'DZ', 'EC', 'EE', 'EG', 'ES', 'FI', 'FR', 'GB', 'GR', 'GT', 'HK', 'HN', 'HU', 'ID', 'IE', 'IL', 'IN', 'IS', 'IT', 'JO', 'JP', 'KW', 'LB', 'LI', 'LT', 'LU', 'LV', 'MA', 'MC', 'MT', 'MX', 'MY', 'NI', 'NL', 'NO', 'NZ', 'OM', 'PA', 'PE', 'PH', 'PL', 'PS', 'PT', 'PY', 'QA', 'RO', 'SA', 'SE', 'SG', 'SK', 'SV', 'TH', 'TN', 'TR', 'TW', 'US', 'UY', 'VN', 'ZA']",AR,0.616,1.0,201521.0,0.823,https://api.spotify.com/v1/tracks/2PAOqevh9KeK3axxRa8r71,2PAOqevh9KeK3axxRa8r71,0.0,9.0,0.0927,-5.428,"

Colors come alive when I think of you
You cannot deny that you feel it too
There's no warning signs, this is something new
I went all in when I fell for you

We’re not black or white as you choose to believe
Millions of hues that your eyes could not see
Full technicolor, we're live on TV
I preach as I do and I do it

I've never felt so insane
Out of my mind, that’s okay
I am in love and I'm not afraid
I am in love and I'm not afraid
Not afraid, not afraid, not afraid
Not afraid, not afraid
I am in love and I'm not afraid

It took a little while till I found you
You give me all the things I never knew
The person who embodies all my truth
You're nothing short of wonderful

We're not black or white as you choose to believe
Millions of hues that your eyes could not see
Full technicolor, we're live on TV
I preach as I do and I do it

I've never felt so insane
Out of my mind, that’s okay
I am in love and I’m not afraid
I am in love and I'm not afraid
Not afraid, not afraid, not afraid
Not afraid, not afraid
I am in love and I’m not afraid
",1.0,Not Afraid,hip_hop,52.0,https://p.scdn.co/mp3-preview/d729bcac787a41362fdf40682d667cf9c073521a?cid=b3cdb16d0df2409abf6a8f6c2f6c2e0c,0.0787,127.957,4.0,https://api.spotify.com/v1/tracks/2PAOqevh9KeK3axxRa8r71,track_50,1.0,spotify:track:2PAOqevh9KeK3axxRa8r71,0.174,track
0.0102,17FBoXK1NU2rvJBbzdzw0r,https://api.spotify.com/v1/audio-analysis/0VgkVdmE4gld66l8iyGjgx,['1RyvyyTE3xzB2ZywiAwp0i'],Future,"['AD', 'AR', 'AT', 'AU', 'BE', 'BG', 'BO', 'BR', 'CA', 'CH', 'CL', 'CO', 'CR', 'CY', 'CZ', 'DE', 'DK', 'DO', 'DZ', 'EC', 'EE', 'ES', 'FI', 'FR', 'GB', 'GR', 'GT', 'HK', 'HN', 'HU', 'ID', 'IE', 'IL', 'IN', 'IS', 'IT', 'JP', 'LI', 'LT', 'LU', 'LV', 'MA', 'MC', 'MT', 'MX', 'MY', 'NI', 'NL', 'NO', 'NZ', 'PA', 'PE', 'PH', 'PL', 'PT', 'PY', 'RO', 'SE', 'SG', 'SK', 'SV', 'TH', 'TN', 'TR', 'TW', 'US', 'UY', 'VN', 'ZA']",AR,0.833,1.0,204600.0,0.434,https://api.spotify.com/v1/tracks/0VgkVdmE4gld66l8iyGjgx,0VgkVdmE4gld66l8iyGjgx,0.0219,2.0,0.165,-8.795,"

Call it how it is (call it how it is)
Hendrix
I promise, I swear, I swear
You heard, spit it, yo

Percocets (ya), molly, Percocets (percocets)
Percocets (ya), molly, Percocets (percocets)
Rep the set (yee), gotta rep the set (gang, gang)
Chase a check (chase it), never chase a bitch (don't chase no bitches)
Mask on (off), fuck it, mask off (mask)
Mask on (off), fuck it, mask off (mask)
Percocets ('cets), molly, Percocets (percocets)
Chase a check (chase it), never chase a bitch (don't chase no bitches)

Two cups (cup), toast up with the gang (gang, gang)
From food stamps to a whole 'nother domain, ya
Out the bottom (ye), I'm the livin' proof (Super)
Ain't compromisin' (woah), half a million on the coupe (gang, gang)
Drug houses (where), lookin' like Peru (woah, woah, woah)
Graduated, I was overdue (I'm on due)
Pink molly (molly), I can barely move (barely move)
Ask about me ('bout me), I'm gon' bust a move
Rick James (James), thirty-three chains (thirty-three)
Ocean air (air), cruisin' Biscayne
Top off (ya), that’s a liability (big foreigns)
Hit the gas (gas), boostin' my adrenaline (big foreigns)

Percocets (ye), molly, Percocets (big foreigns)
Percocets (ye), molly, Percocets (big foreigns)
Rep the set (ye), gotta rep the set (gang, gang)
Chase a check (chase it) (ye), never chase a bitch (don't chase no bitches) (big foreigns)
Mask on (off) (ye), fuck it, mask off (mask) (big foreigns)
Mask on (off) (ye), fuck it, mask off (mask) (big foreigns)
Percocets (ye), molly, Percocets (big foreigns)
Chase a check (chase it) (ye, ye), never chase a bitch (don't chase no bitches)

Four-door Maybach (four-door), I drive anything (ye)
Buy my Range (ye), make 'em go insane (ye)
(Oh my Lord, praise him be)
My guillotine, drank promethazine (drank prometh')
TEC and beams (ya), go to those extremes (what's good, what's good)
Parliament (parliament), calamari Wednesday (ya)
Parlay in Vegas, we was in attendance (what's good, what's good)
Before the business (yea), Theodore lenses
Theo-Dur prescriptions (ya), focus on the missions (fo' my)
Intermission (hol' up), never take a break (we can pull up)
Switch states, touch down, foreign plates (speech)
Ain't no way, ain't no fuckin' way (no)
We call the play, we didn't come to play (no)
Rob the bank, we gon' rob the game (gang)
They gang, we gang (gang)
But they are not the same (Freebandz)

Percocets (ye), molly, Percocets (big foreigns)
Percocets (ye), molly, Percocets (big foreigns)
Rep the set (ye), gotta rep the set (gang, gang)
Chase a check (chase it), never chase a bitch (don't chase no bitches) (big foreigns)
Mask on (ye), fuck it, mask off (big foreigns)
Mask on (ye), fuck it, mask off (big foreigns)
Percocets (ye), molly, Percocets (big foreigns)
Chase a check (chase it) (ye, ye), never chase a bitch (don't chase no bitches) (big foreigns)

Mask on, fuck it, mask off
Mask on, fuck it, mask off
Mask on, fuck it, mask off
Gas gone, never nod off
(Cold chills, prison cells)
(Oh my Lord, praise him be)
",1.0,Mask Off,hip_hop,82.0,https://p.scdn.co/mp3-preview/0519fc7c44d418ca6c721d9aa83e9597065288e1?cid=b3cdb16d0df2409abf6a8f6c2f6c2e0c,0.431,150.062,4.0,https://api.spotify.com/v1/tracks/0VgkVdmE4gld66l8iyGjgx,track_15,7.0,spotify:track:0VgkVdmE4gld66l8iyGjgx,0.281,track
