acousticness,album_id,analysis_url,artists_id,artists_name,available_markets,country,danceability,disc_number,duration_ms,energy,href,id,instrumentalness,key,liveness,loudness,lyrics,mode,name,playlist,popularity,preview_url,speechiness,tempo,time_signature,track_href,track_name_prev,track_number,uri,valence,type
0.131,1azUkThwd2HfUDdeNeT147,https://api.spotify.com/v1/audio-analysis/1CkvWZme3pRgbzaxZnTl5X,['4dpARuHxo51G3z768sgnrY'],Adele,"['AR', 'BO', 'BR', 'CL', 'CO', 'CR', 'DO', 'EC', 'GT', 'HN', 'MX', 'NI', 'PA', 'PE', 'PY', 'SV', 'US', 'UY']",BE,0.729,1.0,228293.0,0.756,https://api.spotify.com/v1/tracks/1CkvWZme3pRgbzaxZnTl5X,1CkvWZme3pRgbzaxZnTl5X,0.0,8.0,0.0527,-5.119,"

There's a fire starting in my heart
Reaching a fever pitch, and it's bringing me out the dark
Finally, I can see you crystal clear
Go ahead and sell me out, and then I'll lay your ship  bare
See how I'll leave with every piece of you
Don't underestimate the things that I will do
There's a fire starting in my heart
Reaching a fever pitch, and it's bringing me out the dark

The scars of your love remind me of us
They keep me thinkin' that we almost had it all
The scars of your love, they leave me breathless
I can't help feeling

We could have had it all
(You're gonna wish you – never had met me)
Rolling in the deep
(Tears are gonna fall, rolling in the deep)
You had my heart inside of your hand
(You're gonna wish you – never had met me)
And you played it to the beat
(Tears are gonna fall, rolling in the deep)

Baby, I have no story to be told
But I've heard one on you
Now I'm gonna make your head burn
Think of me in the depths of your despair
Make a home down there
As mine sure won't be shared

(You're gonna wish you – never had met me)
The scars of your love remind me of us
(Tears are gonna fall, rolling in the deep)
They keep me thinkin' that we almost had it all
(You're gonna wish you – never had met me)
The scars of your love, they leave me breathless
(Tears are gonna fall, rolling in the deep)
I can't help feeling

We could have had it all
(You're gonna wish you – never had met me)
Rolling in the deep
(Tears are gonna fall, rolling in the deep)
You had my heart inside of your hand
(You're gonna wish you – never had met me)
And you played it to the beat
(Tears are gonna fall, rolling in the deep)
Could have had it all
Rolling in the deep
You had my heart inside of your hand
But you played it with a beating

Throw your soul through every open door (oh-oh)
Count your blessings to find what you look for (woah-oh)
Turn my sorrow into treasured gold (oh-oh)
You'll pay me back in kind and reap just what you sow

(You're gonna wish you – never had met me)
We could have had it all
(Tears are gonna fall, rolling in the deep)
We could have had it all
(You're gonna wish you – never had met me)
It all, it all, it all
(Tears are gonna fall, rolling in the deep)

We could have had it all
(You're gonna wish you – never had met me)
Rolling in the deep
(Tears are gonna fall, rolling in the deep)
You had my heart inside of your hand
(You're gonna wish you – never had met me)
And you played it to the beat
(Tears are gonna fall, rolling in the deep)

We could have had it all
(You're gonna wish you – never had met me)
Rolling in the deep
(Tears are gonna fall, rolling in the deep)
You had my heart inside of your hand
(You're gonna wish you – never had met me)
But you played it, you played it, you played it
You played it to the beat
",1.0,Rolling in the Deep,pop,74.0,https://p.scdn.co/mp3-preview/8c174ce25d94b502dfe31f0da8a070a32fb263db?cid=b3cdb16d0df2409abf6a8f6c2f6c2e0c,0.0294,104.945,4.0,https://api.spotify.com/v1/tracks/1CkvWZme3pRgbzaxZnTl5X,track_13,1.0,spotify:track:1CkvWZme3pRgbzaxZnTl5X,0.522,track
0.0284,34ywWzeLG8WVOwgyV6vLUY,https://api.spotify.com/v1/audio-analysis/7Hs4BDVWvKvKzfr5A0pI9K,['1dTBAtLZBUB8Ir4PmJYw9t'],Justin Bieber,"['AD', 'AE', 'AR', 'AT', 'AU', 'BE', 'BG', 'BH', 'BO', 'BR', 'CA', 'CH', 'CL', 'CO', 'CR', 'CY', 'CZ', 'DE', 'DK', 'DO', 'DZ', 'EC', 'EE', 'EG', 'ES', 'FI', 'FR', 'GB', 'GR', 'GT', 'HK', 'HN', 'HU', 'ID', 'IE', 'IL', 'IN', 'IS', 'IT', 'JO', 'JP', 'KW', 'LB', 'LI', 'LT', 'LU', 'LV', 'MA', 'MC', 'MT', 'MX', 'MY', 'NI', 'NL', 'NO', 'NZ', 'OM', 'PA', 'PE', 'PH', 'PL', 'PS', 'PT', 'PY', 'QA', 'RO', 'SA', 'SE', 'SG', 'SK', 'SV', 'TH', 'TN', 'TR', 'TW', 'US', 'UY', 'VN', 'ZA']",BE,0.498,1.0,211946.0,0.935,https://api.spotify.com/v1/tracks/7Hs4BDVWvKvKzfr5A0pI9K,7Hs4BDVWvKvKzfr5A0pI9K,8.1e-05,7.0,0.0772,-4.266,"

You stop to find your fortune hidden in the bay
You just don't know what you're getting
Yourself in
And I'm so machiavellian
Inside my head my problems they don't
Hide away from me

I know, I know
We're not the same
But, tell my mother that I'm sorry for the blame
For what I did this year

Your weekend is drifting on and on
I just don't know if I can go on
To get it
And I'm so tired of my thoughts
They drive my head in a mangled knot
And I just want to begin this

I know, I know
We're not the same
But, tell my mother that I'm sorry for the blame
For what I did this year
I know, I'm sorry...
",1.0,Sorry,pop,53.0,https://p.scdn.co/mp3-preview/f172888b32347ff668b4fb21837729be1e5804b8?cid=b3cdb16d0df2409abf6a8f6c2f6c2e0c,0.0408,159.984,4.0,https://api.spotify.com/v1/tracks/7Hs4BDVWvKvKzfr5A0pI9K,track_14,1.0,spotify:track:7Hs4BDVWvKvKzfr5A0pI9K,0.752,track
0.029,6eRhLfRy1CbGTD0fkSrJob,https://api.spotify.com/v1/audio-analysis/3Hc5FvTzjtxF7DmOK6MaXV,['7E6r9S8qCRfZVCjF1A8do6'],Adele,"['AD', 'AE', 'AR', 'AT', 'AU', 'BE', 'BG', 'BH', 'BO', 'BR', 'CA', 'CH', 'CL', 'CO', 'CR', 'CY', 'CZ', 'DE', 'DK', 'DO', 'DZ', 'EC', 'EE', 'EG', 'ES', 'FI', 'FR', 'GB', 'GR', 'GT', 'HK', 'HN', 'HU', 'ID', 'IE', 'IL', 'IN', 'IS', 'IT', 'JO', 'JP', 'KW', 'LB', 'LI', 'LT', 'LU', 'LV', 'MA', 'MC', 'MT', 'MX', 'MY', 'NI', 'NL', 'NO', 'NZ', 'OM', 'PA', 'PE', 'PH', 'PL', 'PS', 'PT', 'PY', 'QA', 'RO', 'SA', 'SE', 'SG', 'SK', 'SV', 'TH', 'TN', 'TR', 'TW', 'US', 'UY', 'VN', 'ZA']",FI,0.757,1.0,198857.0,0.899,https://api.spotify.com/v1/tracks/3Hc5FvTzjtxF7DmOK6MaXV,3Hc5FvTzjtxF7DmOK6MaXV,1.82e-05,6.0,0.303,-4.301,"
Dum dum dumm dum dum dum dumm dum dum dum dum dum
Hello Hello Hello Hello
Ummmmm
Hello Hello Hello Hello
Yeah
She had de ting I lul love
Where she from I don't know
Drop she waist an go low
Rock de place like a dojo
So wa yuh say, wah yu say, wah yu say
Pretty gyul would yuh come my way
Wuh yu do, wuh yuh do, wuh yuh do
I must get through
Gyul roll up yuh waist an show me that wine
Turn around girl doh be shy
Hello Hello Hello Hello
Yeah
So gyul ah love how de way you blow my mind
Hold me tight and bring dat wine
Hello Hello Hello Hello
Lawd Eh
Are you ready Ready
Are you ready for it
Are you ready Ready
Are you ready for it
Yuh wan give me dat
Doh hold back
Wine it up
Ride it
Front to de back
No long chat
Just come to me
An give yuh that sweet type of love
Sweet type of love
Come give me that sweet type of love
Real type of love
Hold me darlin
Cause whole night we jammin
Yeah Yeah Yeah
Say she sweet like a mango
She play de ting like a banjo
Dem other gyul dem doh know
How she wrap de ting like a go go
Lawd
So wa yuh say, wah yu say, wah yu say
Sexy gyul wah yu come my way
Wuh yu do, wuh yuh do, wuh yuh do
I must get through
Gyul roll up yuh waist
Show me that wine
Turn around girl doh be shy
Hello Hello Hello Hello
Yeah
So gyul ah love how de way yuh blow my mind
Hold me tight and bring dat wine
Hello Hello Hello Hello
Lawd Eh
Are you ready Ready
Are you ready for it
Are you ready Ready
Are you ready for it
Yuh wan give me dat
Doh hold back
Wine it up
Ride it
Front to de back
No long chat
Just come to me
Ah give yuh that sweet type of love
Sweet type of love
Come give me that sweet type of love
Real type of love
Hold me darlin
Cause whole night we jammin
Yeah Yeah Yeah
Dum dum dumm dum dum dum dumm dum dum dum dum dum
Hello Hello Hello Hello
Ummmm ummmm
Hello Hello Hello Hello
Yeah Yeah Yeah
",1.0,Hello,pop,56.0,https://p.scdn.co/mp3-preview/66ac669ec538565d93f0dbcc70203acbe337f059?cid=b3cdb16d0df2409abf6a8f6c2f6c2e0c,0.0442,105.163,4.0,https://api.spotify.com/v1/tracks/3Hc5FvTzjtxF7DmOK6MaXV,track_1,1.0,spotify:track:3Hc5FvTzjtxF7DmOK6MaXV,0.558,track
0.93,1HozJh2kGkfP40jiGSNndN,https://api.spotify.com/v1/audio-analysis/282mpJjzXHueMKalP5ifxT,['07FfkbljNIdl45Ijlh1aXS'],Taylor Swift,"['AD', 'AE', 'AT', 'BE', 'BG', 'BH', 'CH', 'CY', 'CZ', 'DE', 'DK', 'DZ', 'EE', 'EG', 'ES', 'FI', 'FR', 'GR', 'HK', 'HU', 'ID', 'IL', 'IN', 'IS', 'IT', 'JO', 'KW', 'LB', 'LI', 'LT', 'LU', 'LV', 'MA', 'MC', 'MT', 'MY', 'NL', 'NO', 'OM', 'PH', 'PL', 'PS', 'PT', 'QA', 'RO', 'SA', 'SG', 'SK', 'TH', 'TN', 'TR', 'TW', 'VN', 'ZA']",BE,0.397,1.0,245053.0,0.141,https://api.spotify.com/v1/tracks/282mpJjzXHueMKalP5ifxT,282mpJjzXHueMKalP5ifxT,0.000367,9.0,0.128,-13.096,"
Nice to meet you, where you been?
I could show you incredible things
Magic, madness, heaven, sin
Saw you there and I thought
Oh my God, look at that face
You look like my next mistake
Love's a game, wanna play?
Cause we're young and we're reckless
We'll take this way too far
It'll leave you breathless
Or with a nasty scar
Got a long list of ex-lovers
They'll tell you I'm insane
But I've got a blank space, baby
And I'll write your name
Your name
New money, suit and tie
You can read me like a magazine
Ain't it funny, rumors fly
And I know you heard about me
So hey, let's be friends
I'm wanna see how this one ends
Grab your passport and my hand
Cause we're young and we're reckless
We'll take this way too far
It'll leave you breathless
Or with a nasty scar
Got a long list of ex-lovers
They'll tell you I'm insane
But I've got a blank space, baby
And I'll write your name
Your name
Boys only want love if it's torture
Don't say I didn't say, I didn't warn ya
Boys only want love if it's torture
Don't say I didn't say, I didn't warn ya
So it's gonna be forever
Or it's gonna go down in flames
You can tell me when it's over
If the high was worth the pain
Got a long list of ex-lovers
They'll tell you I'm insane
Cause you know I love the players
And you love the game
We're young and we're reckless
We'll take this way too far
It'll leave you breathless
Or with a nasty scar
Got a long list of ex-lovers
They'll tell you I'm insane
But I've got a blank space, baby
And I'll write your name
Your name
",1.0,Blank Space,pop,37.0,https://p.scdn.co/mp3-preview/2b84fe76ba227417b0e0cbfc835b69bf2f662188?cid=b3cdb16d0df2409abf6a8f6c2f6c2e0c,0.0347,77.901,4.0,https://api.spotify.com/v1/tracks/282mpJjzXHueMKalP5ifxT,track_19,1.0,spotify:track:282mpJjzXHueMKalP5ifxT,0.176,track
0.0246,7pMVCMwGykuEu9rzTHxLCm,https://api.spotify.com/v1/audio-analysis/7D0YmNlI9FDwodlKzHraRp,['3fMbdgg4jU18AjLCKBhRSm'],Michael Jackson,"['AD', 'AE', 'AR', 'AT', 'AU', 'BE', 'BG', 'BH', 'BO', 'BR', 'CA', 'CH', 'CL', 'CO', 'CR', 'CY', 'CZ', 'DE', 'DK', 'DO', 'DZ', 'EC', 'EE', 'EG', 'ES', 'FI', 'FR', 'GB', 'GR', 'GT', 'HK', 'HN', 'HU', 'ID', 'IE', 'IL', 'IN', 'IS', 'IT', 'JO', 'JP', 'KW', 'LB', 'LI', 'LT', 'LU', 'LV', 'MA', 'MC', 'MT', 'MX', 'MY', 'NI', 'NL', 'NO', 'NZ', 'OM', 'PA', 'PE', 'PH', 'PL', 'PS', 'PT', 'PY', 'QA', 'RO', 'SA', 'SE', 'SG', 'SK', 'SV', 'TH', 'TN', 'TR', 'TW', 'US', 'UY', 'VN', 'ZA']",FI,0.92,1.0,294053.0,0.654,https://api.spotify.com/v1/tracks/7D0YmNlI9FDwodlKzHraRp,7D0YmNlI9FDwodlKzHraRp,0.0171,11.0,0.0427,-3.027,"

She was more like a beauty queen from a movie scene
I said, ""Don't mind, but what do you mean, I am the one
Who will dance on the floor in the round?""
She said I am the one who will dance on the floor in the round
She told me her name was Billie Jean
As she caused a scene
Then every head turned with eyes that dreamed of being the one
Who will dance on the floor in the round

People always told me, ""Be careful of what you do
Don't go around breaking young girls' hearts"" (hee-eeh)
And mother always told me, ""Be careful of who you love
And be careful of what you do (oh-oh)
'Cause the lie becomes the truth"" (oh-oh)

Billie Jean is not my lover
She's just a girl who claims that I am the one (oh, baby)
But the kid is not my son, hoo!
She says I am the one (oh, baby)
But the kid is not my son (hee-hee-hee, no-no-no, hee-hee-hee)
Hoo!

For forty days and for forty nights, the law was on her side
But who can stand when she's in demand?
Her schemes and plans
'Cause we danced on the floor in the round, hee!
So take my strong advice, just remember to always think twice
(Don't think twice) Do think twice! (ah-hoo!)
She told my baby we'd danced till three, then she looked at me
Then showed a photo of a baby crying, his eyes were like mine (oh, no)
'Cause we danced on the floor in the round, baby
(ooh, hee-hee-hee)

People always told me, ""Be careful of what you do
And don't go around breaking young girls' hearts""
(don't break no hearts! hee-hee)
She came and stood right by me
Then the smell of sweet perfume (ha-oh)
This happened much too soon (ha-oh, ha-ooh)
She called me to her room (ha-oh, hoo!)

Billie Jean is not my lover (hoo!)
She's just a girl who claims that I am the one
But the kid is not my son
No-no-no, no-no-no-no-no-no
Billie Jean is not my lover
She's just a girl who claims that I am the one (oh baby)
But the kid is not my son (oh, no, no)
She says I am the one (oh baby)
But the kid is not my son (no, hee-hee)

Ah, hee-hee-hee
Hee! Hoo!
She says I am the one, but the kid is not my son
No-no-no, hoo! (oh)
Billie Jean is not my lover
She's just a girl who claims that I am the one
But the kid is not my son
No-no-no, no-no-no-no
She says I am the one, but the kid is not my son (no-no-no)
She says I am the one (You know what you did)
She says he is my son (Breaking my heart babe)
She says I am the one

Billie Jean is not my lover
Billie Jean is not my lover
Billie Jean is not my lover
Billie Jean is not my lover
Billie Jean is not my lover
Billie Jean is not my lover
",0.0,Billie Jean,pop,47.0,https://p.scdn.co/mp3-preview/48f364b15efb00727aeb9961224a9a31c86f3336?cid=b3cdb16d0df2409abf6a8f6c2f6c2e0c,0.0401,117.029,4.0,https://api.spotify.com/v1/tracks/7D0YmNlI9FDwodlKzHraRp,track_34,13.0,spotify:track:7D0YmNlI9FDwodlKzHraRp,0.86,track
0.00209,0EpEa0WMjcA1LjEZXqWMEk,https://api.spotify.com/v1/audio-analysis/1lEV3VulfpyKh7aVz5F96p,['2zBwozgONxPvn5iOOwuO7g'],Sam Smith,"['AD', 'AE', 'AR', 'AT', 'AU', 'BE', 'BG', 'BH', 'BO', 'BR', 'CA', 'CH', 'CL', 'CO', 'CR', 'CY', 'CZ', 'DE', 'DK', 'DO', 'DZ', 'EC', 'EE', 'EG', 'ES', 'FI', 'FR', 'GB', 'GR', 'GT', 'HK', 'HN', 'HU', 'ID', 'IE', 'IL', 'IN', 'IS', 'IT', 'JO', 'JP', 'KW', 'LB', 'LI', 'LT', 'LU', 'LV', 'MA', 'MC', 'MT', 'MX', 'MY', 'NI', 'NL', 'NO', 'NZ', 'OM', 'PA', 'PE', 'PH', 'PL', 'PS', 'PT', 'PY', 'QA', 'RO', 'SA', 'SE', 'SG', 'SK', 'SV', 'TH', 'TN', 'TR', 'TW', 'US', 'UY', 'VN', 'ZA']",FI,0.431,1.0,204465.0,0.659,https://api.spotify.com/v1/tracks/1lEV3VulfpyKh7aVz5F96p,1lEV3VulfpyKh7aVz5F96p,0.523,4.0,0.129,-6.061,"

Don't go away
Don't fade away
Don't leave me
Don't let me die alone
Ooh, ooh, ooh, ooh, ooh...
Please stay with me
Please haunt my dreams
Please forgive me
Please love me forever
Ooh, ooh, ooh, ooh, ooh

",1.0,Stay With Me,pop,38.0,https://p.scdn.co/mp3-preview/e0e72912bc20732e6ba5945eb9f58c1b2449cc9f?cid=b3cdb16d0df2409abf6a8f6c2f6c2e0c,0.0323,90.002,4.0,https://api.spotify.com/v1/tracks/1lEV3VulfpyKh7aVz5F96p,track_15,9.0,spotify:track:1lEV3VulfpyKh7aVz5F96p,0.0747,track
0.843,2fEYL3YBVILeEuiKJL7S2n,https://api.spotify.com/v1/audio-analysis/1ty3N197je3o1dN0F6Fu1G,['07r7OPIALkj6Icaoj4Kf5l'],Cher,"['AD', 'AE', 'AR', 'AT', 'AU', 'BG', 'BH', 'BO', 'BR', 'CA', 'CL', 'CO', 'CR', 'CY', 'CZ', 'DE', 'DK', 'DO', 'DZ', 'EC', 'EE', 'EG', 'ES', 'FI', 'GB', 'GR', 'GT', 'HK', 'HN', 'HU', 'ID', 'IE', 'IL', 'IN', 'IS', 'IT', 'JO', 'JP', 'KW', 'LB', 'LI', 'LT', 'LU', 'LV', 'MA', 'MC', 'MT', 'MX', 'MY', 'NI', 'NL', 'NO', 'NZ', 'OM', 'PA', 'PE', 'PH', 'PL', 'PS', 'PT', 'PY', 'QA', 'RO', 'SA', 'SE', 'SG', 'SK', 'SV', 'TH', 'TN', 'TR', 'TW', 'US', 'UY', 'VN', 'ZA']",FI,0.413,1.0,236667.0,0.339,https://api.spotify.com/v1/tracks/1ty3N197je3o1dN0F6Fu1G,1ty3N197je3o1dN0F6Fu1G,0.0,7.0,0.171,-8.107,"

No matter how hard I try
You keep on pushing me aside
And I can't break through
There's no talking to you
It's so sad that you're leaving
It takes time to believe it
And after all is said and done
You're gonna be the lonely one, oh

Do you believe in life after love?
I can feel something inside me say, and
I really don't think you're strong enough, no
Do you believe in life after love?
I can feel something inside me say it
But I really don't think you're strong enough, no

What am I supposed to do?
Sit around and wait for you?
Well, I can't do that
There's no... no turning back
It takes time to move on
I need love to feel strong
Well, I've had time to think it through
And maybe I'm too good for you, oh

Do you believe in life after love?
I can feel something inside me say, and
I really don't think you're strong enough, no
Do you believe in life after love?
I can feel something inside me say it
But I really don't think you're strong enough, no

And I know that I'll get through this
'Cause I know that I am strong
And I don't need you anymore, no
No, I don't need you anymore
No, I don't need you anymore
No, I don't need you anymore

Do you believe in life after love?
I can feel something inside me say it
But I really don't think you're strong enough, no
Do you believe in life after love?
I can feel something inside me say it
But I really don't think you're strong enough, no

Do you believe in life after love?
I can feel something inside me say it, and
I really don't think you're strong enough
",1.0,Believe,pop,48.0,https://p.scdn.co/mp3-preview/0130614f636beea2f0cf8e30e08d8bddd88a06fd?cid=b3cdb16d0df2409abf6a8f6c2f6c2e0c,0.0349,116.538,4.0,https://api.spotify.com/v1/tracks/1ty3N197je3o1dN0F6Fu1G,track_33,1.0,spotify:track:1ty3N197je3o1dN0F6Fu1G,0.199,track
0.227,3bcWEzEr5DTtNqCgFLqpZn,https://api.spotify.com/v1/audio-analysis/72WBu3udxgfDrCpjq02k5U,['3IZrrNonYELubLPJmqOci2'],Pharrell Williams,"['AD', 'AE', 'AR', 'AT', 'AU', 'BE', 'BG', 'BH', 'BO', 'BR', 'CA', 'CH', 'CL', 'CO', 'CR', 'CY', 'CZ', 'DE', 'DK', 'DO', 'DZ', 'EC', 'EE', 'EG', 'ES', 'FI', 'FR', 'GB', 'GR', 'GT', 'HK', 'HN', 'HU', 'ID', 'IE', 'IL', 'IN', 'IS', 'IT', 'JO', 'JP', 'KW', 'LB', 'LI', 'LT', 'LU', 'LV', 'MA', 'MC', 'MT', 'MX', 'MY', 'NI', 'NL', 'NO', 'NZ', 'OM', 'PA', 'PE', 'PH', 'PL', 'PS', 'PT', 'PY', 'QA', 'RO', 'SA', 'SE', 'SG', 'SK', 'SV', 'TH', 'TN', 'TR', 'TW', 'US', 'UY', 'VN', 'ZA']",FI,0.716,1.0,150790.0,0.529,https://api.spotify.com/v1/tracks/72WBu3udxgfDrCpjq02k5U,72WBu3udxgfDrCpjq02k5U,0.0,5.0,0.106,-10.414,"
Lonliness is nothin' new
I've lived with it my whole life through
So look out gloom
I'm makin' room for happy happy
Through with walkin' sadness street
I'm dancin' on these smilin' feet
Oh, blues be gone
I'm turnin' on with happy happy
And should he need me
Well I'll be right there
I don't care, anywhere
And should he want me
I'll say this is it, the lamp is lit
Here we go, here we go
Up to where our mind are free
And ev'ryday's philosophy
Says life is wild be like a child
Called happy happy
",1.0,Happy,pop,16.0,https://p.scdn.co/mp3-preview/55201558d1e703d4a20238d2f534805e16e67e82?cid=b3cdb16d0df2409abf6a8f6c2f6c2e0c,0.0764,122.522,4.0,https://api.spotify.com/v1/tracks/72WBu3udxgfDrCpjq02k5U,track_42,15.0,spotify:track:72WBu3udxgfDrCpjq02k5U,0.799,track
0.00181,0k0edPOtil92llQAqDPK8n,https://api.spotify.com/v1/audio-analysis/0RKqylCDwg0Lzq8Stu266U,['2DBaDAcrh5sf17yR1qbnsy'],Rihanna,"['AD', 'AE', 'AR', 'AT', 'AU', 'BE', 'BG', 'BH', 'BO', 'BR', 'CA', 'CH', 'CL', 'CO', 'CR', 'CY', 'CZ', 'DE', 'DK', 'DO', 'DZ', 'EC', 'EE', 'EG', 'ES', 'FI', 'FR', 'GB', 'GR', 'GT', 'HK', 'HN', 'HU', 'ID', 'IE', 'IL', 'IN', 'IS', 'IT', 'JO', 'JP', 'KW', 'LB', 'LI', 'LT', 'LU', 'LV', 'MA', 'MC', 'MT', 'MX', 'MY', 'NI', 'NL', 'NO', 'NZ', 'OM', 'PA', 'PE', 'PH', 'PL', 'PS', 'PT', 'PY', 'QA', 'RO', 'SA', 'SE', 'SG', 'SK', 'SV', 'TH', 'TN', 'TR', 'TW', 'US', 'UY', 'VN', 'ZA']",BE,0.638,1.0,370909.0,0.5,https://api.spotify.com/v1/tracks/0RKqylCDwg0Lzq8Stu266U,0RKqylCDwg0Lzq8Stu266U,0.008,1.0,0.0985,-9.633,"
Shine bright like a diamond
Shine bright like a diamond
Shining bright like a diamond
Find light in the beautiful sea
I choose to be happy
You and I, you and I
We're like diamonds in the sky
You're a shooting star I see
A visions of ecstasy
When you hold me, I'm alive
We're like diamonds in the sky
I knew that we'd become one right away
Oh, right away
At first sight I felt the energy of sun rays
I saw the life inside your eyes
So shine bright, tonight you and I
We're beautiful like diamonds in the sky
Eye to eye, so alive
We're beautiful like diamonds in the sky
Shine bright like a diamond
Shine bright like a diamond
Shining bright like a diamond
We're beautiful like diamonds in the sky
Shine bright like a diamond
Shine bright like a diamond
Shining bright like a diamond
We're beautiful like diamonds in the sky
Palms rise to the universe
As we moonshine and molly
Feel the warmth, we'll never die
We're like diamonds in the sky
You're a shooting star I see
A visions of ecstasy
When you hold me, I'm alive
We're like diamonds in the sky
At first sight I felt the energy of sun rays
I saw the life inside your eyes
So shine bright, tonight you and I
We're beautiful like diamonds in the sky
Eye to eye, so alive
We're beautiful like diamonds in the sky
Shine bright like a diamond
Shine bright like a diamond
Shining bright like a diamond
We're beautiful like diamonds in the sky
Shine bright like a diamond
Shine bright like a diamond
Shining bright like a diamond
We're beautiful like diamonds in the sky
Shine bright like a diamond
Shine bright like a diamond
Shine
So shine bright, tonight you and I
We're beautiful like diamonds in the sky
Eye to eye, so alive (so alive)
We're beautiful like diamonds in the sky
Shine bright like a diamond
Shine bright like a diamond
We're beautiful like diamonds in the sky
Shine bright like a diamond
Shine bright like a diamond
We're beautiful like diamonds in the sky
Beautiful like diamonds in the sky
(so you're wrong, so you're wrong, so you're wrong)
(that's the way we, that's the way we, that's the way we)
(hey)
(come on)
(did you, did you, did you)
",1.0,Diamonds,pop,37.0,https://p.scdn.co/mp3-preview/b4b2c718dd167a7bcc7df0f18d0429e02eaf5b03?cid=b3cdb16d0df2409abf6a8f6c2f6c2e0c,0.0453,176.001,4.0,https://api.spotify.com/v1/tracks/0RKqylCDwg0Lzq8Stu266U,track_45,1.0,spotify:track:0RKqylCDwg0Lzq8Stu266U,0.188,track
0.000521,0RFmXhJYeBPeqQvljA8uHG,https://api.spotify.com/v1/audio-analysis/1qUJT6xZCjvQVNYoVILNod,['5ctFffJBdJe8PZL7W7NeML'],Maroon 5,"['AD', 'AE', 'AR', 'AU', 'BG', 'BH', 'BO', 'BR', 'CL', 'CO', 'CR', 'CY', 'CZ', 'DK', 'DO', 'DZ', 'EC', 'EE', 'EG', 'FI', 'GR', 'GT', 'HK', 'HN', 'HU', 'ID', 'IL', 'IN', 'IS', 'JO', 'KW', 'LB', 'LI', 'LT', 'LV', 'MA', 'MC', 'MT', 'MX', 'MY', 'NI', 'NO', 'NZ', 'OM', 'PA', 'PE', 'PH', 'PL', 'PS', 'PT', 'PY', 'QA', 'RO', 'SA', 'SE', 'SG', 'SK', 'SV', 'TH', 'TN', 'TR', 'TW', 'UY', 'VN', 'ZA']",BE,0.206,1.0,257227.0,0.989,https://api.spotify.com/v1/tracks/1qUJT6xZCjvQVNYoVILNod,1qUJT6xZCjvQVNYoVILNod,0.107,4.0,0.263,-6.858,"
Push...
This sugar will kill your pain...
Push!
Sate your frustration
Quench your sick desire
Sweeten your pain with fairy dust
As desperation melts down this toxic powder
On that spoon you set your life on fire
Sense of shame to forget
Far astray you’ll wander
Isolated in regret
Narcotize your existence
It’s self-destruction
It’s suicide
These wicked voices bewitch you
But you’re too young to die
Speak to your torment honey
And listen to your soul
As we’re the temple of strength
And we must soldier on
Push! Push! Push! Push!
I want to see you push
The hunter has become the prey
The master’s turned into a slave
Push! Push! Push! Push!
We all want to see you push
Your mother’s cry, your father’s prayers
They just mean nothing
Push!
And pump this venom through the veins
Into your bleeding heart
Push!
And put an end to all this pain with this final act
Push!
Orgasmic rapture, down in a hole
The needle bleeds the pleasure grows
Internal fracture, denial of your soul
Your blood freezes your body
Push! Push! Push! Push!
So let me see you push
The hunter has become the prey
The master’s turned into a slave
Push! Push! Push! Push!
We all want to see you push
Your mother’s cry, your father’s prayers
Make way for silence
How can you do this to yourself, in your very prime?
Life’s worth living no matter what is the sacrifice
Fight!
",0.0,Sugar,pop,42.0,https://p.scdn.co/mp3-preview/3c282f4247af7668b526aef00d3dd5498229b2fd?cid=b3cdb16d0df2409abf6a8f6c2f6c2e0c,0.247,95.054,4.0,https://api.spotify.com/v1/tracks/1qUJT6xZCjvQVNYoVILNod,track_14,1.0,spotify:track:1qUJT6xZCjvQVNYoVILNod,0.0345,track
0.284,26472YwdcI0EnYbAavmn3d,https://api.spotify.com/v1/audio-analysis/5JtsgpYwgFGpBVHAQla6NK,['6MERXsiRbur2oJZFgYRDKz'],The Weeknd,"['AD', 'AE', 'AR', 'AT', 'AU', 'BE', 'BG', 'BH', 'BO', 'BR', 'CA', 'CH', 'CL', 'CO', 'CR', 'CY', 'CZ', 'DE', 'DK', 'DO', 'DZ', 'EC', 'EE', 'EG', 'ES', 'FI', 'FR', 'GB', 'GR', 'GT', 'HK', 'HN', 'HU', 'ID', 'IE', 'IL', 'IN', 'IS', 'IT', 'JO', 'JP', 'KW', 'LB', 'LI', 'LT', 'LU', 'LV', 'MA', 'MC', 'MT', 'MX', 'MY', 'NI', 'NL', 'NO', 'NZ', 'OM', 'PA', 'PE', 'PH', 'PL', 'PS', 'PT', 'PY', 'QA', 'RO', 'SA', 'SE', 'SG', 'SK', 'SV', 'TH', 'TN', 'TR', 'TW', 'US', 'UY', 'VN', 'ZA']",FI,0.712,1.0,211613.0,0.264,https://api.spotify.com/v1/tracks/5JtsgpYwgFGpBVHAQla6NK,5JtsgpYwgFGpBVHAQla6NK,0.0437,9.0,0.097,-9.844,"
I know you gonna dig this
Oh one two one two three four
I know you gonna dig this everybody
Pump pump pum up that bass
I can see it in your eyes
You need a friend tonight
'Cause someone broke your heart in two
You need a volunteer
To wipe away your tears
Someone who will resue you
Your whole world is tumbling down
Can't get your feet on solid ground
You're looking for someone
Someone you know, you can count on
I'll rise to the occasion
Help me through the situation
I'll be your inspiration
Yeah, I'll rise to the occasion, oh
No memories to shake
No promises to break
Just tender love and honestly
I can offer you so much
And I feel it when we touch
Maybe this was meant to be
I'm gonna share a secret with you
My heart's been broken too
I'm looking for someone
Someone I know I can count on
Take to heart this invitation
So won't you rise to the occasion
Help me through the situation
You can be my inspiration
Take to heart this invitation
Come on come on baby, ooh
Come on Buddy get with the beat
I don't know what you mean
Get with the beat - I'm a little rusty on it
Don't touch that
I know I know you gonna dig this
Pump pump pump up that bass
Dig this
Rise to the occasion
We'll get through this situation
Be each other's inspiration
I'll rise to the occasion
I'll give you real apprecation
I'll be your inspiration
",0.0,Can't Feel My Face,pop,42.0,https://p.scdn.co/mp3-preview/ef364df901b40db48675045971bb28b8f5c738ca?cid=b3cdb16d0df2409abf6a8f6c2f6c2e0c,0.0342,107.819,4.0,https://api.spotify.com/v1/tracks/5JtsgpYwgFGpBVHAQla6NK,track_19,1.0,spotify:track:5JtsgpYwgFGpBVHAQla6NK,0.224,track
0.0721,73JSumL9fEU1txY72F3uZR,https://api.spotify.com/v1/audio-analysis/7nOaQdcXWnkihLcWPzLQMB,['6KxBixTtWRYyojmIvlFvjD'],Taylor Swift,"['AD', 'AE', 'AR', 'AT', 'AU', 'BE', 'BG', 'BH', 'BO', 'BR', 'CA', 'CH', 'CL', 'CO', 'CR', 'CY', 'CZ', 'DE', 'DK', 'DO', 'DZ', 'EC', 'EE', 'EG', 'ES', 'FI', 'FR', 'GB', 'GR', 'GT', 'HK', 'HN', 'HU', 'ID', 'IE', 'IL', 'IN', 'IS', 'IT', 'JO', 'JP', 'KW', 'LB', 'LI', 'LT', 'LU', 'LV', 'MA', 'MC', 'MT', 'MX', 'MY', 'NI', 'NL', 'NO', 'NZ', 'OM', 'PA', 'PE', 'PH', 'PL', 'PS', 'PT', 'PY', 'QA', 'RO', 'SA', 'SE', 'SG', 'SK', 'SV', 'TH', 'TN', 'TR', 'TW', 'US', 'UY', 'VN', 'ZA']",BE,0.785,1.0,213047.0,0.768,https://api.spotify.com/v1/tracks/7nOaQdcXWnkihLcWPzLQMB,7nOaQdcXWnkihLcWPzLQMB,3.75e-06,7.0,0.0513,-5.846,"

I stay out too late, got nothing in my brain
That's what people say, that's what people say
I go on too many dates, but I can't make them stay
At least that's what people say, that's what people say

But I keep cruising
Can't stop, won't stop moving
It's like I got this music in my mind
Saying it's gonna be alright

Cause the players gonna play, play, play, play, play
And the haters gonna hate, hate, hate, hate, hate
Baby, I'm just gonna shake, shake, shake, shake, shake
I shake it off, I shake it off
Heartbreakers gonna break, break, break, break, break
And the fakers gonna fake, fake, fake, fake, fake
Baby, I'm just gonna shake, shake, shake, shake, shake
I shake it off, I shake it off

I never miss a beat, I'm lightning on my feet
And that's what they don’t see, that's what they don’t see
I'm dancing on my own, I make the moves up as I go
And that's what they don't know, that’s what they don’t know

But I keep cruising
Can't stop, won't stop grooving
It's like I got this music in my mind
Saying it's gonna be alright

Cause the players gonna play, play, play, play, play
And the haters gonna hate, hate, hate, hate, hate
Baby, I'm just gonna shake, shake, shake, shake, shake
I shake it off, I shake it off
Heartbreakers gonna break, break, break, break, break
And the fakers gonna fake, fake, fake, fake, fake
Baby, I'm just gonna shake, shake, shake, shake, shake
I shake it off, I shake it off

I, I shake it off, I shake it off
I, I shake it off, I shake it off
I, I shake it off, I shake it off
I, I shake it off, I shake it off
I, I shake it off, I shake it off
I, I shake it off, I shake it off
I, I shake it off, I shake it off
I, I shake it off, I shake it off

Hey, hey, hey!
Just think while you've been getting down and out about the liars
And dirty, dirty cheats of the world you could've been getting down to this sick beat

My ex-man brought his new girlfriend
She's like, “oh my God”, but I'm just gonna shake
And to the fella over there with the hella good hair
Won't you come on over, baby, we can shake, shake, shake

Cause the players gonna play, play, play, play, play
And the haters gonna hate, hate, hate, hate, hate
Baby, I'm just gonna shake, shake, shake, shake, shake
I shake it off, I shake it off
Heartbreakers gonna break, break, break, break, break
And the fakers gonna fake, fake, fake, fake, fake
Baby, I'm just gonna shake, shake, shake, shake, shake
I shake it off, I shake it off

I, I shake it off, I shake it off
I, I shake it off, I shake it off
I, I shake it off, I shake it off
I, I shake it off, I shake it off
I, I shake it off, I shake it off
I, I shake it off, I shake it off
I, I shake it off, I shake it off
I, I shake it off, I shake it off
",1.0,Shake It Off,pop,26.0,https://p.scdn.co/mp3-preview/d8486fe379cb18366c728c4de6e28fc96ac26a1c?cid=b3cdb16d0df2409abf6a8f6c2f6c2e0c,0.238,79.93,4.0,https://api.spotify.com/v1/tracks/7nOaQdcXWnkihLcWPzLQMB,track_61,1.0,spotify:track:7nOaQdcXWnkihLcWPzLQMB,0.962,track
0.89,3l9tsAiTVPtgkSEDBhGHUP,https://api.spotify.com/v1/audio-analysis/4gvspsfveHS7I5Alr2pfp2,['2CZfm09pHpIVkVRW75kmHg'],Lady Gaga,"['AD', 'AE', 'AR', 'AT', 'AU', 'BE', 'BG', 'BH', 'BO', 'BR', 'CA', 'CH', 'CL', 'CO', 'CR', 'CY', 'CZ', 'DE', 'DK', 'DO', 'DZ', 'EC', 'EE', 'EG', 'ES', 'FI', 'FR', 'GB', 'GR', 'GT', 'HK', 'HN', 'HU', 'ID', 'IE', 'IL', 'IN', 'IS', 'IT', 'JO', 'JP', 'KW', 'LB', 'LI', 'LT', 'LU', 'LV', 'MA', 'MC', 'MT', 'MY', 'NI', 'NL', 'NO', 'NZ', 'OM', 'PA', 'PE', 'PH', 'PL', 'PT', 'PY', 'QA', 'RO', 'SA', 'SE', 'SG', 'SK', 'SV', 'TH', 'TN', 'TR', 'TW', 'US', 'UY', 'VN', 'ZA']",FI,0.652,1.0,244405.0,0.319,https://api.spotify.com/v1/tracks/4gvspsfveHS7I5Alr2pfp2,4gvspsfveHS7I5Alr2pfp2,3.98e-05,7.0,0.212,-10.239,"

Yeah, I'll tell you what I want, what I really really want
So tell me what you want, what you really really want
I'll tell you what I want, what I really really want
So tell me what you want, what you really really want
I wanna, I wanna, I wanna, I wanna
I really really really wanna zigazig ah
I wanna, I wanna, I wanna, I wanna
I really really really wanna zigazig ah

If you want my future forget my past
If you wanna get with me better make it fast
Now don't go wasting my precious time
Get your act together we could be just fine

If you wanna be my lover, you gotta get with my friends
Make it last forever, friendship never ends
If you wanna be my lover, you have got to give
Taking is too easy, but that's the way it is

Yeah, I'll tell you what I want, what I really really want
So tell me what you want, what you really really want
I wanna, I wanna, I wanna, I wanna
I really really really wanna zigazig ah

What do you think about that, now you know how I feel
Say you can handle my love, are you for real
I won't be hasty, I'll give you a try
If you really bug me, then I'll say goodbye

If you wanna be my lover, you gotta get with my friends
Make it last forever, friendship never ends
If you wanna be my lover, you have got to give
Taking is too easy, but that's the way it is

Yeah, I'll tell you what I want, what I really really want
So tell me what you want, what you really really want
I wanna, I wanna, I wanna, I wanna
I really really really wanna zigazig ah

So here's a story from A to Z
You wanna get with me you gotta listen carefully
We got Em in the place who likes it in your face
We got G like MC who likes it on an -
Easy V doesn't come for free, she's a real lady
As for me, ah, you'll see
Slam your body down and wind it all around
Slam your body down and wind it all around

If you wanna be my lover, you gotta get with my friends
Make it last forever, friendship never ends

Yeah, I'll tell you what I want, what I really really want
So tell me what you want, what you really really want
I wanna, I wanna, I wanna, I wanna
I really really really wanna zigazig ah
I'll tell you what I want, what I really really want
So tell me what you want, what you really really want
I wanna, I wanna, I wanna, I wanna
I really really really wanna zigazig ah

Slam your body down and wind it all around
(I really really really wanna zigazig ah)
Slam your body down and wind it all around
(I really really really wanna zigazig ah)
",1.0,Bad Romance,pop,36.0,https://p.scdn.co/mp3-preview/e79661167dd3cef8de3aba80f2b3a2423f7537a8?cid=b3cdb16d0df2409abf6a8f6c2f6c2e0c,0.0325,120.03,4.0,https://api.spotify.com/v1/tracks/4gvspsfveHS7I5Alr2pfp2,track_19,1.0,spotify:track:4gvspsfveHS7I5Alr2pfp2,0.178,track
0.272,1mLK9n3KBlgsRgPX3nlSwf,https://api.spotify.com/v1/audio-analysis/3CXZukNyVJUjLUYGA88F0a,['6vWDO969PvNqNYHIOW5v0m'],Beyonce,"['AE', 'AU', 'BG', 'BH', 'CZ', 'DK', 'EE', 'EG', 'FI', 'HU', 'IE', 'IL', 'IS', 'JO', 'KW', 'LB', 'LT', 'LV', 'NO', 'NZ', 'OM', 'PL', 'PS', 'QA', 'RO', 'SA', 'SE', 'SK', 'TR', 'ZA']",BE,0.508,1.0,261640.0,0.72,https://api.spotify.com/v1/tracks/3CXZukNyVJUjLUYGA88F0a,3CXZukNyVJUjLUYGA88F0a,0.0,11.0,0.0563,-5.908,"

Remember those walls I built?
Well, baby, they're tumblin' down
And they didn't even put up a fight
They didn't even make a sound
I found a way to let you in
But I never really had a doubt
Standin' in the light of your halo
I got my angel now

It's like I've been awakened
Every rule I had you breakin'
It's the risk that I'm takin'
I ain't never gonna shut you out

Everywhere I'm lookin' now
I'm surrounded by your embrace
Baby, I can see your halo
You know you're my savin' grace
You're everything I need and more
It's written all over your face
Baby, I can feel your halo
Pray it won't fade away

I can feel your halo, halo, halo
I can see your halo, halo, halo
I can feel your halo, halo, halo
I can see your halo, halo
Halo

Hit me like a ray of sun
Burnin' through my darkest night
You're the only one that I want
Think I'm addicted to your light
I swore I'd never fall again
But this don't even feel like fallin'
Gravity can't begin
To pull me back to the ground again

It's like I've been awakened
Every rule I had you breakin'
The risk that I'm takin'
I'm never gonna shut you out

Everywhere I'm lookin' now
I'm surrounded by your embrace
Baby, I can see your halo
You know you're my savin' grace
You're everything I need and more
It's written all over your face
Baby, I can feel your halo
Pray it won't fade away

I can feel your halo, halo, halo
I can see your halo, halo, halo
I can feel your halo, halo, halo
I can see your halo, halo
I can feel your halo, halo, halo
I can see your halo, halo, halo
I can feel your halo, halo, halo
I can see your halo, halo
Halo
Halo
Ooh

Everywhere I'm lookin' now
I'm surrounded by your embrace
Baby, I can see your halo
You know you're my savin' grace
You're everything I need and more
It's written all over your face
Baby, I can feel your halo
Pray it won't fade away

I can feel your halo, halo, halo
I can see your halo, halo, halo
I can feel your halo, halo, halo
I can see your halo, halo
Halo, oh oh
I can feel your halo, halo, halo
I can see your halo, halo, halo
I can feel your halo, halo, halo
I can see your halo, halo
Halo
",0.0,Halo,pop,40.0,https://p.scdn.co/mp3-preview/3c97985f3736fab6d4abcd2067f346a9b30955fa?cid=b3cdb16d0df2409abf6a8f6c2f6c2e0c,0.0628,79.983,4.0,https://api.spotify.com/v1/tracks/3CXZukNyVJUjLUYGA88F0a,track_12,2.0,spotify:track:3CXZukNyVJUjLUYGA88F0a,0.472,track
0.894,7hkImNgsAoOS5CtitpnFOb,https://api.spotify.com/v1/audio-analysis/3S7BZqv1qZO5hxku8u8fqB,"['045EiHd7X7cCjlamF0LV2M', '0M6xcJTswOl2qvExCJhiS3']",Adele,"['AD', 'AE', 'AR', 'AT', 'AU', 'BE', 'BG', 'BH', 'BO', 'BR', 'CA', 'CH', 'CL', 'CO', 'CR', 'CY', 'CZ', 'DE', 'DK', 'DO', 'DZ', 'EC', 'EE', 'EG', 'ES', 'FI', 'FR', 'GB', 'GR', 'GT', 'HK', 'HN', 'HU', 'ID', 'IE', 'IL', 'IN', 'IS', 'IT', 'JO', 'JP', 'KW', 'LB', 'LI', 'LT', 'LU', 'LV', 'MA', 'MC', 'MT', 'MX', 'MY', 'NI', 'NL', 'NO', 'NZ', 'OM', 'PA', 'PE', 'PH', 'PL', 'PS', 'PT', 'PY', 'QA', 'RO', 'SA', 'SE', 'SG', 'SK', 'SV', 'TH', 'TN', 'TR', 'TW', 'US', 'UY', 'VN', 'ZA']",BE,0.414,1.0,291093.0,0.242,https://api.spotify.com/v1/tracks/3S7BZqv1qZO5hxku8u8fqB,3S7BZqv1qZO5hxku8u8fqB,4.09e-06,7.0,0.102,-9.872,"

I heard that you're settled down
That you found someone and you're married now
I heard that your dreams came true
Guess he gives you things I didn't give to you
Old friend, why are you so shy?
Ain't like you to hold back or hide from the light

I hate to turn up out of the blue, uninvited
But I couldn't stay away, I couldn't fight it
I had hoped you'd see my face
And that you'd be reminded that for me it isn't over

Never mind, I'll find someone like you
I wish nothing but the best for you two
""Don't forget me,"" I beg
""I'll remember,"" you said
Sometimes it lasts in love, but sometimes it hurts instead
Sometimes it lasts in love, but sometimes it hurts instead

You know how the time flies
Only yesterday was the time of our lives
We were born and raised in a summer haze
Bound by the surprise of our glory days

I hate to turn up out of the blue, uninvited
But I couldn't stay away, I couldn't fight it
I had hoped you'd see my face
And that you'd be reminded that for me it isn't over

Never mind, I'll find someone like you
I wish nothing but the best for you two
""Don't forget me,"" I beg
""I'll remember,"" you said
Sometimes it lasts in love, but sometimes it hurts instead

Nothing compares, no worries or cares
Regrets and mistakes, they're memories made
Who would have known how bittersweet this would taste?

Never mind, I'll find someone like you
I wish nothing but the best for you
""Don't forget me,"" I beg
""I'll remember,"" you said
Sometimes it lasts in love, but sometimes it hurts instead

Never mind, I'll find someone like you
I wish nothing but the best for you two
""Don't forget me,"" I beg
""I'll remember,"" you said
Sometimes it lasts in love, but sometimes it hurts instead
Sometimes it lasts in love, but sometimes it hurts instead
",1.0,Someone Like You,pop,31.0,https://p.scdn.co/mp3-preview/504203c01744dee6078f7ef62db09671133f0292?cid=b3cdb16d0df2409abf6a8f6c2f6c2e0c,0.0314,129.062,4.0,https://api.spotify.com/v1/tracks/3S7BZqv1qZO5hxku8u8fqB,track_24,1.0,spotify:track:3S7BZqv1qZO5hxku8u8fqB,0.226,track
0.583,3D6BRQjosyRAjyfAiogrKE,https://api.spotify.com/v1/audio-analysis/1FaxioLjUIAGpuvkDIDQHF,['1Dha3TduO0PBC7aRD84PHP'],Madonna,"['AD', 'AE', 'AR', 'AT', 'AU', 'BE', 'BG', 'BH', 'BO', 'BR', 'CA', 'CH', 'CL', 'CO', 'CR', 'CY', 'CZ', 'DE', 'DK', 'DO', 'DZ', 'EC', 'EE', 'EG', 'ES', 'FI', 'FR', 'GB', 'GR', 'GT', 'HK', 'HN', 'HU', 'ID', 'IE', 'IL', 'IN', 'IS', 'IT', 'JO', 'JP', 'KW', 'LB', 'LI', 'LT', 'LU', 'LV', 'MA', 'MC', 'MT', 'MX', 'MY', 'NI', 'NL', 'NO', 'NZ', 'OM', 'PA', 'PE', 'PH', 'PL', 'PS', 'PT', 'PY', 'QA', 'RO', 'SA', 'SE', 'SG', 'SK', 'SV', 'TH', 'TN', 'TR', 'TW', 'US', 'UY', 'VN', 'ZA']",FI,0.725,1.0,207414.0,0.336,https://api.spotify.com/v1/tracks/1FaxioLjUIAGpuvkDIDQHF,1FaxioLjUIAGpuvkDIDQHF,0.00275,5.0,0.125,-11.828,"

Yeah, I'll tell you what I want, what I really really want
So tell me what you want, what you really really want
I'll tell you what I want, what I really really want
So tell me what you want, what you really really want
I wanna, I wanna, I wanna, I wanna
I really really really wanna zigazig ah
I wanna, I wanna, I wanna, I wanna
I really really really wanna zigazig ah

If you want my future forget my past
If you wanna get with me better make it fast
Now don't go wasting my precious time
Get your act together we could be just fine

If you wanna be my lover, you gotta get with my friends
Make it last forever, friendship never ends
If you wanna be my lover, you have got to give
Taking is too easy, but that's the way it is

Yeah, I'll tell you what I want, what I really really want
So tell me what you want, what you really really want
I wanna, I wanna, I wanna, I wanna
I really really really wanna zigazig ah

What do you think about that, now you know how I feel
Say you can handle my love, are you for real
I won't be hasty, I'll give you a try
If you really bug me, then I'll say goodbye

If you wanna be my lover, you gotta get with my friends
Make it last forever, friendship never ends
If you wanna be my lover, you have got to give
Taking is too easy, but that's the way it is

Yeah, I'll tell you what I want, what I really really want
So tell me what you want, what you really really want
I wanna, I wanna, I wanna, I wanna
I really really really wanna zigazig ah

So here's a story from A to Z
You wanna get with me you gotta listen carefully
We got Em in the place who likes it in your face
We got G like MC who likes it on an -
Easy V doesn't come for free, she's a real lady
As for me, ah, you'll see
Slam your body down and wind it all around
Slam your body down and wind it all around

If you wanna be my lover, you gotta get with my friends
Make it last forever, friendship never ends

Yeah, I'll tell you what I want, what I really really want
So tell me what you want, what you really really want
I wanna, I wanna, I wanna, I wanna
I really really really wanna zigazig ah
I'll tell you what I want, what I really really want
So tell me what you want, what you really really want
I wanna, I wanna, I wanna, I wanna
I really really really wanna zigazig ah

Slam your body down and wind it all around
(I really really really wanna zigazig ah)
Slam your body down and wind it all around
(I really really really wanna zigazig ah)
",1.0,Like a Virgin,pop,37.0,https://p.scdn.co/mp3-preview/30fe44de9ece4f258725e92381838b9fde02ae5f?cid=b3cdb16d0df2409abf6a8f6c2f6c2e0c,0.0542,96.961,4.0,https://api.spotify.com/v1/tracks/1FaxioLjUIAGpuvkDIDQHF,track_20,1.0,spotify:track:1FaxioLjUIAGpuvkDIDQHF,0.25,track
0.288,4DD4Ld5ux7O5bmDLtCMbzu,https://api.spotify.com/v1/audio-analysis/0oyrry6K5fLtde8qbc1UiB,"['17UUkxLWmRP5P47W5kwVVb', '1tc4LrAlQ8EmlauDoAvpBa', '1zjqPZmlIYTMAjmDtigRSo']",Dua Lipa,"['AD', 'AE', 'AR', 'AT', 'AU', 'BE', 'BG', 'BH', 'BO', 'BR', 'CA', 'CH', 'CL', 'CO', 'CR', 'CY', 'CZ', 'DE', 'DK', 'DO', 'DZ', 'EC', 'EE', 'EG', 'ES', 'FI', 'FR', 'GB', 'GR', 'GT', 'HK', 'HN', 'HU', 'ID', 'IE', 'IL', 'IN', 'IS', 'IT', 'JO', 'JP', 'KW', 'LB', 'LI', 'LT', 'LU', 'LV', 'MA', 'MC', 'MT', 'MX', 'MY', 'NI', 'NL', 'NO', 'NZ', 'OM', 'PA', 'PE', 'PH', 'PL', 'PS', 'PT', 'PY', 'QA', 'RO', 'SA', 'SE', 'SG', 'SK', 'SV', 'TH', 'TN', 'TR', 'TW', 'US', 'UY', 'VN', 'ZA']",FI,0.638,1.0,207375.0,0.453,https://api.spotify.com/v1/tracks/0oyrry6K5fLtde8qbc1UiB,0oyrry6K5fLtde8qbc1UiB,0.0115,4.0,0.397,-11.88,"

Way down, all the way down
Way down, all the way down
Way down, all the way down
All the way down, all the way down

Straight, white, thin, cis, or rich -- you got some privilege
Recognize it, don’t deny how much your life is different
Are you down? Like the force of gravity?
Or really would you rather be gone? Don’t be mad at me:
Listen --
When they give their testimonies and assist them
When they ask for your cojones 'cause you dissed them
Whenever you remain in silence 'bout the violence on their lives
Or you call their protests riots
Well-meaning liberals -- Left-leaning folks
If we criticize you
Then we’re being bitter hoes
Sweet on the outside, salty in the middle
Walk around the block like a McGriddle
So -- will you go the distance?
Or will you vanish in a cloud of smoke like incense?
While brown folks risk things
And they rage against this machine built on green
And no you won’t be missed if -- you ain’t really down!

Way down, all the way down
Way down, all the way down
Way down, all the way down
All the way down, all the way down

Esta es pa’ las soñadoras
Pa las lucha libres
Pa las chulas, pa las brujas
Pa mamas abuelas hermana tias y primas
Para las deportaciones, para las mentiras
Pa que tu lo sepas, pueblo mio nadie lo divide
American dreamers: all our
Cousins, aunties, uncles, sisters, brothers
Fathers, mothers
Torn apart by these United States
All for one and one for none
When everything is said and done are you really down?

Think you’re running me?
You’re just running out of time
You just run, you just running, you just running
You can’t take my dreams

All the way
All the way
All the way
Way down, all the way down
Way down, all the way down
Way down, all the way down
All the way down, all the way down
All the way down
Way down, all the way down
",0.0,Levitating,pop,32.0,https://p.scdn.co/mp3-preview/c29bafef0aaf3d05dbd2d3b2347003a88e341359?cid=b3cdb16d0df2409abf6a8f6c2f6c2e0c,0.323,139.79,4.0,https://api.spotify.com/v1/tracks/0oyrry6K5fLtde8qbc1UiB,track_45,1.0,spotify:track:0oyrry6K5fLtde8qbc1UiB,0.677,track
0.474,6NoBzYmh5gUusGPCfg0pct,https://api.spotify.com/v1/audio-analysis/1Slwb6dOYkBlWal1PGtnNg,['6eUKZXaKkcviH0Ku9w2n3V'],Ed Sheeran,"['CA', 'US']",FI,0.781,1.0,281560.0,0.445,https://api.spotify.com/v1/tracks/1Slwb6dOYkBlWal1PGtnNg,1Slwb6dOYkBlWal1PGtnNg,0.0,2.0,0.184,-6.061,"

When your legs don't work like they used to before
And I can't sweep you off of your feet
Will your mouth still remember the taste of my love?
Will your eyes still smile from your cheeks?
And darling, I will be loving you till we're seventy
And baby, my heart could still fall as hard at twenty-three
And I'm thinking 'bout how

People fall in love in mysterious ways
Maybe just the touch of a hand
Well me, I fall in love with you every single day
I just wanna tell you I am

So honey, now, take me into your loving arms
Kiss me under the light of a thousand stars
Place your head on my beating heart, I'm thinking out loud
And maybe we found love right where we are

When my hair's all but gone and my memory fades
And the crowds don't remember my name
When my hands don't play the strings the same way
I know you will still love me the same
'Cause, honey, your soul could never grow old, it's evergreen
And baby, your smile's forever in my mind and memory
And I'm thinking 'bout how

People fall in love in mysterious ways
And maybe it's all part of a plan
Well I'll just keep on making the same mistakes
Hoping that you'll understand

That, baby, now, take me into your loving arms
Kiss me under the light of a thousand stars
Place your head on my beating heart, I'm thinking out loud
And maybe we found love right where we are

So baby, now, take me into your loving arms
Kiss me under the light of a thousand stars
Oh darling, place your head on my beating heart, I'm thinking out loud
That maybe we found love right where we are
Oh baby, we found love right where we are
And we found love right where we are
",1.0,Thinking out Loud,pop,69.0,https://p.scdn.co/mp3-preview/7fba47d0806142cb34ad2080a5f139eba915fe05?cid=b3cdb16d0df2409abf6a8f6c2f6c2e0c,0.0295,78.998,4.0,https://api.spotify.com/v1/tracks/1Slwb6dOYkBlWal1PGtnNg,track_21,11.0,spotify:track:1Slwb6dOYkBlWal1PGtnNg,0.591,track
0.303,6uqQP2jsszOsS9b1VMcfid,https://api.spotify.com/v1/audio-analysis/2hSFR6hkInO18kR70x6q6m,"['0EmeFodog0BfCgMzAIvKQp', '7aBzpmFXB4WWpPl2F7RjBe']",Shakira,"['AD', 'AE', 'AR', 'AT', 'AU', 'BE', 'BG', 'BH', 'BO', 'BR', 'CA', 'CH', 'CL', 'CO', 'CR', 'CY', 'CZ', 'DE', 'DK', 'DO', 'DZ', 'EC', 'EE', 'EG', 'ES', 'FI', 'FR', 'GB', 'GR', 'GT', 'HK', 'HN', 'HU', 'ID', 'IE', 'IL', 'IN', 'IS', 'IT', 'JO', 'JP', 'KW', 'LB', 'LI', 'LT', 'LU', 'LV', 'MA', 'MC', 'MT', 'MX', 'MY', 'NI', 'NL', 'NO', 'NZ', 'OM', 'PA', 'PE', 'PH', 'PL', 'PS', 'PT', 'PY', 'QA', 'RO', 'SA', 'SE', 'SG', 'SK', 'SV', 'TH', 'TN', 'TR', 'TW', 'UY', 'VN', 'ZA']",FI,0.778,4.0,217387.0,0.832,https://api.spotify.com/v1/tracks/2hSFR6hkInO18kR70x6q6m,2hSFR6hkInO18kR70x6q6m,0.0,10.0,0.48,-5.752,"

Ladies up in here tonight
No fighting, no fighting (We got the refugees up in here)
No fighting
Shakira, Shakira

I never really knew that she could dance like this (Hey, yeah)
She make a man wanna speak Spanish
Cómo se llama (Si!), bonita (Si!)
Mi casa, su casa (Shakira, Shakira)

Oh baby, when you talk like that (Hey)
You make a woman go mad (Yeah)
So be wise (Si!) and keep on (Si!)
Reading the signs of my body (Uno, dos, tres, cuatro)

I'm on tonight, you know my hips don't lie
And I'm starting to feel it's right
All the attraction, the tension
Don't you see baby, this is perfection

Hey girl, I can see your body moving
And it's driving me crazy
And I didn't have the slightest idea
Until I saw you dancing
And when you walk up on the dance floor
Nobody cannot ignore the way you move your body, girl
And everything so unexpected - the way you right and left it
So you can keep on shaking it (Let's go)

I never really knew that she could dance like this (Hey)
She make a man wanna speak Spanish
Cómo se llama (Si!), bonita (Si!)
Mi casa, su casa (Shakira, Shakira)

Oh baby, when you talk like that (Oh)
You make a woman go mad (Oh)
So be wise (Si!) and keep on (Si!)
Reading the signs of my body

I'm on tonight
You know my hips don't lie
And I'm starting to feel you boy
Come on let's go, real slow
Don't you see baby, así es perfecto

They know I'm on tonight, my hips don't lie
And I'm starting to feel it's right
All the attraction, the tension
Don't you see baby, this is perfection (Shakira, Shakira)

Oh boy, I can see your body moving
Half animal, half man
I don't, don't really know what I'm doing
But you seem to have a plan
My will and self-restraint
Have come to fail now, fail now
See, I'm doing what I can, but I can't so you know
That's a bit too hard to explain (Uno, dos, tres, cuatro)

Baila en la calle de noche, Baila en la calle de día
Baila en la calle de noche, Baila en la calle de día

I never really knew that she could dance like this (Hey)
She make a man wanna speak Spanish (Yeah)
Cómo se llama (Si!), bonita (Si!)
Mi casa, su casa (Shakira, Shakira)

Oh baby, when you talk like that (Oh)
You knew you got me hypnotized (Yeah)
So be wise (Si! uh) and keep on (Si! uh)
Reading the signs of my body (Yeah)

Señorita, feel the conga
Let me see you move like you come from Colombia
Yeah, oh, yeah, ladies si! (Hey, yeah)
Mira en Barranquilla se baila así (Yeah), say it!
En Barranquilla se baila así

Yeah, she's so sexy, every man's fantasy
A refugee like me back with the Fugees from a third world country (Uh-huh)
I go back like when 'Pac carried crates for Humpty Humpty
We leave the whole club dizzy
Why the CIA wanna watch us? Colombians and Haitians
I ain't guilty, it's a musical transaction
Bo-bop-so-bop, no more do we snatch ropes
Refugees run the seas, 'cause we own our own boats

I'm on tonight
My hips don't lie
And I'm starting to feel you boy
Come on let's go, real slow
Baby, like this is perfecto (No fighting)

Oh, you know I'm on tonight, my hips don't lie
And I'm starting to feel it's right
The attraction, the tension
Baby, like this is perfection

No fighting, no fighting
",0.0,Hips Don't Lie,pop,14.0,https://p.scdn.co/mp3-preview/9c343f375d142d6f3f45ffdc8ffb3481c169a44d?cid=b3cdb16d0df2409abf6a8f6c2f6c2e0c,0.0747,100.019,4.0,https://api.spotify.com/v1/tracks/2hSFR6hkInO18kR70x6q6m,track_33,3.0,spotify:track:2hSFR6hkInO18kR70x6q6m,0.778,track
0.883,4R8FZBrI0uZLiLiMb0gqRM,https://api.spotify.com/v1/audio-analysis/1Zq7TVPZ0mqFnMbbIg0wnS,"['147nKr9upHZSSxqCzh9j7c', '0WicR9iYAPd0Bi7i3bz9MB']",Lady Gaga,"['AD', 'AE', 'AR', 'AT', 'AU', 'BE', 'BG', 'BH', 'BO', 'BR', 'CA', 'CH', 'CL', 'CO', 'CR', 'CY', 'CZ', 'DE', 'DK', 'DO', 'DZ', 'EC', 'EE', 'EG', 'ES', 'FI', 'FR', 'GB', 'GR', 'GT', 'HK', 'HN', 'HU', 'ID', 'IE', 'IL', 'IS', 'IT', 'JO', 'JP', 'KW', 'LB', 'LI', 'LT', 'LU', 'LV', 'MA', 'MC', 'MT', 'MX', 'MY', 'NI', 'NL', 'NO', 'NZ', 'OM', 'PA', 'PE', 'PH', 'PL', 'PS', 'PT', 'PY', 'QA', 'RO', 'SA', 'SE', 'SG', 'SK', 'SV', 'TH', 'TN', 'TR', 'TW', 'US', 'UY', 'VN', 'ZA']",FI,0.517,1.0,261453.0,0.271,https://api.spotify.com/v1/tracks/1Zq7TVPZ0mqFnMbbIg0wnS,1Zq7TVPZ0mqFnMbbIg0wnS,0.0,7.0,0.111,-7.467,"

I wish I had a third floor motel room
On the dark side of the moon
Up there with the satellites in the sky
If you knew anything about her, you'd understand why
I used to believe in love
And all that forever stuff
But now I'm startin' to think it was one big lie
If you knew anything her, you'd understand why

She's a sailor on the coast in stormy weather
She's that C22, go-to jukebox song
I had small town dreams of us together
But now she's gone

I don't dance with 90 proof
Or smoke weed like I used to
But right now I sure could use the high
If you knew anything about her, you'd understand why, yeah


Yeah she's that sailor on the coast in stormy weather
She's that C22, go-to jukebox song
I had small town dreams of us together
But now she's gone

I wish I had a third floor motel room
On the dark side of the moon
Up there with the satellites in the sky
If you knew anything about her, you'd understand why
If you knew anything about her
You'd understand why
",1.0,Shallow,pop,55.0,https://p.scdn.co/mp3-preview/868c35a5eb5774b6d75ecf0569acc42b1ebb6796?cid=b3cdb16d0df2409abf6a8f6c2f6c2e0c,0.0342,189.663,4.0,https://api.spotify.com/v1/tracks/1Zq7TVPZ0mqFnMbbIg0wnS,track_25,1.0,spotify:track:1Zq7TVPZ0mqFnMbbIg0wnS,0.189,track
0.117,61AesJKOj4IoelMYG4srw2,https://api.spotify.com/v1/audio-analysis/0nNocEvNLEXbkUkbMBM1Fo,['3d7MqowTZa2bC5iy1JXLLt'],Billie Eilish,"['CA', 'US']",FI,0.44,1.0,275943.0,0.722,https://api.spotify.com/v1/tracks/0nNocEvNLEXbkUkbMBM1Fo,0nNocEvNLEXbkUkbMBM1Fo,0.00242,0.0,0.121,-6.598,"

Feels like I waited on you for how long?
I don't know
Oh, it's not like me to wait on someone for so long
Yeah, I know
Oh babe, I'm backwards and I don't feel good
Oh, you can go run away
I am backwards and I feel stupid
I'm watching you back away

I just wanted more from you
And what did you do?
I opened the door for you
And we couldn't move

And you could be the bad guy, I could be the bad guy
Anyway you wanna try, doesn't make us feel right
It's funny like that
And we can talk all night, get into another fight
Tell me all our lies, didn't mean to make me cry
What a way to react

Maybe next time we can work this out
But my head and heart are tangled up for now
You know that I'm backwards
And I don't feel good
Oh, you can go run away
I am backwards and I feel stupid
I'm watching you back away

I just wanted more from you
And what did you do?
I opened the door for you
And we couldn't move

And you could be the bad guy, I could be the bad guy
Anyway you wanna try, doesn't make us feel right
It's funny like that
And we can talk all night, get into another fight
Tell me all our lies, didn't mean to make me cry
What a way to react

But you never really wanted to talk anyway
You never really wanted to talk anyway
You never really wanted to talk anyway
You never really wanted to talk anyway

Where did you go?
Where did you go?
Where did you go?
Oh, where did you go?
",1.0,Bad Guy,pop,36.0,https://p.scdn.co/mp3-preview/a971aed15cf45c82c3d49e4e8bb4a65754103c3d?cid=b3cdb16d0df2409abf6a8f6c2f6c2e0c,0.0338,95.075,4.0,https://api.spotify.com/v1/tracks/0nNocEvNLEXbkUkbMBM1Fo,track_20,5.0,spotify:track:0nNocEvNLEXbkUkbMBM1Fo,0.415,track
0.0682,0Zd10MKN5j9KwUST0TdBBB,https://api.spotify.com/v1/audio-analysis/3JdDBUiZ1UJv7J7RQqxEFF,['6vWDO969PvNqNYHIOW5v0m'],Lorde,"['AD', 'AE', 'AR', 'AU', 'BE', 'BG', 'BH', 'BO', 'BR', 'CA', 'CL', 'CO', 'CR', 'CY', 'CZ', 'DK', 'DO', 'DZ', 'EC', 'EE', 'EG', 'ES', 'FI', 'FR', 'GB', 'GR', 'GT', 'HK', 'HN', 'HU', 'ID', 'IE', 'IL', 'IN', 'IS', 'IT', 'JO', 'JP', 'KW', 'LB', 'LT', 'LU', 'LV', 'MA', 'MC', 'MT', 'MX', 'MY', 'NI', 'NL', 'NO', 'NZ', 'OM', 'PA', 'PE', 'PH', 'PL', 'PS', 'PT', 'PY', 'QA', 'RO', 'SA', 'SE', 'SG', 'SK', 'SV', 'TH', 'TN', 'TR', 'TW', 'US', 'UY', 'VN', 'ZA']",FI,0.796,1.0,210240.0,0.572,https://api.spotify.com/v1/tracks/3JdDBUiZ1UJv7J7RQqxEFF,3JdDBUiZ1UJv7J7RQqxEFF,7.82e-06,10.0,0.135,-7.019,"

Give it to mama
Give it, give it
Give it to my mama, oh
Give it
Give it to my mama

For some strange reason
You're done pleasin' me like it's okay, ohh
Like a perm that's been left too long (It's starts to burn)
The result is it just won't take, ohh
(I can see)
Now it's all coming so clear to me now
(I can see)
Misinterpreted all my naiveness
Was just thinking if I had no you then I can't do
My stock just went up over two million

So if you want to, you got the green light
So if you want to, you got the green light
So if you want to, you got the green light
So if you want to, you got the green light
(Give it to mama)

Go, go, go, go
Go, go, go, go
Go, go, go, go
Go, go, red light, green light

Some see me, say I should be trophied
'Cause it gets no stronger
Ladies y'all know (Yeah girl, ya'll know)
This pimp -ish gets no older
Is that a threat? (What's another threat?)
Yep! (That's another threat)
I'm immune, you can get no colder
You got the green light, you the king, right?
You holdin' up traffic, green means go!

Go, go, go, goooo
Go, go, go, goooo
Go, go, go, goooo
Go, go, red light, green light
(I said you're holdin' up traffic, green means go!)

So if you want to, you got the green light (Green light, baby)
So if you want to, you got the green light
So if you want to, you got the green light
So if you want to, you got the green light
Give it to mama

(Go, go, go, go)
Ain't no problem, you can go
I will find somebody else
(Go, go, go, go)
It's alright, I'll move along
You got the green light so you can go
Go, go, go, go
Go, go, red light, green light
I gave all I could give
My love, my heart
Now we're facing the end
From what you did from the start, my love
You're holdin' up traffic, green means go!

So if you want to, you got the green light
So if you want to, you got the green light
So if you want to, you got the green light
So if you want to, you got the green light
(Give it to mama)

(Go, go, go, go)
Ain't no problem, you can go
(Go, go, go, go)
I will find somebody else
(Go, go, go, go)
So why not move along?
(go, go, go, go)
You got the green light so you can go
(Go, go, go, go)
(Go, go, go, go)
Go, go, green light
",0.0,Green Light,pop,51.0,https://p.scdn.co/mp3-preview/5bdff8b8b235b903c8fd4dd41052df7c3059fd69?cid=b3cdb16d0df2409abf6a8f6c2f6c2e0c,0.0634,107.045,4.0,https://api.spotify.com/v1/tracks/3JdDBUiZ1UJv7J7RQqxEFF,track_31,3.0,spotify:track:3JdDBUiZ1UJv7J7RQqxEFF,0.726,track
0.952,41p4FJy6Y6BvuZymMfHrxE,https://api.spotify.com/v1/audio-analysis/39gSUIUoI7s2ynH6WYBiqD,['6MERXsiRbur2oJZFgYRDKz'],Dua Lipa,"['AD', 'AE', 'AR', 'AT', 'AU', 'BE', 'BG', 'BH', 'BO', 'BR', 'CA', 'CH', 'CL', 'CO', 'CR', 'CY', 'CZ', 'DE', 'DK', 'DO', 'DZ', 'EC', 'EE', 'EG', 'ES', 'FI', 'FR', 'GB', 'GR', 'GT', 'HK', 'HN', 'HU', 'ID', 'IE', 'IL', 'IN', 'IS', 'IT', 'JO', 'JP', 'KW', 'LB', 'LI', 'LT', 'LU', 'LV', 'MA', 'MC', 'MT', 'MX', 'MY', 'NI', 'NL', 'NO', 'NZ', 'OM', 'PA', 'PE', 'PH', 'PL', 'PS', 'PT', 'PY', 'QA', 'RO', 'SA', 'SE', 'SG', 'SK', 'SV', 'TH', 'TN', 'TR', 'TW', 'US', 'UY', 'VN', 'ZA']",FI,0.67,1.0,210680.0,0.178,https://api.spotify.com/v1/tracks/39gSUIUoI7s2ynH6WYBiqD,39gSUIUoI7s2ynH6WYBiqD,0.456,11.0,0.249,-13.62,"

It's a lonely feelin', wavin' you goodbye
I don't know what I'm leavin' until the moment is gone

Checkin' in, never checkin' out
I get tired, kinda grumpy
But I'm never in doubt that you've got my back
When I see you again

Sometimes it's like nothin' is going my way
Even though I know I'm getting up on that stage
But now that I'm here, I got reason to believe
Just the sight of you is getting the best out of me
Just the sight of you is getting the best out of me

The airline lost my luggage, still got all this weight
And all the things I'm done with are showin' up again

Breakin' in but I won't break down
I get tired, kinda grumpy
But I'm never in doubt that you've got my back
When I see you again

Sometimes it's like nothin' is going my way
Even though I know I'm gettin' up on that stage
But now that I'm here, I got reason to believe
Just the sight of you is getting the best out of me
Just the sight of you is getting the best out of me
Just the sight of you is getting the best out of me

And I'll be damned if I ever forget
Just how lucky I am to be
Close to you when I need it the most
Can you hold me if I wanna leave?

Breakin' in but I won't break down
I get tired, kinda grumpy
But I'm never in doubt that you've got my back
When I see you again

Sometimes it's like nothin' is going my way
Even though I know I'm getting up on that stage
But now that I'm here, I got reason to believe
Just the sight of you is getting the best out of me
Sometimes it's like nothing is going my way
Even though I know I'm getting up on that stage
But now that I'm here, I got reason to believe
Just the sight of you is getting the best out of me
Just the sight of you is getting the best out of me
Just the sight of you is getting the best out of me
",0.0,New Rules,pop,42.0,https://p.scdn.co/mp3-preview/6bc31d224025f102abcb32d52c1eccc8b14420db?cid=b3cdb16d0df2409abf6a8f6c2f6c2e0c,0.0435,116.037,4.0,https://api.spotify.com/v1/tracks/39gSUIUoI7s2ynH6WYBiqD,track_2,3.0,spotify:track:39gSUIUoI7s2ynH6WYBiqD,0.729,track
0.12,0DZrMH5TNLqplnAOWIRHpD,https://api.spotify.com/v1/audio-analysis/5GipwXRbLdmHem0y4xXAKi,['75BOjZHMIGsRcVeahOXRlp'],Katy Perry,"['CA', 'MX', 'US']",BE,0.501,1.0,217227.0,0.619,https://api.spotify.com/v1/tracks/5GipwXRbLdmHem0y4xXAKi,5GipwXRbLdmHem0y4xXAKi,0.0111,2.0,0.096,-9.618,"

I've been hiding in the smallest spaces
I am dying to go, this is not my home

Freddy, come back, I know you love Vermont
But I thought I had more time
Freddy, come back, I know you love where you are
But I think I changed my mind

You say ""I will never change my ways""
You won't work for the government that lost your sister

Freddy, come back, I know you love Vermont
But I thought I had more time
Freddy, come back, I know you love where you are
But I think I changed my mind

Freddy, come back, I know you love Vermont
But I thought that I had more time
We won't go back, I know you love where you are
But I think I changed my mind
",1.0,Dark Horse,pop,21.0,https://p.scdn.co/mp3-preview/be09c3713cf67dbc36f61b9e70dc29a27ec86b8a?cid=b3cdb16d0df2409abf6a8f6c2f6c2e0c,0.0379,131.811,4.0,https://api.spotify.com/v1/tracks/5GipwXRbLdmHem0y4xXAKi,track_44,1.0,spotify:track:5GipwXRbLdmHem0y4xXAKi,0.26,track
0.59,6YuE6wbqwzvSHungRfuvk7,https://api.spotify.com/v1/audio-analysis/72PMRGgYB1mkY3TsUJZtyc,['32aFdXARUiqP81SXqIPD4w'],Britney Spears,"['AD', 'AE', 'AR', 'AT', 'AU', 'BE', 'BG', 'BH', 'BO', 'BR', 'CA', 'CH', 'CL', 'CO', 'CR', 'CY', 'CZ', 'DE', 'DK', 'DO', 'DZ', 'EC', 'EE', 'EG', 'ES', 'FI', 'FR', 'GB', 'GR', 'GT', 'HK', 'HN', 'HU', 'ID', 'IE', 'IL', 'IN', 'IS', 'IT', 'JO', 'JP', 'KW', 'LB', 'LI', 'LT', 'LU', 'LV', 'MA', 'MC', 'MT', 'MX', 'MY', 'NI', 'NL', 'NO', 'NZ', 'OM', 'PA', 'PE', 'PH', 'PL', 'PS', 'PT', 'PY', 'QA', 'RO', 'SA', 'SE', 'SG', 'SK', 'SV', 'TH', 'TN', 'TR', 'TW', 'US', 'UY', 'VN', 'ZA']",FI,0.62,1.0,267227.0,0.291,https://api.spotify.com/v1/tracks/72PMRGgYB1mkY3TsUJZtyc,72PMRGgYB1mkY3TsUJZtyc,0.000104,8.0,0.0665,-11.858,"
Baby, can't you see
I'm calling
A guy like you
Should wear a warning
It's dangerous
I'm fallin'
There's no escape
I can't wait
I need a hit
Baby, give me it
You're dangerous
I'm lovin' it
Too high
Can't come down
Losing my head
Spinning 'round and 'round
Do you feel me now
With the taste of your lips
I'm on a ride
You're toxic I'm slipping under
Taste of your poison paradise
I'm addicted to you
Don't you know that you're toxic
And I love what you do
Don't you know that you're toxic
It's getting late
To give you up
I took a sip
From my devil's cup
Slowly
It's taking over me
Too high
Can't come down
It's in the air
And it's all around
Can you feel me now
With the taste of your lips
I'm on a ride
You're toxic I'm slipping under
Taste of your poison paradise
I'm addicted to you
Don't you know that you're toxic
Intoxicate me now
With your lovin' now
I think I'm ready now
Think I'm ready now
Intoxicate me now
With your lovin' now
I think I'm ready now
Think I'm ready now
Intoxicate me now
With your lovin' now
I think I'm ready now
Think I'm ready now
Intoxicate me now
Now
Now
With a taste of your lips
I'm on a ride
",1.0,Toxic,pop,48.0,https://p.scdn.co/mp3-preview/e5265b4d3e291a506476f6cd89129f988e008349?cid=b3cdb16d0df2409abf6a8f6c2f6c2e0c,0.0567,120.02,4.0,https://api.spotify.com/v1/tracks/72PMRGgYB1mkY3TsUJZtyc,track_48,11.0,spotify:track:72PMRGgYB1mkY3TsUJZtyc,0.187,track
0.0102,48Dn2TSX2I9sav0syJgsEH,https://api.spotify.com/v1/audio-analysis/5Ve2oJUFYFpqkYiOB9LODB,['1nRfyHvAh1foLjOCa3hbv7'],Shawn Mendes,"['AD', 'AE', 'AR', 'AT', 'AU', 'BE', 'BG', 'BH', 'BO', 'BR', 'CA', 'CH', 'CL', 'CO', 'CR', 'CY', 'CZ', 'DE', 'DK', 'DO', 'DZ', 'EC', 'EE', 'EG', 'ES', 'FI', 'FR', 'GB', 'GR', 'GT', 'HK', 'HN', 'HU', 'ID', 'IE', 'IL', 'IN', 'IS', 'IT', 'JO', 'JP', 'KW', 'LB', 'LI', 'LT', 'LU', 'LV', 'MA', 'MC', 'MT', 'MX', 'MY', 'NI', 'NL', 'NO', 'NZ', 'OM', 'PA', 'PE', 'PH', 'PL', 'PS', 'PT', 'PY', 'QA', 'RO', 'SA', 'SE', 'SG', 'SK', 'SV', 'TH', 'TN', 'TR', 'TW', 'US', 'UY', 'VN', 'ZA']",BE,0.432,1.0,187750.0,0.923,https://api.spotify.com/v1/tracks/5Ve2oJUFYFpqkYiOB9LODB,5Ve2oJUFYFpqkYiOB9LODB,0.0,1.0,0.101,-4.36,"

I been movin' calm, don't start no trouble with me
Tryna keep it peaceful is a struggle for me
Don't pull up at 6 AM to cuddle with me
You know how I like it when you lovin' on me
I don't wanna die for them to miss me
Yes, I see the things that they wishin' on me
Hope I got some brothers that outlive me
They gon' tell the story, shit was different with me

God's plan, God's plan
I hold back, sometimes I won't
I feel good, sometimes I don't
I finessed down Weston Road
Might go down a G.O.D
I go hard on Southside G
I make sure that north-side eat

And still
Bad things
It's a lot of bad things
That they wishin' and wishin' and wishin' and wishin'
They wishin' on me
Bad things
It's a lot of bad things
That they wishin' and wishin' and wishin' and wishin'
They wishin' on me

She said, ""Do you love me?"" I tell her, ""Only partly""
I only love my bed and my momma, I'm sorry
Fifty Dub, I even got it tatted on me
81, they'll bring the crashers to the party
And you know me
Turn the O2 into the O3, dog
Without 40, Oli, there’d be no me
Imagine if I never met the broskies

God's plan, God's plan
I hold back, sometimes I won't
I feel good, sometimes I don't
I finessed down Weston Road
Might go down a G.O.D
I go hard on Southside G
I make sure that north-side eat

And still
Bad things
It's a lot of bad things
That they wishin' and wishin' and wishin' and wishin'
They wishin' on me

It's a lot of bad things that they wishin' on me
Bad things
It's a lot of bad things that they wishin' on me
It's a lot of bad things that they wishin' on me
",1.0,Treat You Better,pop,41.0,https://p.scdn.co/mp3-preview/97aeecfbdb881d9739e792dc7fb2e0a363c67473?cid=b3cdb16d0df2409abf6a8f6c2f6c2e0c,0.241,180.128,4.0,https://api.spotify.com/v1/tracks/5Ve2oJUFYFpqkYiOB9LODB,track_15,1.0,spotify:track:5Ve2oJUFYFpqkYiOB9LODB,0.526,track
0.0296,6MEqGmQZkuoZIXl0WlV9Nh,https://api.spotify.com/v1/audio-analysis/72jGj8k9C7DIQesDYenUT3,['7gOdHgIoIKoe4i9Tta6qdD'],Jonas Brothers,['US'],BE,0.667,1.0,175093.0,0.954,https://api.spotify.com/v1/tracks/72jGj8k9C7DIQesDYenUT3,72jGj8k9C7DIQesDYenUT3,0.0,2.0,0.331,-3.462,"

I'm hot, you're cold
You go around like you know
Who I am, but you don't
You've got me on my toes

I'm slipping into the lava
And I'm trying to keep from going under
Baby, who turned the temperature hotter?
'Cause I'm burnin' up, burnin' up for you, baby
Come on, girl

I fell (I fell) so fast (So fast)
Can't hold myself back
High heels (High heels), red dress (Red dress)
All by yourself, gotta catch my breath

I'm slipping into the lava
And I'm trying to keep from going under
Baby, who turned the temperature hotter?
'Cause I'm burnin' up, burnin' up for you, baby

Walk in the room, all I can see is you, oh
Staring me down, I know you feel it, too

I'm slipping into the lava
And I'm trying to keep from going under
Baby, who turned the temperature hotter?
'Cause I'm burnin' up, burnin' up for you, baby

Slipping into the lava
And I'm trying to keep from going under
Baby, who turned the temperature hotter?
'Cause I'm burnin' up, burnin' up for you, baby

Yo, we're burning up in this place tonight
Your Brothers sing it loud (And we're feeling right)
Get up and dance (Don't try and fight it)
Big Rob's for real (And that's no lie)
Stop, drop and roll (And touch the floor)
(It keeps on burnin' up) more and more
I got JB with me (Laying it down)
Come on boys, let’s bring the chorus around

I'm slipping into the lava
And I'm trying to keep from going under (Yeah)
Baby, who turned the temperature hotter? (Come on, man)
'Cause I'm burnin' up, burnin' up for you, baby

Burnin' up (Sup?), burnin' up for you, baby
",1.0,Burnin' Up,pop,75.0,https://p.scdn.co/mp3-preview/e2edfa3324c07d891a7b2001db0ab3b096e75a9b?cid=b3cdb16d0df2409abf6a8f6c2f6c2e0c,0.0817,114.0,4.0,https://api.spotify.com/v1/tracks/72jGj8k9C7DIQesDYenUT3,track_3,2.0,spotify:track:72jGj8k9C7DIQesDYenUT3,0.807,track
0.569,42uXnfr69zoPYoudG0wBNc,https://api.spotify.com/v1/audio-analysis/3hdZnjc5VQwjQiePLh0Q99,['6MERXsiRbur2oJZFgYRDKz'],The Weeknd,"['AD', 'AE', 'AR', 'AT', 'AU', 'BE', 'BG', 'BH', 'BO', 'BR', 'CA', 'CH', 'CL', 'CO', 'CR', 'CY', 'CZ', 'DE', 'DK', 'DO', 'DZ', 'EC', 'EE', 'EG', 'ES', 'FI', 'FR', 'GB', 'GR', 'GT', 'HK', 'HN', 'HU', 'ID', 'IE', 'IL', 'IN', 'IS', 'IT', 'JO', 'JP', 'KW', 'LB', 'LI', 'LT', 'LU', 'LV', 'MA', 'MC', 'MT', 'MX', 'MY', 'NI', 'NL', 'NO', 'NZ', 'OM', 'PA', 'PE', 'PH', 'PL', 'PS', 'PT', 'PY', 'QA', 'RO', 'SA', 'SE', 'SG', 'SK', 'SV', 'TH', 'TN', 'TR', 'TW', 'US', 'UY', 'VN', 'ZA']",FI,0.517,1.0,233080.0,0.379,https://api.spotify.com/v1/tracks/3hdZnjc5VQwjQiePLh0Q99,3hdZnjc5VQwjQiePLh0Q99,0.252,7.0,0.342,-9.85,"

It's a lonely feelin', wavin' you goodbye
I don't know what I'm leavin' until the moment is gone

Checkin' in, never checkin' out
I get tired, kinda grumpy
But I'm never in doubt that you've got my back
When I see you again

Sometimes it's like nothin' is going my way
Even though I know I'm getting up on that stage
But now that I'm here, I got reason to believe
Just the sight of you is getting the best out of me
Just the sight of you is getting the best out of me

The airline lost my luggage, still got all this weight
And all the things I'm done with are showin' up again

Breakin' in but I won't break down
I get tired, kinda grumpy
But I'm never in doubt that you've got my back
When I see you again

Sometimes it's like nothin' is going my way
Even though I know I'm gettin' up on that stage
But now that I'm here, I got reason to believe
Just the sight of you is getting the best out of me
Just the sight of you is getting the best out of me
Just the sight of you is getting the best out of me

And I'll be damned if I ever forget
Just how lucky I am to be
Close to you when I need it the most
Can you hold me if I wanna leave?

Breakin' in but I won't break down
I get tired, kinda grumpy
But I'm never in doubt that you've got my back
When I see you again

Sometimes it's like nothin' is going my way
Even though I know I'm getting up on that stage
But now that I'm here, I got reason to believe
Just the sight of you is getting the best out of me
Sometimes it's like nothing is going my way
Even though I know I'm getting up on that stage
But now that I'm here, I got reason to believe
Just the sight of you is getting the best out of me
Just the sight of you is getting the best out of me
Just the sight of you is getting the best out of me
",0.0,Starboy,pop,40.0,https://p.scdn.co/mp3-preview/2399a9e70b5c83c5d1a297d596a57ddb36d3adca?cid=b3cdb16d0df2409abf6a8f6c2f6c2e0c,0.0347,93.033,4.0,https://api.spotify.com/v1/tracks/3hdZnjc5VQwjQiePLh0Q99,track_9,1.0,spotify:track:3hdZnjc5VQwjQiePLh0Q99,0.38,track
0.447,6LjgGmDCBVBytn5y0YJWSD,https://api.spotify.com/v1/audio-analysis/3d6wj2ovA7c0fqLrKQD3H2,['3Ek1EdkcbRFvSDJj9j5JXQ'],Rihanna,"['AD', 'AE', 'AT', 'AU', 'BE', 'BG', 'BH', 'CH', 'CY', 'CZ', 'DE', 'DK', 'DZ', 'EE', 'EG', 'ES', 'FI', 'FR', 'GR', 'HK', 'HU', 'ID', 'IL', 'IS', 'IT', 'JO', 'KW', 'LB', 'LI', 'LT', 'LU', 'LV', 'MA', 'MC', 'MT', 'MY', 'NL', 'NO', 'NZ', 'OM', 'PH', 'PL', 'PT', 'QA', 'RO', 'SA', 'SE', 'SG', 'SK', 'TH', 'TN', 'TR', 'TW', 'VN', 'ZA']",FI,0.644,1.0,187533.0,0.879,https://api.spotify.com/v1/tracks/3d6wj2ovA7c0fqLrKQD3H2,3d6wj2ovA7c0fqLrKQD3H2,1.27e-06,10.0,0.127,-3.716,"
You had my heart
And we'll never be worlds apart
Oh Maybe in magazines
But you'll still be my star
Baby 'cause in the dark
You can't see shiny cars
And that's when you need me there
With you I'll always share
Because
When the sun shines, we'll shine together
Told you I'll be here forever
That I'll always be your friend
Took an oath I'm a stick it out 'till the end
Now that it's raining more than ever
Know that we'll still have each other
You can stand under my umbrella
You can stand under my umbrella
You can stand under my umbrella
Hey, hey, hey, hey
These fancy things
Will never come in between
You're part of my entity
Here for infinity
When the war has took it's part
When the world has dealt it's cards
If the hand is hard
Together we'll mend your heart
Because
When the sun shines, we'll shine together
Told you I'll be here forever
That I'll always be your friend
Took an oath I'm a stick it out 'till the end
Now that it's raining more than ever
Know that we'll still have each other
You can stand under my umbrella
You can stand under my umbrella
You can stand under my umbrella
Hey, hey, hey, hey, hey
You can run into my arms
It's okay, don't be alarmed
Come into me
There's no distance in between our love
So Gonna let the rain pour
I'll be all you need and more
You can stand, you can stand
You can stand, you can stand
You can you can, stand stand
When the sun shines, we'll shine together
Told you I'll be here forever
That I'll always be your friend
Took an oath I'm a stick it out 'till the end
Now that it's raining more than ever
Know that we'll still have each other
You can stand under my own umbrella
You can stand under my own umbrella
You can stand under my own umbrella
Hey, hey, hey, hey, hey
When the sun shines, we'll shine together
Told you I'll be here forever
That I'll always be your friend
Took an oath I'm a stick it out 'till the end
Now that it's raining more than ever
Know that we'll still have each other
You can stand under my umbrella
You can stand under my umbrella
You can stand, you can stand, you can stand
You can stand, you can stand, you can stand
You can stand, you can stand, you can stand
Oh, oh, oh, oh (Oh you can stand)
You can stand, you can stand, you can stand (Oh you can stand)
You can stand, you can stand, you can stand (Oh you can stand)
You can stand, you can stand, you can stand
Under my umbrella
You can stand, you can stand, you can stand
Umbrella
",1.0,Umbrella,pop,40.0,https://p.scdn.co/mp3-preview/d726e524ab4dd05161268b11fd435a374b48a01a?cid=b3cdb16d0df2409abf6a8f6c2f6c2e0c,0.0458,106.056,4.0,https://api.spotify.com/v1/tracks/3d6wj2ovA7c0fqLrKQD3H2,track_27,1.0,spotify:track:3d6wj2ovA7c0fqLrKQD3H2,0.926,track
0.0973,3cPb7WoJvMKZdJNL9nU2UT,https://api.spotify.com/v1/audio-analysis/7v5fIXqgB0nd5KgekRDe4M,"['5AUTN6tMncnOnYgJK1VM6K', '5bzWtCkjIAMgN93gLt56SO', '6veh5zbFpm31XsPdjBgPER', '6qFbBE8ubS4NxtxVPytxG5']",Ed Sheeran,"['AD', 'AE', 'AR', 'AT', 'AU', 'BE', 'BG', 'BH', 'BO', 'BR', 'CA', 'CH', 'CL', 'CO', 'CR', 'CY', 'CZ', 'DE', 'DK', 'DO', 'DZ', 'EC', 'EE', 'EG', 'ES', 'FI', 'FR', 'GB', 'GR', 'GT', 'HK', 'HN', 'HU', 'ID', 'IE', 'IL', 'IN', 'IS', 'IT', 'JO', 'JP', 'KW', 'LB', 'LI', 'LT', 'LU', 'LV', 'MA', 'MC', 'MT', 'MX', 'MY', 'NI', 'NL', 'NO', 'NZ', 'OM', 'PA', 'PE', 'PH', 'PL', 'PS', 'PT', 'PY', 'QA', 'RO', 'SA', 'SE', 'SG', 'SK', 'SV', 'TH', 'TN', 'TR', 'TW', 'US', 'UY', 'VN', 'ZA']",FI,0.848,1.0,208333.0,0.809,https://api.spotify.com/v1/tracks/7v5fIXqgB0nd5KgekRDe4M,7v5fIXqgB0nd5KgekRDe4M,0.0024,7.0,0.346,-2.075,"

Oh, oh, oh (vai)
Oh, oh (hmm)
Agora, agora vai

I wanna dance
All in a trance
All over, 'round the world
'Cause I want to, I want to
I wanna dance
All in a trance
All over, 'round the world
'Cause I want to, I want to

One time for the girls that's marching forward
Two times for the boys that's walking forward
Three times for the ones, do what they want to
Each time, when am I do what I want to

I can do what I want to, I'm so nonchalant too
We global, from L.A. to Paris, São Paulo
Eu faço o que eu quero, eu sou muito loc'
Tô no mundo inteiro, São Paulo pro top'

You're perfect (Oh, oh, oh)
Now work it (Oh, oh, oh)
You're perfect (Oh, oh, oh)
All around the world
You're perfect (Oh, oh, oh)
Now work it (Oh, oh, oh)
You're perfect (Oh, oh, oh)
All around the (Ih caraca!)

Hey (vai), hey (vai), hey (vai), hey (vai), hey (vai), hey (vai)
All around the
Hey (vai), hey (vai), hey (vai), hey (vai), hey (vai), hey (vai)
All around the (Ih caraca!)

I wanna dance
All in a trance
All over, 'round the world
'Cause I want to, I want to
I wanna dance
All in a trance
All over, 'round the world
'Cause I want to, I want to

All of the things I want, no need to hide from
No need to hide from, set my soul on fire from (up, up)
All of the things I want I'm willing to die for
Willing to die for, I've been willing to die for

I can do what I want to, I'm so nonchalant too
We global, from LA to Paris, São Paulo
Eu faço o que eu quero, eu sou muito loc'
Tô no mundo inteiro, São Paulo pro top'

You're perfect (Oh, oh, oh)
Now work it (Oh, oh, oh)
You're perfect (Oh, oh, oh)
All around the world
You're perfect (Oh, oh, oh)
Now work it (Oh, oh, oh)
You're perfect (Oh, oh, oh)
All around the (Ih caraca!)

Hey (vai), hey (vai), hey (vai), hey (vai), hey (vai), hey (vai)
All around the
Hey (vai), hey (vai), hey (vai), hey (vai), hey (vai), hey (vai)
All around the (Ih caraca!)

Oh, oh, oh, oh, oh, oh, oh (vai)
Oh, oh, oh, oh, oh
Agora, agora vai
Oh, oh, oh, oh, oh, oh, oh (vai)
Oh, oh, oh, oh, oh
Agora, agora vai

You're perfect (Oh, oh, oh)
Now work it (Oh, oh, oh)
You're perfect (Oh, oh, oh)
All around the world
You're perfect (Oh, oh, oh)
Now work it (Oh, oh, oh)
You're perfect (Oh, oh, oh)
All around the
World

World, world, world, world, world, world, world, world
Hey (vai), hey (vai), hey (vai), hey (vai), hey (vai), hey (vai)
All around the
World, world, world, world, world, world, world, world
Hey (vai), hey (vai), hey (vai), hey (vai), hey (vai), hey (vai)
Nós tá no mundo inteiro
",1.0,Perfect,pop,52.0,https://p.scdn.co/mp3-preview/8e4d360b16017f873a15d789a9db209ed026c90e?cid=b3cdb16d0df2409abf6a8f6c2f6c2e0c,0.0646,128.08,4.0,https://api.spotify.com/v1/tracks/7v5fIXqgB0nd5KgekRDe4M,track_33,1.0,spotify:track:7v5fIXqgB0nd5KgekRDe4M,0.912,track
0.0769,4Dgw0AKQiy9MskTuL3N2jS,https://api.spotify.com/v1/audio-analysis/32mJZWc3Z1XafRPdqKsdsp,['2GZHmWUQnKMycWLleLn6UH'],Dua Lipa,"['AD', 'AE', 'AR', 'AT', 'AU', 'BE', 'BG', 'BH', 'BO', 'BR', 'CA', 'CH', 'CL', 'CO', 'CR', 'CY', 'CZ', 'DE', 'DK', 'DO', 'DZ', 'EC', 'EE', 'EG', 'ES', 'FI', 'FR', 'GB', 'GR', 'GT', 'HK', 'HN', 'HU', 'ID', 'IE', 'IL', 'IS', 'IT', 'JO', 'JP', 'KW', 'LB', 'LI', 'LT', 'LU', 'LV', 'MA', 'MC', 'MT', 'MX', 'MY', 'NI', 'NL', 'NO', 'NZ', 'OM', 'PA', 'PE', 'PH', 'PL', 'PS', 'PT', 'PY', 'QA', 'RO', 'SA', 'SE', 'SG', 'SK', 'SV', 'TH', 'TN', 'TR', 'TW', 'US', 'UY', 'VN', 'ZA']",FI,0.762,1.0,150508.0,0.696,https://api.spotify.com/v1/tracks/32mJZWc3Z1XafRPdqKsdsp,32mJZWc3Z1XafRPdqKsdsp,0.0,6.0,0.287,-6.133,"

I can see that you're jealous as fuck
But I think you're having fun
'Cause when you see him talking me up
You know you picked a good one
And when I think that I've had enough
Straight to you I'll run
I might look, but I'm not gonna touch
Next to you there's no one

Come on, baby, let it go
Not tripping on your ego
I'm never gonna let you go
I just wanna let you know
I'm giving you a free throw
I'm never gonna let you go

Nothing's gonna change my heart
Nothing's gonna change this story
Nothing's gonna stop the way
I'm thinking 'bout you all the time
Nothing's gonna change my heart
Baby, you don't have to worry
Even if you go and change the world
You still can't change my mind
No, nothing's gonna change my heart
Nothing's gonna change my heart
Nothing's gonna change my heart
Nothing's gonna change my heart
No, nothing's gonna change my heart

Even though I'll be flirting all night
I swear I'm not a traitor
I can tell by the laugh in your eyes
You know you're not in danger
So come on and show up any time
Kiss me like a stranger
Got no problem leaving him behind
It's you I wanna savour

Come on, baby, let it go
Not tripping on your ego
I'm never gonna let you go

Nothing's gonna change my heart
Nothing's gonna change this story
Nothing's gonna stop the way
I'm thinking 'bout you all the time
Nothing's gonna change my heart
Baby, you don't have to worry
Even if you go away and change the world
You still can't change my mind
No, nothing's gonna change my heart
Nothing's gonna change my heart
Nothing's gonna change my heart
Nothing's gonna change my heart
No, nothing's gonna change my heart

Nothing's gonna change my heart
Nothing's gonna change this story
Nothing's gonna stop the way
I'm thinking 'bout you all the time
Nothing's gonna change my heart
Baby, you don't have to worry
Even if you go away and change the world
You still can't change my mind
",1.0,Physical,pop,39.0,https://p.scdn.co/mp3-preview/b753a1417501d899d559611f689e3ea6536d7715?cid=b3cdb16d0df2409abf6a8f6c2f6c2e0c,0.148,117.984,4.0,https://api.spotify.com/v1/tracks/32mJZWc3Z1XafRPdqKsdsp,track_20,1.0,spotify:track:32mJZWc3Z1XafRPdqKsdsp,0.65,track
0.695,0GhppB5IFroTmdP5HxQKE0,https://api.spotify.com/v1/audio-analysis/7xjAwB2IYFDCs2B1aCrKAA,"['66Fb5gJ9SX2WGlqDLUpjux', '7lPWuLostTtlIShgm4wpf0']",Katy Perry,"['AD', 'AE', 'AR', 'AT', 'AU', 'BE', 'BG', 'BH', 'BO', 'BR', 'CA', 'CH', 'CL', 'CO', 'CR', 'CY', 'CZ', 'DE', 'DK', 'DO', 'DZ', 'EC', 'EE', 'EG', 'ES', 'FI', 'FR', 'GB', 'GR', 'GT', 'HK', 'HN', 'HU', 'ID', 'IE', 'IL', 'IN', 'IS', 'IT', 'JO', 'JP', 'KW', 'LB', 'LI', 'LT', 'LU', 'LV', 'MA', 'MC', 'MT', 'MX', 'MY', 'NI', 'NL', 'NO', 'NZ', 'OM', 'PA', 'PE', 'PH', 'PL', 'PS', 'PT', 'PY', 'QA', 'RO', 'SA', 'SE', 'SG', 'SK', 'SV', 'TH', 'TN', 'TR', 'TW', 'US', 'UY', 'VN', 'ZA']",BE,0.64,1.0,196362.0,0.394,https://api.spotify.com/v1/tracks/7xjAwB2IYFDCs2B1aCrKAA,7xjAwB2IYFDCs2B1aCrKAA,0.0,5.0,0.0741,-7.258,"
I used to bite my tongue and hold my breath
Scared to rock the boat and make a mess
So I sat quietly, agreed politely
I guess that I forgot I had a choice
I let you push me past the breaking point
I stood for nothing, so I fell for everything
You held me down, but I got up
Already brushing off the dust
You hear my voice, your hear that sound
Like thunder, gonna shake your ground
You held me down, but I got up
Get ready cause I’ve had enough
I see it all, I see it now
I got the eye of the tiger, the fighter, dancing through the fire
Cause I am a champion and you’re gonna hear me ROAR
Louder, louder than a lion
Cause I am a champion and you’re gonna hear me ROAR
Oh oh oh oh oh oh
You’re gonna hear me roar
Now I’m floating like a butterfly
Stinging like a bee I earned my stripes
I went from zero, to my own hero
You held me down, but I got up
Already brushing off the dust
You hear my voice, your hear that sound
Like thunder, gonna shake your ground
You held me down, but I got up
Get ready ’cause I’ve had enough
I see it all, I see it now
I got the eye of the tiger, the fighter, dancing through the fire
‘Cause I am a champion and you’re gonna hear me ROAR
Louder, louder than a lion
‘Cause I am a champion and you’re gonna hear me ROAR
Oh oh oh oh oh oh
You’re gonna hear me roar
Roar-or, roar-or, roar-or
I got the eye of the tiger, the fighter, dancing through the fire
‘Cause I am a champion and you’re gonna hear me ROAR
Louder, louder than a lion
‘Cause I am a champion and you’re gonna hear me ROAR
Oh oh oh oh oh oh
You’re gonna hear me roar
",1.0,Roar,pop,39.0,https://p.scdn.co/mp3-preview/6d9e7841f97cdb8d78df3dc94071beea181b88c5?cid=b3cdb16d0df2409abf6a8f6c2f6c2e0c,0.0263,89.963,4.0,https://api.spotify.com/v1/tracks/7xjAwB2IYFDCs2B1aCrKAA,track_63,1.0,spotify:track:7xjAwB2IYFDCs2B1aCrKAA,0.425,track
0.654,75hpZ4C8K0RVMuyTIWJtFg,https://api.spotify.com/v1/audio-analysis/1SYDHB2VvaEWJw9Grn3yrd,"['2wNlZ2Vp23Sbv1DHgizbCb', '2WWTUZ3LpcAAPhSEz3H0rg']",Ariana Grande,"['AD', 'AE', 'AR', 'AT', 'AU', 'BE', 'BG', 'BH', 'BO', 'BR', 'CA', 'CH', 'CL', 'CO', 'CR', 'CY', 'CZ', 'DE', 'DK', 'DO', 'DZ', 'EC', 'EE', 'EG', 'ES', 'FI', 'FR', 'GB', 'GR', 'GT', 'HK', 'HN', 'HU', 'ID', 'IE', 'IL', 'IN', 'IS', 'IT', 'JO', 'JP', 'KW', 'LB', 'LI', 'LT', 'LU', 'LV', 'MA', 'MC', 'MT', 'MX', 'MY', 'NI', 'NL', 'NO', 'NZ', 'OM', 'PA', 'PE', 'PH', 'PL', 'PS', 'PT', 'PY', 'QA', 'RO', 'SA', 'SE', 'SG', 'SK', 'SV', 'TH', 'TN', 'TR', 'TW', 'US', 'UY', 'VN', 'ZA']",BE,0.686,1.0,190105.0,0.488,https://api.spotify.com/v1/tracks/1SYDHB2VvaEWJw9Grn3yrd,1SYDHB2VvaEWJw9Grn3yrd,0.0,9.0,0.125,-6.73,"


Uh-huh! It's Iggy Iggs!
I got one more problem with you girl, hey!
(One less, one less problem)

Hey baby, even though I hate ya, I wanna love ya
(I want you)
And even though I can't forgive ya, I really want to
(I want you)
Tell me, tell me, baby
Why can't you leave me?
'Cause even though I shouldn't want it, I gotta have it
(I want you)

Head in the clouds
Got no weight on my shoulders
I should be wiser, and realize that I've got

One less problem without ya
I got one less problem withou
",1.0,Problem,pop,25.0,https://p.scdn.co/mp3-preview/531e4be6900aa4ba0a52952263f3bb069d05ba5b?cid=b3cdb16d0df2409abf6a8f6c2f6c2e0c,0.0354,94.983,4.0,https://api.spotify.com/v1/tracks/1SYDHB2VvaEWJw9Grn3yrd,track_65,4.0,spotify:track:1SYDHB2VvaEWJw9Grn3yrd,0.647,track
0.81,6SttZx9mS5EFiTs0SuXPxE,https://api.spotify.com/v1/audio-analysis/3NTR4e5BX8wWhDa9a9HD2c,['6TKKVFCBfak1kInOPl7hCz'],Shawn Mendes,"['AD', 'AE', 'AR', 'AT', 'AU', 'BE', 'BG', 'BH', 'BO', 'BR', 'CA', 'CH', 'CL', 'CO', 'CR', 'CY', 'CZ', 'DE', 'DK', 'DO', 'DZ', 'EC', 'EE', 'EG', 'ES', 'FI', 'FR', 'GB', 'GR', 'GT', 'HK', 'HN', 'HU', 'ID', 'IE', 'IL', 'IN', 'IS', 'IT', 'JO', 'JP', 'KW', 'LB', 'LI', 'LT', 'LU', 'LV', 'MA', 'MC', 'MT', 'MX', 'MY', 'NI', 'NL', 'NO', 'NZ', 'OM', 'PA', 'PE', 'PH', 'PL', 'PS', 'PT', 'PY', 'QA', 'RO', 'SA', 'SE', 'SG', 'SK', 'SV', 'TH', 'TN', 'TR', 'TW', 'US', 'UY', 'VN', 'ZA']",BE,0.582,1.0,194304.0,0.441,https://api.spotify.com/v1/tracks/3NTR4e5BX8wWhDa9a9HD2c,3NTR4e5BX8wWhDa9a9HD2c,0.0,6.0,0.105,-6.864,"
Here we go back, this is the moment
Tonight is the night, we'll fight till it's over
So we put our hands up like the ceiling can't hold us
Like the ceiling can't hold us
Return of the mack, get up
What it is, what it does, what it is, what it isn't
Looking for a better way to get up out of bed
Instead of getting on the internet and checking a new hit
Get up! Thrift shop pimp strut walking
Little bit of humble, little bit of cautious
Somewhere between like rocky and cosby
Sweatergang nope nope y'all can't copy
Yup. Bad, moonwalking, this here, is our party
My posse's been on broadway
And we did it, our way
Grown music, I shed my skin and put my bones into everything I record to it
And yet I'm on
Let that stage light go and shine on down
I got that bob barker suit game and plinko in my style
Money, stay on my craft and stick around for those pounds
But I do that to pass the torch and put on for my town
Trust me
On my I-n-d-e-p-e-n-d-e-n-t hustler
Chasing dreams since I was 14 with the four track bussing
Halfway cross that city with the backpack, fat cat, crushing
Labels out here
Nah they can't tell me nothing
We give that to the people
Spread it across the country
Labels out here
Nah they can't tell me nothing
We give it to the people
Spread it across the country
Here we go back, this is the moment
Tonight is the night, we'll fight till it's over
So we put our hands up like the ceiling can't hold us
Like the ceiling can't hold us
Here we go back, this is the moment
Tonight is the night, we'll fight till it's over
So we put our hands up like the ceiling can't hold us
Like the ceiling can't hold us
Nah, can I kick it. Thank you
Yeah I'm just so grateful
I grew up, really wanted gold fronts
But that's what you get when wu tang raised you
Y'all can't stop me, go hard like I got an 808 in my heart beat
And I'm eating at the beat like you gave a little speed to a great white shark on shark week
Raw. Gell me go up. gone!
Deuces goodbye. I got a world to see, and my guy he wanna see Rome
Ceasar make you a believer
Nah I never ever did it for a throne
That validation comes from giving it back to the people
Nah sing a song and it goes like
Raise those hands, this is a party
We came here to live life like nobody's watching
I got my city right behind me
If I fall, they got me then from that failure gain humility and then we keep marching you
Here we go back, this is the moment
Tonight is the night, we'll fight till it's over
So we put our hands up like the ceiling can't hold us
Like the ceiling can't hold us
Here we go back, this is the moment
Tonight is the night, we'll fight till it's over
So we put our hands up like the ceiling can't hold us
Like the ceiling can't hold us
Na na na na na na na na
Hooooooooooo
Na na na na na na na na
Hoooooooooo
Here we go back, this is the moment
Tonight is the night, we'll fight till it's over
So we put our hands up like the ceiling can't hold us
Like the ceiling can't hold us
Here we go back, this is the moment
Tonight is the night, we'll fight till it's over
So we put our hands up like the ceiling can't hold us
Like the ceiling can't hold us
",1.0,Stitches,pop,30.0,https://p.scdn.co/mp3-preview/92e1dbaaacd3602ceec491cc00c5da76936aa153?cid=b3cdb16d0df2409abf6a8f6c2f6c2e0c,0.0377,75.422,4.0,https://api.spotify.com/v1/tracks/3NTR4e5BX8wWhDa9a9HD2c,track_2,2.0,spotify:track:3NTR4e5BX8wWhDa9a9HD2c,0.681,track
0.366,3OIuzwZjpwUwyvFhSHYjj6,https://api.spotify.com/v1/audio-analysis/1ydOxBgLmEMfWffu6t4H5x,['1cZQSpDsxgKIX2yW5OR9Ot'],Michael Jackson,"['AD', 'AE', 'AR', 'AT', 'AU', 'BE', 'BG', 'BH', 'BO', 'BR', 'CA', 'CH', 'CL', 'CO', 'CR', 'CY', 'CZ', 'DE', 'DK', 'DO', 'DZ', 'EC', 'EE', 'EG', 'ES', 'FI', 'FR', 'GB', 'GR', 'GT', 'HK', 'HN', 'HU', 'ID', 'IE', 'IL', 'IN', 'IS', 'IT', 'JO', 'JP', 'KW', 'LB', 'LI', 'LT', 'LU', 'LV', 'MA', 'MC', 'MT', 'MX', 'MY', 'NI', 'NL', 'NO', 'NZ', 'OM', 'PA', 'PE', 'PH', 'PL', 'PS', 'PT', 'PY', 'QA', 'RO', 'SA', 'SE', 'SG', 'SK', 'SV', 'TH', 'TN', 'TR', 'TW', 'US', 'UY', 'VN', 'ZA']",BE,0.827,1.0,177973.0,0.613,https://api.spotify.com/v1/tracks/1ydOxBgLmEMfWffu6t4H5x,1ydOxBgLmEMfWffu6t4H5x,1.25e-05,8.0,0.093,-5.34,"

All the little gifts you gave
I call it overcompensating
Feeling just like a princess
Every answer was always yes
You had me living in a dream
Was forever long to you? (To you)
Did you say that to her too?
Making sure that I’d never know
Callin' her while the shower goes
Then crawl back in bed, it's a shame

I probably should’ve known better
I probably should’ve known better
Every word you said
Yeah, you was sweet, but you was lying
Everything you covered up
Making up, just to keep me from crying, oh

I wish that you woulda treated me bad
The truth is, you couldn’t have loved me better
Now I’m left feeling twice as sad
I wish you woulda treated me bad, bad, bad
I wish that you woulda treated me bad
Truth is, you couldn’t have loved me better
Now I’m left feeling twice as sad
I wish you woulda treated me bad, bad, bad

I wasn’t catching on to you (To you)
Blinded by your lips, so smooth (So smooth)
Excusing all of your 'gotta go's'
Leaving me to be all alone
Then you took my heart just the same

I probably should’ve known better
I probably should’ve known better
Every word you said, yeah, you was sweet, but you was lying
Everything you covered up, making up, just to keep me from crying, oh

I wish that you woulda treated me bad
The truth is, you couldn’t have loved me better
Now I’m left feeling twice as sad
I wish you woulda treated me bad, bad, bad
I wish that you woulda treated me bad
Truth is, you couldn’t have loved me better
Now I’m left feeling twice as sad
I wish you woulda treated me bad, bad, bad

Tell me the truth
Was it worth it? Was I worth it for you?
'Cause we were perfect, we working 'til you
Forgot to tell me you been seeing someone else for six years, oh

I wish that you woulda treated me bad
The truth is, you couldn’t have loved me better
Now I’m left feeling twice as sad
I wish you woulda treated me bad, bad, bad
I wish that you woulda treated me bad
Truth is, you couldn’t have loved me better
Now I’m left feeling twice as sad
I wish you woulda treated me bad, bad, bad
",1.0,Bad,pop,68.0,https://p.scdn.co/mp3-preview/13199c021daf55dc1fe604625ad033c7534a1b05?cid=b3cdb16d0df2409abf6a8f6c2f6c2e0c,0.0621,137.96,4.0,https://api.spotify.com/v1/tracks/1ydOxBgLmEMfWffu6t4H5x,track_12,1.0,spotify:track:1ydOxBgLmEMfWffu6t4H5x,0.747,track
0.0816,2X8UOIkZQdcz2Hi5Ynt2uk,https://api.spotify.com/v1/audio-analysis/7azo4rpSUh8nXgtonC6Pkq,['3fMbdgg4jU18AjLCKBhRSm'],Michael Jackson,"['AD', 'AE', 'AR', 'AT', 'AU', 'BE', 'BG', 'BH', 'BO', 'BR', 'CA', 'CH', 'CL', 'CO', 'CR', 'CY', 'CZ', 'DE', 'DK', 'DO', 'DZ', 'EC', 'EE', 'EG', 'ES', 'FI', 'FR', 'GB', 'GR', 'GT', 'HK', 'HN', 'HU', 'ID', 'IE', 'IL', 'IN', 'IS', 'IT', 'JO', 'JP', 'KW', 'LB', 'LI', 'LT', 'LU', 'LV', 'MA', 'MC', 'MT', 'MX', 'MY', 'NI', 'NL', 'NO', 'NZ', 'OM', 'PA', 'PE', 'PH', 'PL', 'PS', 'PT', 'PY', 'QA', 'RO', 'SA', 'SE', 'SG', 'SK', 'SV', 'TH', 'TN', 'TR', 'TW', 'US', 'UY', 'VN', 'ZA']",AR,0.764,1.0,358053.0,0.887,https://api.spotify.com/v1/tracks/7azo4rpSUh8nXgtonC6Pkq,7azo4rpSUh8nXgtonC6Pkq,0.000108,11.0,0.847,-3.725,"

It's close to midnight
Something evil's lurking from the dark
Under the moonlight
You see a sight that almost stops your heart
You try to scream
But terror takes the sound before you make it
You start to freeze
As horror looks you right between your eyes
You're paralyzed

'Cause this is thriller
Thriller night
And no one's gonna save you
From the beast about to strike
You know it's thriller
Thriller night
You're fighting for your life
Inside a killer
Thriller tonight, yeah, ooh

You hear the door slam
And realize there's nowhere left to run
You feel the cold hand
And wonder if you'll ever see the sun
You close your eyes
And hope that this is just imagination
Girl, but all the while
You hear a creature creeping up behind
You're out of time

'Cause this is thriller, thriller night
There ain't no second chance
Against the thing with 40 eyes, girl
(Ooh, ooh)
Thriller, thriller night
You're fighting for your life
Inside a killer, thriller tonight

Night creatures call
And the dead start to walk in their masquerade
There's no escaping the jaws of the alien this time
They're open wide
This is the end of your life, ooh

They're out to get you
There's demons closing in on every side, ooh
They will possess you
Unless you change that number on your dial
Now is the time
For you and I to cuddle close together, yeah
All through the night
I'll save you from the terror on the screen
I'll make you see

That this is thriller, thriller night
'Cause I can thrill you more
Than any ghoul would ever dare try
Thriller, thriller night
So let me hold you tight
And share a killer, thriller, chiller
Thriller here tonight
'Cause this is thriller, thriller night
Girl, I can thrill you more
Than any ghoul would ever dare try
(Ooh, ooh)
Thriller, thriller night
So let me hold you tight
And share a killer, thriller
I'm gonna thrill you tonight

Darkness falls across the land
The midnight hour is close at hand
Creatures crawl in search of blood
To terrorize y'all's neighborhood
I'm gonna thrill you tonight
And whosoever shall be found
Without the soul for getting down
Must stand and face the hounds of hell
And rot inside a corpse's shell
I'm gonna thrill you tonight
(Thriller, ooh, thriller)
I'm gonna thrill you tonight
(Thriller night, thriller)
I'm gonna thrill you tonight
Ooh, babe, I'm gonna thrill you tonight
Thriller night, babe
The foulest stench is in the air
The funk of 40 thousand years (Thriller night, thriller)
And grisly ghouls from every tomb
Are closing in to seal your doom
And though you fight to stay alive
Your body starts to shiver (I'm gonna thrill you tonight)
For no mere mortal can resist
The evil of the thriller!
AHAHAHAHAHAHAHAHA
AHAHAHAHAHAHAHAHA!
",1.0,Thriller,pop,71.0,https://p.scdn.co/mp3-preview/9f288fba4d3380b1ae25e7f88a2054d7fac0bf2d?cid=b3cdb16d0df2409abf6a8f6c2f6c2e0c,0.0738,118.421,4.0,https://api.spotify.com/v1/tracks/7azo4rpSUh8nXgtonC6Pkq,track_16,2.0,spotify:track:7azo4rpSUh8nXgtonC6Pkq,0.721,track
0.404,4Ib1mzr9xEDpZcwQmdTlAD,https://api.spotify.com/v1/audio-analysis/6UWQ9q6gNZC8AQh3otkUFa,"['3YjZTHCdNUGCIAMMXzcQjV', '3TB13jZfW4OOcbT12IOiFB']",Michael Jackson,"['AD', 'AE', 'AR', 'AT', 'AU', 'BE', 'BG', 'BH', 'BO', 'BR', 'CA', 'CH', 'CL', 'CO', 'CR', 'CY', 'CZ', 'DE', 'DK', 'DO', 'DZ', 'EC', 'EE', 'EG', 'ES', 'FI', 'FR', 'GB', 'GR', 'GT', 'HK', 'HN', 'HU', 'ID', 'IE', 'IL', 'IN', 'IS', 'IT', 'JO', 'JP', 'KW', 'LB', 'LI', 'LT', 'LU', 'LV', 'MA', 'MC', 'MT', 'MX', 'MY', 'NI', 'NL', 'NO', 'NZ', 'OM', 'PA', 'PE', 'PH', 'PL', 'PS', 'PT', 'PY', 'QA', 'RO', 'SA', 'SE', 'SG', 'SK', 'SV', 'TH', 'TN', 'TR', 'TW', 'US', 'UY', 'VN', 'ZA']",FI,0.83,1.0,234200.0,0.319,https://api.spotify.com/v1/tracks/6UWQ9q6gNZC8AQh3otkUFa,6UWQ9q6gNZC8AQh3otkUFa,0.00335,5.0,0.107,-13.887,"
No woman, no cry
No woman, no cry
No woman, no cry
No woman, no cry
Cause I remember when we used to sit
In the government yard in Trenchtown
Oba, ob-serving the hypocrites
As they would mingle with the good people we meet
Good friends we have had, oh good friends we've lost along the way
In this bright future you can't forget your past
So dry your tears I say
No woman, no cry
No woman, no cry
Little darlin' don't shed no tears
No woman, no cry
Said, said, said I remember when we used to sit
In the government yard in Trenchtown
And then Georgie would make the fire light
Log wood burnin' through the night
Then we would cook corn meal porridge
Of which I'll share with you
My feet is my only carriage
So I've got to push on through
But while I'm gone...
Ev'rything's gonna be alright
Ev'rything's gonna be alright
Ev'rything's gonna be alright
Ev'rything's gonna be alright
Ev'rything's gonna be alright
Ev'rything's gonna be alright
Ev'rything's gonna be alright
Ev'rything's gonna be alright
So, no woman, no cry
No, no woman, no woman, no cry
Oh, little darling, don't shed no tears
No woman, no cry
No woman, no woman, no woman, no cry
No woman, no cry
Oh, my little darlin' please don't shed no tears
No woman, no cry, yeah
",0.0,Beat It,pop,45.0,https://p.scdn.co/mp3-preview/586f2fa98a3d9e3edf8b7111b02b97bd4be00bae?cid=b3cdb16d0df2409abf6a8f6c2f6c2e0c,0.0439,120.017,4.0,https://api.spotify.com/v1/tracks/6UWQ9q6gNZC8AQh3otkUFa,track_39,23.0,spotify:track:6UWQ9q6gNZC8AQh3otkUFa,0.591,track
0.861,3sDhleu0YVFM5svz2JuwJi,https://api.spotify.com/v1/audio-analysis/352UHNRKcQBaGKReDvtyM4,['3sLeazIw2jhX90UbaDSYPy'],Adele,"['AD', 'AE', 'AR', 'AT', 'AU', 'BE', 'BG', 'BH', 'BO', 'BR', 'CA', 'CH', 'CL', 'CO', 'CR', 'CY', 'CZ', 'DE', 'DK', 'DO', 'DZ', 'EC', 'EE', 'EG', 'ES', 'FI', 'FR', 'GB', 'GR', 'GT', 'HK', 'HN', 'HU', 'ID', 'IE', 'IL', 'IN', 'IS', 'IT', 'JO', 'JP', 'KW', 'LB', 'LI', 'LT', 'LU', 'LV', 'MA', 'MC', 'MT', 'MX', 'MY', 'NI', 'NL', 'NO', 'NZ', 'OM', 'PA', 'PE', 'PH', 'PL', 'PS', 'PT', 'PY', 'QA', 'RO', 'SA', 'SE', 'SG', 'SK', 'SV', 'TH', 'TN', 'TR', 'TW', 'US', 'UY', 'VN', 'ZA']",AR,0.519,1.0,226457.0,0.228,https://api.spotify.com/v1/tracks/352UHNRKcQBaGKReDvtyM4,352UHNRKcQBaGKReDvtyM4,0.0,9.0,0.102,-10.922,"

We are born to light up the sun
Make the world a little bit brighter
When the door is opening up
Let it be, you shouldn't have to fight it

You gotta take it as it comes
Gotta take it as it comes
And after all is said and done
You know we've only just begun
You gotta take it as it comes

If the fire is out of control
Scented smoke over the mountain
Keep in mind, the water is close
And in time you will have found it

You gotta take it as it comes
Gotta take it as it comes
And after all is said and done
We know we've only just begun
You gotta take it as it comes

You will have found it
You gotta take it as it comes
Gotta take it as it comes
And after all is said and done
We know we've only just begun

We are born to light up the sun
Make the world a little bit brighter
When the door is opening up
Let it be, you shouldn't have to fight it
",0.0,Set Fire To The Rain,pop,62.0,https://p.scdn.co/mp3-preview/7d4ce43f3e13dd5215169229b8fb6b87349257b9?cid=b3cdb16d0df2409abf6a8f6c2f6c2e0c,0.036,175.367,4.0,https://api.spotify.com/v1/tracks/352UHNRKcQBaGKReDvtyM4,track_20,1.0,spotify:track:352UHNRKcQBaGKReDvtyM4,0.398,track
0.000553,7tPZoCFbLY5VBFrEZvrlKE,https://api.spotify.com/v1/audio-analysis/3y4KY2HvTEkFLrkHfIPWAl,"['6vWDO969PvNqNYHIOW5v0m', '3nFkdlSjzX9mRTtwJOzDYB']",Beyonce,"['AD', 'AE', 'AR', 'BG', 'BH', 'BO', 'BR', 'CL', 'CO', 'CR', 'CY', 'CZ', 'DE', 'DK', 'DO', 'DZ', 'EC', 'EE', 'EG', 'ES', 'FI', 'FR', 'GR', 'GT', 'HK', 'HN', 'HU', 'ID', 'IE', 'IL', 'IN', 'IS', 'IT', 'JO', 'JP', 'KW', 'LB', 'LT', 'LV', 'MA', 'MC', 'MT', 'MX', 'MY', 'NI', 'NL', 'NO', 'OM', 'PA', 'PE', 'PH', 'PL', 'PS', 'PT', 'PY', 'QA', 'RO', 'SA', 'SE', 'SG', 'SK', 'SV', 'TH', 'TN', 'TR', 'TW', 'UY', 'VN', 'ZA']",AR,0.646,1.0,249107.0,0.72,https://api.spotify.com/v1/tracks/3y4KY2HvTEkFLrkHfIPWAl,3y4KY2HvTEkFLrkHfIPWAl,7.61e-06,7.0,0.0556,-7.063,"

Yes! So crazy right now!
Most incredibly, it's your girl, B
It's your boy, Young
You ready?

Oh oh, oh oh, oh oh, oh no no
Oh oh, oh oh, oh oh, oh no no
Oh oh, oh oh, oh oh, oh no no
Oh oh, oh oh, oh oh, oh no no

History in the making
Part two, it's so crazy right now

I look and stare so deep in your eyes
I touch on you more and more every time
When you leave I'm begging you not to go
Call your name two, three times in a row
Such a funny thing for me to try to explain
How I'm feeling and my pride is the one to blame
'Cause I know I don't understand
Just how your love can do what no one else can

Got me looking so crazy right now
Your love's got me looking so crazy right now (Your love)
Got me looking so crazy right now
Your touch got me looking so crazy right now (Your touch)
Got me hoping you'll page me right now
Your kiss got me hoping you'll save me right now
Looking so crazy, your love's got me looking
Got me looking so crazy in love

Oh oh, oh oh, uh oh, oh no no
Oh oh, oh oh, uh oh, oh no no
Oh oh, oh oh, uh oh, oh no no
Oh oh, oh oh, uh oh, oh no no

When I talk to my friends so quietly
""Who he think he is?"" Look at what you did to me
Tennis shoes, don't even need to buy a new dress
If you ain't there, ain't nobody else to impress
It's the way that you know what I thought I knew
It's the beat that my heart skips when I'm with you
But I still don't understand
Just how your love can do what no one else can

Got me looking so crazy right now
Your love's got me looking so crazy right now (Oh, crazy)
Got me looking so crazy right now (Your love)
Your touch got me looking so crazy right now (Oh)
Got me hoping you'll page me right now (Hey)
Your kiss got me hoping you'll save me right now (Hey)
Looking so crazy, your love's got me looking
Got me looking so crazy in love
I'm looking so crazy, your love's got me looking
Got me looking so crazy in love

I'm warmed up now, let's go
Young Hov, y'all know when the flow is loco
Young B and the R-O-C, uh oh (Oh)
O.G. Big Homie, the one and only (Oh no)
Stick bony, but the pockets is fat like Tony Soprano (Oh, no)
The ROC handle like Van Exel
I shake phonies man you can't get next to
The genuine article, I do not sing though
I sling though, If anything I bling yo
A star like Ringo, war like a Green Beret
Crazy, bring ya whole set
JAY-Z in the Range, crazy and deranged
They can't figure him out, they like, ""Hey, is he insane?"" (Oh, no)
Yes sir, I'm cut from a different cloth
My texture is the best fur: chinchilla
I've been iller than chain smokers
How you think I got the name Hova?
I been realer, the game's over
Fall back Young, ever since I made the change over
To platinum, the game's been a wrap, one

Got me looking, so crazy, my baby
I'm not myself lately, I'm foolish, I don't do this
I've been playing myself, baby, I don't care
'Cause your love's got the best of me
And baby you're making a fool of me
You got me sprung and I don't care who sees
'Cause baby you got me, you got me, so crazy, baby
Hey!

Got me looking so crazy right now
Your love's got me looking so crazy right now (Your love)
Got me looking so crazy right now
Your touch got me looking so crazy right now (Your touch)
Got me hoping you'll page me right now
Your kiss got me hoping you'll save me right now
Looking so crazy, your love's got me looking
Got me looking so crazy in love
Got me looking so crazy right now
Your love's got me looking so crazy right now (Your love)
Got me looking so crazy right now
Your touch got me looking so crazy right now (Your touch)
Got me hoping you'll page me right now
Your kiss got me hoping you'll save me right now
Looking so crazy, your love's got me looking
Got me looking so crazy in love
",1.0,Crazy in Love,pop,56.0,https://p.scdn.co/mp3-preview/6d6e50462ebed94662d84509d75a3a73fbf65fec?cid=b3cdb16d0df2409abf6a8f6c2f6c2e0c,0.206,99.259,4.0,https://api.spotify.com/v1/tracks/3y4KY2HvTEkFLrkHfIPWAl,track_13,1.0,spotify:track:3y4KY2HvTEkFLrkHfIPWAl,0.64,track
0.0507,2j6cKJKK7ey6ZHG78PYEUB,https://api.spotify.com/v1/audio-analysis/3aBUaY8sq3v4N872BTBPfT,['4qCKUiCnxl18wGx7Bvk5fD'],Olivia Rodrigo,"['AD', 'AE', 'AR', 'AT', 'AU', 'BE', 'BG', 'BH', 'BO', 'BR', 'CA', 'CH', 'CL', 'CO', 'CR', 'CY', 'CZ', 'DE', 'DK', 'DO', 'DZ', 'EC', 'EE', 'EG', 'ES', 'FI', 'FR', 'GB', 'GR', 'GT', 'HK', 'HN', 'HU', 'ID', 'IE', 'IL', 'IN', 'IS', 'IT', 'JO', 'JP', 'KW', 'LB', 'LI', 'LT', 'LU', 'LV', 'MA', 'MC', 'MT', 'MX', 'MY', 'NI', 'NL', 'NO', 'NZ', 'OM', 'PA', 'PE', 'PH', 'PL', 'PS', 'PT', 'PY', 'QA', 'RO', 'SA', 'SE', 'SG', 'SK', 'SV', 'TH', 'TN', 'TR', 'TW', 'US', 'UY', 'VN', 'ZA']",AR,0.571,1.0,203040.0,0.746,https://api.spotify.com/v1/tracks/3aBUaY8sq3v4N872BTBPfT,3aBUaY8sq3v4N872BTBPfT,0.0,7.0,0.169,-6.496,"

Lamb lamb love
Gonna hit some pam! pam!
All we need is get some of it
Need to get drunk
I’m here to say hello
Watch above and below
Guns under pillows
Never helped just call your mama
We’ll drink all of it
Don’t need a plumber
We’re gonna empty it
Just like a vampire
Lovely lambs, gonna eat you yum, yum
Chew you like a gum, gum
Drink your blood like a soda

I’m here to build up an empire
'Cause I’m a vampire
Better hide in a bunker
Gonna cook you with pepper and lime
Watch out for my jawline
Gonna need to be filled up
And if you run I will walk, we will always find ya
And if you climb up walls, I can always reach ya
I’m here to build up an empire
'Cause I'm a vampire
'Cause I'm a vamp

You-You'll find your place in it
Got a huge stomach
It’ll be warm and sweet
Lime and coconut
Is it an exodus?
You can’t escape from us
Get used to this
Got a new terminus
Call your grandmama
And all the friends you got
I’m the new dracula
We need a hangover
I’m gonna fill this cup
With some of you're ketchup
We gonna drink it up
Until the final drop

I’m here to build up an empire
'Cause I’m a vampire
Better hide in a bunker
Gonna cook you with pepper and lime
Watch out for my jawline
Gonna need to be filled up
And if you run I will walk, we will always find ya
And if you climb up walls, I can always reach ya
I’m here to build up an empire
'Cause I'm a vampire
'Cause I'm a vamp

Lone lone love
Gonna hit some pom pom
All we need is get some
All we need is get drunk
We'll drink all of it
We're gonna empty it
Gonna eat you yum, yum
Chew you like a gum, gum

I’m here to build up an empire
'Cause I’m a vampire
Better hide in a bunker
Gonna cook you with pepper and lime
Watch out for my jawline
Gonna need to be filled up
And if you run I will walk, we will always find ya
And if you climb up walls, I can always reach ya
I’m here to build up an empire
'Cause I'm a vampire
'Cause

Enna, enna
Sunza, sunza
Goma ichi, goma ichi
Enna, enna
Enza, enza
Sunza, sunza
Goma ichi, goma ichi
Enza, enza
Henna, henna
Sansa, sansa
Comi itchi, comi itchi
Henda, henda!
Henna, henna
Sansa, sansa
Comi itchi, comi itchi
Henda, henda!
(Japanese vampire language)

I’m here to build up an empire
'Cause I’m a vampire
Better hide in a bunker
Gonna cook you with pepper and lime
Watch out for my jawline
Gonna need to be filled up
I’m here to build up an empire
'Cause I’m a vampire
Better hide in a bunker
Gonna cook you with pepper and lime
Watch out for my jawline
Gonna need to be filled up
",0.0,Vampire,pop,36.0,https://p.scdn.co/mp3-preview/6ef858afaa49e032ee6319b2389980645a2968db?cid=b3cdb16d0df2409abf6a8f6c2f6c2e0c,0.0935,174.031,4.0,https://api.spotify.com/v1/tracks/3aBUaY8sq3v4N872BTBPfT,track_5,1.0,spotify:track:3aBUaY8sq3v4N872BTBPfT,0.606,track
0.00966,0tWBtc7le3TMo1gDdGyJVI,https://api.spotify.com/v1/audio-analysis/4rmPQGwcLQjCoFq5NrTA0D,"['3hv9jJF3adDNsBSIQDqcjp', '0du5cEVh5yTK9QJze8zA0C']",Mark Ronson,['JP'],FI,0.853,1.0,270627.0,0.681,https://api.spotify.com/v1/tracks/4rmPQGwcLQjCoFq5NrTA0D,4rmPQGwcLQjCoFq5NrTA0D,5.71e-05,0.0,0.0233,-5.003,"

This hit, that ice cold
Michelle Pfeiffer, that white gold
This one, for them hood girls
Them good girls, straight masterpieces
Stylin', wilin'
Livin’ it up in the city
Got Chucks on with Saint Laurent
Gotta kiss myself I’m so pretty

I’m too hot (hot damn)
Call the police and the fireman
I’m too hot (hot damn)
Make a dragon wanna retire man
I’m too hot (hot damn)
Say my name you know who I am
I’m too hot (hot damn)
And my band 'bout that money
Break it down

Girls hit your hallelujah (Woo!)
Girls hit your hallelujah (Woo!)
Girls hit your hallelujah (Woo!)
Cause Uptown funk gon’ give it to you
Cause Uptown funk gon’ give it to you
Cause Uptown funk gon’ give it to you
Saturday night and we in the spot
Don’t believe me, just watch (come on)
Don’t believe me, just watch
Don’t believe me, just watch
Don’t believe me, just watch
Don’t believe me, just watch
Don’t believe me, just watch
Hey, hey, hey, oh!

Stop
Wait a minute
Fill my cup put some  liquor in it
Take a sip, sign the check
Julio! Get the stretch!
Ride to Harlem, Hollywood, Jackson, Mississippi
If we show up, we gon’ show out
Smoother than a fresh jar of Skippy

I’m too hot (hot damn)
Call the police and the fireman
I’m too hot (hot damn)
Make a dragon wanna retire man
I’m too hot (hot damn)
Bitch, say my name you know who I am!
I’m too hot (hot damn)
And my band 'bout that money
Break it down

Girls hit your hallelujah (Woo!)
Girls hit your hallelujah (Woo!)
Girls hit your hallelujah (Woo!)
Cause Uptown Funk gon’ give it to you
Cause Uptown Funk gon’ give it to you
Cause Uptown Funk gon’ give it to you
Saturday night and we in the spot
Don’t believe me, just watch (come on)
Don’t believe me, just watch
Don’t believe me, just watch
Don’t believe me, just watch
Don’t believe me, just watch
Don’t believe me, just watch
Hey, hey, hey, oh!

Before we leave
Lemme tell y’all a lil’ something
Uptown Funk you up, Uptown Funk you up
Uptown Funk you up, Uptown Funk you up
I said Uptown Funk you up, Uptown Funk you up
Uptown Funk you up, Uptown Funk you up
Come on, dance
Jump on it
If you sexy then flaunt it
If you freaky then own it
Don’t brag about it, come show me
Come on, dance
Jump on it
If you sexy then flaunt it
Well it’s Saturday night and we in the spot

Don’t believe me, just watch (come on)
Don’t believe me, just watch
Don’t believe me, just watch
Don’t believe me, just watch
Don’t believe me, just watch
Don’t believe me, just watch
Hey, hey, hey, oh!

Uptown Funk you up, Uptown Funk you up (say whaa?!)
Uptown Funk you up, Uptown Funk you up
Uptown Funk you up, Uptown Funk you up (say whaa?!)
Uptown Funk you up, Uptown Funk you up
Uptown Funk you up, Uptown Funk you up (say whaa?!)
Uptown Funk you up, Uptown Funk you up
Uptown Funk you up, Uptown Funk you up (say whaa?!)
Uptown Funk you up
",1.0,Uptown Funk,pop,36.0,https://p.scdn.co/mp3-preview/f16e6a893a8a7322d2613abfd82a48f6f74a853f?cid=b3cdb16d0df2409abf6a8f6c2f6c2e0c,0.0888,115.004,4.0,https://api.spotify.com/v1/tracks/4rmPQGwcLQjCoFq5NrTA0D,track_46,1.0,spotify:track:4rmPQGwcLQjCoFq5NrTA0D,0.93,track
0.00379,43lok9zd7BW5CoYkXZs7S0,https://api.spotify.com/v1/audio-analysis/27QvYgBk0CHOVHthWnkuWt,['6tbjWDEIzxoDsBA1FuhfPW'],Madonna,"['AD', 'AE', 'AR', 'AT', 'AU', 'BG', 'BH', 'BO', 'BR', 'CA', 'CH', 'CL', 'CO', 'CR', 'CY', 'CZ', 'DE', 'DK', 'DZ', 'EC', 'EE', 'EG', 'ES', 'FI', 'FR', 'GB', 'GR', 'GT', 'HK', 'HN', 'HU', 'ID', 'IE', 'IL', 'IS', 'IT', 'JO', 'JP', 'KW', 'LB', 'LT', 'LU', 'LV', 'MA', 'MC', 'MT', 'MX', 'MY', 'NI', 'NL', 'NO', 'NZ', 'OM', 'PA', 'PE', 'PH', 'PL', 'PT', 'PY', 'QA', 'RO', 'SA', 'SE', 'SG', 'SK', 'SV', 'TH', 'TN', 'TR', 'TW', 'US', 'UY', 'ZA']",AR,0.737,1.0,316813.0,0.88,https://api.spotify.com/v1/tracks/27QvYgBk0CHOVHthWnkuWt,27QvYgBk0CHOVHthWnkuWt,0.00351,6.0,0.417,-6.449,"


Strike a pose
Strike a pose
(Vogue, vogue, vogue)
(Vogue, vogue, vogue)

Look around, everywhere you turn is heartache
It's everywhere that you go (look around)
You try everything you can to escape
The pain of life that you know (life that you know)
When all else fails and you long to be
Something better than you are today
I know a place where you can get away
It's called a dance floor, and here's what it's for, so

Come on, vogue
Let your body move to the music (move to the music)
Hey, hey, hey
Come on, vogue
Let your body go with the flow (go with the flow)
You know you can do it

All you need is your own imagination
So use it that's what it's for (that's what it's for)
Go inside, for your finest inspiration
Your dreams will open the door (open up the door)
It makes no difference if you're black or white
If you're a boy or a girl
If the music's pumping it will give you new life
You're a superstar, yes, that's what you are, you know it

Come on, vogue
Let your body move to the music (move to the music)
Hey, hey, hey
Come on, vogue
Let your body go with the flow (go with the flow)
You know you can do it

Beauty's where you find it
Not just where you bump and grind it
Soul is in the music, oh
That's where I feel so beautiful
Magical, life's a ball
So get up on the dance floor

Come on, vogue
Let your body move to the music (move to the music)
Hey, hey, hey
Come on, vogue
Let your body go with the flow (go with the flow)
You know you can do it

Vogue, (Vogue)
Beauty's where you find it (move to the music)
Vogue, (Vogue)
Beauty's where you find it (go with the flow)

Greta Garbo, and Monroe
Dietrich and DiMaggio
Marlon Brando, Jimmy Dean
On the cover of a magazine
Grace Kelly, Harlow, Jean
Picture of a beauty queen
Gene Kelly, Fred Astaire
Ginger Rogers, dance on air
They had style, they had grace
Rita Hayworth gave good face
Lauren, Katherine, Lana too
Bette Davis, we love you
Ladies with an attitude
Fellas that were in the mood
Don't just stand there, let's get to it
Strike a pose, there's nothing to it

Vogue, vogue
Vogue, vogue
(Move to the music)
Vogue, vogue
Vogue, vogue
(Go with the flow)

Oooh, you've got to
Let your body move to the music
Oooh, you've got to just
Let your body go with the flow
Oooh, you've got to just
Vogue
",1.0,Vogue,pop,66.0,https://p.scdn.co/mp3-preview/6f927c9da5cde0a408a6f939d07174e83e1fa2fc?cid=b3cdb16d0df2409abf6a8f6c2f6c2e0c,0.0433,115.998,4.0,https://api.spotify.com/v1/tracks/27QvYgBk0CHOVHthWnkuWt,track_23,3.0,spotify:track:27QvYgBk0CHOVHthWnkuWt,0.329,track
0.333,43lok9zd7BW5CoYkXZs7S0,https://api.spotify.com/v1/audio-analysis/22sLuJYcvZOSoLLRYev1s5,['6tbjWDEIzxoDsBA1FuhfPW'],Madonna,"['AD', 'AE', 'AR', 'AT', 'AU', 'BG', 'BH', 'BO', 'BR', 'CA', 'CH', 'CL', 'CO', 'CR', 'CY', 'CZ', 'DE', 'DK', 'DZ', 'EC', 'EE', 'EG', 'ES', 'FI', 'FR', 'GB', 'GR', 'GT', 'HK', 'HN', 'HU', 'ID', 'IE', 'IL', 'IS', 'IT', 'JO', 'JP', 'KW', 'LB', 'LT', 'LU', 'LV', 'MA', 'MC', 'MT', 'MX', 'MY', 'NI', 'NL', 'NO', 'NZ', 'OM', 'PA', 'PE', 'PH', 'PL', 'PT', 'PY', 'QA', 'RO', 'SA', 'SE', 'SG', 'SK', 'SV', 'TH', 'TN', 'TR', 'TW', 'US', 'UY', 'ZA']",AR,0.742,1.0,240280.0,0.883,https://api.spotify.com/v1/tracks/22sLuJYcvZOSoLLRYev1s5,22sLuJYcvZOSoLLRYev1s5,7.51e-06,0.0,0.0964,-3.419,"

Some boys kiss me, some boys hug me
I think they're okay
If they don't give me proper credit, I just walk away
They can beg and they can plead
But they can't see the light, that's right
'Cause the boy with the cold hard cash is always Mister Right

'Cause we are living in a material world
And I am a material girl
You know that we are living in a material world
And I am a material girl

Some boys romance, some boys slow dance
That's all right with me
If they can't raise my interest, then I have to let them be
Some boys try, and some boys lie
But I don't let them play, no way
Only boys that save their pennies make my rainy day

'Cause we are living in a material world
And I am a material girl
You know that we are living in a material world
And I am a material girl
Living in a material world
And I am a material girl
You know that we are living in a material world
And I am a material girl

Living in a material world (-terial)
Living in a material world
Living in a material world (-terial)
Living in a material world

Boys may come, and boys may go
And that's all right, you see
Experience has made me rich, and now they're after me

'Cause everybody's living in a material world
And I am a material girl
You know that we are living in a material world
And I am a material girl
Living in a material world
And I am a material girl
You know that we are living in a material world
And I am a material girl

A material, a material, a material, a material world
Living in a material world (-terial)
Living in a material world
Living in a material world (-terial)
Living in a material world (uh uh)
Living in a material world (-terial)
Living in a material world
Living in a material world (-terial)
Living in a material world
",1.0,Material Girl,pop,72.0,https://p.scdn.co/mp3-preview/5ff7f7b7d2af1a747da275bed3c49054c01b5b1c?cid=b3cdb16d0df2409abf6a8f6c2f6c2e0c,0.0329,136.506,4.0,https://api.spotify.com/v1/tracks/22sLuJYcvZOSoLLRYev1s5,track_32,20.0,spotify:track:22sLuJYcvZOSoLLRYev1s5,0.978,track
0.816,4ewCSFPqKZAI2mOsDWTqBs,https://api.spotify.com/v1/audio-analysis/33GUAPKqFS56qvW54hbI65,['2kfmnXYxa9yh0RkUBPjSwZ'],Ariana Grande,"['AD', 'AE', 'AR', 'AT', 'AU', 'BE', 'BG', 'BH', 'BO', 'BR', 'CA', 'CH', 'CL', 'CO', 'CR', 'CY', 'CZ', 'DE', 'DK', 'DO', 'DZ', 'EC', 'EE', 'EG', 'ES', 'FI', 'FR', 'GB', 'GR', 'GT', 'HK', 'HN', 'HU', 'ID', 'IE', 'IL', 'IN', 'IS', 'IT', 'JO', 'JP', 'KW', 'LB', 'LI', 'LT', 'LU', 'LV', 'MA', 'MC', 'MT', 'MX', 'MY', 'NI', 'NL', 'NO', 'NZ', 'OM', 'PA', 'PE', 'PH', 'PL', 'PS', 'PT', 'PY', 'QA', 'RO', 'SA', 'SE', 'SG', 'SK', 'SV', 'TH', 'TN', 'TR', 'TW', 'US', 'UY', 'VN', 'ZA']",AR,0.384,1.0,228634.0,0.216,https://api.spotify.com/v1/tracks/33GUAPKqFS56qvW54hbI65,33GUAPKqFS56qvW54hbI65,0.0,2.0,0.105,-11.372,"

It's the little white lies that keep us awake
It's the long drive home that makes people talk
It's the fear in our hearts that give us away
It's the playful fight in a swimming pool
I still think of you

Alright, I'm ready to shake things up
Dear God, this is really gonna mess her up
And I keep on praying that I'm strong enough
It's a lot for love, it's a lot for love
Alright, I'm ready to shake things up
Dear God, this is really gonna mess her up
And I keep on praying that I'm strong enough
It's a lot for love, it's a lot for love

It's the brush of my hand in a wide hallway
It's the long goodbyes that give us away
It's the song that comes on and hurts the most
It's the kiss in the car and you hate yourself
But the high notes get the best of you

Alright, I'm ready to shake things up
Dear God, this is really gonna mess her up
And I keep on praying that I'm strong enough
It's a lot for love, it's a lot for love
Alright, I'm ready to shake things up
Dear God, this is really gonna mess her up
And I keep on praying that I'm strong enough
It's a lot for love, it's a lot for love
It's a lot for love

Some say that we'll be over before we've begun
And I can't let it be over
I gotta have one
Listen to you, love, like crazy
Time should make this easy

Alright
Alright, I'm ready to shake things up
Dear God, this is really gonna mess her up
And I keep on praying that I'm strong enough
It's a lot for love, it's a lot for love
Alright, I'm ready to shake things up
Dear God, this is really gonna mess her up
And I keep on praying that I'm strong enough
It's a lot for love, it's a lot for love
It's a lot for love
This is really gonna, this is really gonna mess her up
This is really gonna mess her up
",1.0,"thank u, next",pop,53.0,https://p.scdn.co/mp3-preview/7c0b0d966dbb216d67407f56892dc2b028bdc94b?cid=b3cdb16d0df2409abf6a8f6c2f6c2e0c,0.0441,84.381,4.0,https://api.spotify.com/v1/tracks/33GUAPKqFS56qvW54hbI65,track_33,1.0,spotify:track:33GUAPKqFS56qvW54hbI65,0.245,track
0.00364,43lok9zd7BW5CoYkXZs7S0,https://api.spotify.com/v1/audio-analysis/70VjMtwhm3Q2HBQeJnPfmh,['6tbjWDEIzxoDsBA1FuhfPW'],Madonna,"['AD', 'AE', 'AR', 'AT', 'AU', 'BG', 'BH', 'BO', 'BR', 'CA', 'CH', 'CL', 'CO', 'CR', 'CY', 'CZ', 'DE', 'DK', 'DZ', 'EC', 'EE', 'EG', 'ES', 'FI', 'FR', 'GB', 'GR', 'GT', 'HK', 'HN', 'HU', 'ID', 'IE', 'IL', 'IS', 'IT', 'JO', 'JP', 'KW', 'LB', 'LT', 'LU', 'LV', 'MA', 'MC', 'MT', 'MX', 'MY', 'NI', 'NL', 'NO', 'NZ', 'OM', 'PA', 'PE', 'PH', 'PL', 'PT', 'PY', 'QA', 'RO', 'SA', 'SE', 'SG', 'SK', 'SV', 'TH', 'TN', 'TR', 'TW', 'US', 'UY', 'ZA']",AR,0.64,1.0,336880.0,0.646,https://api.spotify.com/v1/tracks/70VjMtwhm3Q2HBQeJnPfmh,70VjMtwhm3Q2HBQeJnPfmh,0.165,9.0,0.0912,-7.572,"

Time goes by so slowly
Time goes by so slowly
Time goes by so slowly
Time goes by so slowly
Time goes by so slowly
Time goes by so slowly

Every little thing that you say or do
I'm hung up, I'm hung up on you
Waiting for your call, baby, night and day
I'm fed up, I'm tired of waiting on you

Time goes by so slowly for those who wait
No time to hesitate
Those who run seem to have all the fun
I'm caught up
I don't know what to do

Time goes by so slowly
Time goes by so slowly
Time goes by so slowly
I don't know what to do

Every little thing that you say or do
I'm hung up, I'm hung up on you
Waiting for your call, baby, night and day
I'm fed up, I'm tired of waiting on you
Every little thing that you say or do
I'm hung up, I'm hung up on you
Waiting for your call, baby, night and day
I'm fed up, I'm tired of waiting on you

Ring, ring, ring goes the telephone
The lights are on, but there's no one home
Tick tick tock, it's a quarter to two
And I'm done
I'm hanging up on you
I can't keep on waiting for you
I know that you're still hesitating
Don't cry for me, 'cause I'll find my way
You'll wake up one day
But it'll be too late

Every little thing that you say or do
I'm hung up, I'm hung up on you
Waiting for your call, baby, night and day
I'm fed up, I'm tired of waiting on you
Every little thing that you say or do
I'm hung up, I'm hung up on you
Waiting for your call, baby, night and day
I'm fed up, I'm tired of waiting on you

Every little thing, every little thing
I'm hung up, I'm hung up on you
Waiting for you call, waiting for you call
I'm fed up, I'm tired waiting on you

Time goes by so slowly
Time goes by so slowly
Time goes by so slowly
Time goes by so slowly
(So slowly...)
(So slowly...)
(So slowly...)
(So slowly...)
(So slowly...)
(So slowly...)
(So slowly...)
(So slowly...)
(So slowly...)
(So slowly...)
(So slowly...)
(So slowly...)
(So slowly...)
I don´t know what to do

Every little thing that you say or do
I'm hung up, I'm hung up on you
Waiting for your call, baby, night and day
I'm fed up, I'm tired of waiting on you
Every little thing that you say or do
I'm hung up, I'm hung up on you
Waiting for your call, baby, night and day
I'm fed up, I'm tired of waiting on you

Every little thing, every little thing
I'm hung up, I'm hung up on you
Waiting for you call, waiting for you call
I'm fed up, I'm tired waiting on you
",0.0,Hung Up,pop,61.0,https://p.scdn.co/mp3-preview/7822b6ba4b8b1798e18165a9da812340412cd40c?cid=b3cdb16d0df2409abf6a8f6c2f6c2e0c,0.0497,124.992,4.0,https://api.spotify.com/v1/tracks/70VjMtwhm3Q2HBQeJnPfmh,track_31,1.0,spotify:track:70VjMtwhm3Q2HBQeJnPfmh,0.415,track
0.407,3RDqXDc1bAETps54MSSOW0,https://api.spotify.com/v1/audio-analysis/2vwlzO0Qp8kfEtzTsCXfyE,['5YGY8feqx7naU7z4HrwZM6'],Miley Cyrus,"['AD', 'AE', 'AR', 'AT', 'AU', 'BE', 'BG', 'BH', 'BO', 'BR', 'CA', 'CH', 'CL', 'CO', 'CR', 'CY', 'CZ', 'DE', 'DK', 'DO', 'DZ', 'EC', 'EE', 'EG', 'ES', 'FI', 'FR', 'GB', 'GR', 'GT', 'HK', 'HN', 'HU', 'ID', 'IE', 'IL', 'IN', 'IS', 'IT', 'JO', 'JP', 'KW', 'LB', 'LI', 'LT', 'LU', 'LV', 'MA', 'MC', 'MT', 'MX', 'MY', 'NI', 'NL', 'NO', 'NZ', 'OM', 'PA', 'PE', 'PH', 'PL', 'PS', 'PT', 'PY', 'QA', 'RO', 'SA', 'SE', 'SG', 'SK', 'SV', 'TH', 'TN', 'TR', 'TW', 'US', 'UY', 'VN', 'ZA']",AR,0.53,1.0,221360.0,0.422,https://api.spotify.com/v1/tracks/2vwlzO0Qp8kfEtzTsCXfyE,2vwlzO0Qp8kfEtzTsCXfyE,0.0,5.0,0.107,-6.262,"


We clawed, we chained, our hearts in vain
We jumped, never asking why
We kissed, I fell under your spell
A love no one could deny

Don’t you ever say I just walked away
I will always want you
I can’t live a lie, running for my life
I will always want you

I came in like a wrecking ball
I never hit so hard in love
All I wanted was to break your walls
All you ever did was wreck me
Yeah, you, you wreck me

I put you high up in the sky
And now, you’re not coming down
It slowly turned, you let me burn
And now, we’re ashes on the ground

Don’t you ever say I just walked away
I will always want you
I can’t live a lie, running for my life
I will always want you

I came in like a wrecking ball
I never hit so hard in love
All I wanted was to break your walls
All you ever did was wreck me

I came in like a wrecking ball
Yeah, I just closed my eyes and swung
Left me crashing in a blazing fall
All you ever did was wreck me
Yeah, you, you wreck me

I never meant to start a war
I just wanted you to let me in
And instead of using force
I guess I should’ve let you win
I never meant to start a war
I just wanted you to let me in
I guess I should’ve let you win

Don’t you ever say I just walked away
I will always want you

I came in like a wrecking ball
I never hit so hard in love
All I wanted was to break your walls
All you ever did was wreck me

I came in like a wrecking ball
Yeah, I just closed my eyes and swung
Left me crashing in a blazing fall
All you ever did was wreck me
Yeah, you, you wreck me
Yeah, you, you wreck me
",1.0,Wrecking Ball,pop,76.0,https://p.scdn.co/mp3-preview/73f134920237db5f77576099534ac22fd6773b96?cid=b3cdb16d0df2409abf6a8f6c2f6c2e0c,0.0342,119.964,4.0,https://api.spotify.com/v1/tracks/2vwlzO0Qp8kfEtzTsCXfyE,track_44,6.0,spotify:track:2vwlzO0Qp8kfEtzTsCXfyE,0.349,track
0.236,4DyMK9x2gnmRkRa16zHaEV,https://api.spotify.com/v1/audio-analysis/2lnzGkdtDj5mtlcOW2yRtG,['0EmeFodog0BfCgMzAIvKQp'],Shakira,"['AD', 'AE', 'AR', 'AT', 'AU', 'BE', 'BG', 'BH', 'BO', 'BR', 'CA', 'CH', 'CL', 'CO', 'CR', 'CY', 'CZ', 'DE', 'DK', 'DO', 'DZ', 'EC', 'EE', 'EG', 'ES', 'FI', 'FR', 'GB', 'GR', 'GT', 'HK', 'HN', 'HU', 'ID', 'IE', 'IL', 'IN', 'IS', 'IT', 'JO', 'JP', 'KW', 'LB', 'LI', 'LT', 'LU', 'LV', 'MA', 'MC', 'MT', 'MX', 'MY', 'NI', 'NL', 'NO', 'NZ', 'OM', 'PA', 'PE', 'PH', 'PL', 'PS', 'PT', 'PY', 'QA', 'RO', 'SA', 'SE', 'SG', 'SK', 'SV', 'TH', 'TN', 'TR', 'TW', 'US', 'UY', 'VN', 'ZA']",AR,0.793,1.0,196160.0,0.832,https://api.spotify.com/v1/tracks/2lnzGkdtDj5mtlcOW2yRtG,2lnzGkdtDj5mtlcOW2yRtG,1.12e-05,1.0,0.202,-4.862,"

Lucky you were born that far away so
We could both make fun of distance
Lucky that I love a foreign land for
The lucky fact of your existence
Baby, I would climb the Andes solely
To count the freckles on your body
Never could imagine there were only
Ten million ways to love somebody

Le ro lo le lo le, le ro lo le lo le
Can't you see? I'm at your feet

Whenever, wherever
We're meant to be together
I'll be there and you'll be near
And that's the deal, my dear
Thereover, hereunder
You'll never have to wonder
We can always play by ear
But that's the deal, my dear

Lucky that my lips not only mumble
They spill kisses like a fountain
Lucky that my breasts are small and humble
So you don't confuse them with mountains
Lucky I have strong legs like my mother
To run for cover when I need it
And these two eyes that for no other
The day you leave will cry a river

Le ro lo le lo le, le ro lo le lo le
At your feet
I'm at your feet

Whenever, wherever
We're meant to be together
I'll be there and you'll be near
And that's the deal, my dear
Thereover, hereunder
You'll never have to wonder
We can always play by ear
But that's the deal, my dear

Le ro le le lo le, le ro le le lo le
Think out loud, say it again
Le ro lo le lo le lo le
Tell me one more time
That you'll live
Lost in my eyes

Whenever, wherever
We're meant to be together
I'll be there and you'll be near
And that's the deal, my dear
Thereover, hereunder
You've got me head over heels
There's nothing left to fear
If you really feel the way I feel
Whenever, wherever
We're meant to be together
I'll be there and you'll be near
And that's the deal, my dear
Thereover, hereunder
You've got me head over heels
There's nothing left to fear
If you really feel the way I feel
",0.0,"Whenever, Wherever",pop,74.0,https://p.scdn.co/mp3-preview/09ddeb4ae33ee6e8f5d41f42795910a34481c2e8?cid=b3cdb16d0df2409abf6a8f6c2f6c2e0c,0.0406,107.661,4.0,https://api.spotify.com/v1/tracks/2lnzGkdtDj5mtlcOW2yRtG,track_46,3.0,spotify:track:2lnzGkdtDj5mtlcOW2yRtG,0.872,track
0.581,7oJa8bPFKVbq4c7NswXHw8,https://api.spotify.com/v1/audio-analysis/0FE9t6xYkqWXU2ahLh6D8X,['6eUKZXaKkcviH0Ku9w2n3V'],Ed Sheeran,"['AD', 'AE', 'AR', 'AT', 'AU', 'BE', 'BG', 'BH', 'BO', 'BR', 'CA', 'CH', 'CL', 'CO', 'CR', 'CY', 'CZ', 'DE', 'DK', 'DO', 'DZ', 'EC', 'EE', 'EG', 'ES', 'FI', 'FR', 'GR', 'GT', 'HK', 'HN', 'HU', 'ID', 'IL', 'IS', 'IT', 'JO', 'JP', 'KW', 'LB', 'LI', 'LT', 'LU', 'LV', 'MA', 'MC', 'MT', 'MX', 'MY', 'NI', 'NL', 'NO', 'NZ', 'OM', 'PA', 'PE', 'PH', 'PL', 'PS', 'PT', 'PY', 'QA', 'RO', 'SA', 'SE', 'SG', 'SK', 'SV', 'TH', 'TN', 'TR', 'TW', 'US', 'UY', 'VN', 'ZA']",AR,0.825,1.0,233713.0,0.652,https://api.spotify.com/v1/tracks/0FE9t6xYkqWXU2ahLh6D8X,0FE9t6xYkqWXU2ahLh6D8X,0.0,1.0,0.0931,-3.183,"

The club isn't the best place to find a lover
So the bar is where I go
Me and my friends at the table doing shots
Drinking fast and then we talk slow
And you come over and start up a conversation with just me
And trust me I'll give it a chance now
Take my hand, stop, put Van the Man on the jukebox
And then we start to dance, and now I'm singing like

Girl, you know I want your love
Your love was handmade for somebody like me
Come on now, follow my lead
I may be crazy, don't mind me
Say, boy, let's not talk too much
Grab on my waist and put that body on me
Come on now, follow my lead
Come, come on now, follow my lead

I'm in love with the shape of you
We push and pull like a magnet do
Although my heart is falling too
I'm in love with your body
And last night you were in my room
And now my bed sheets smell like you
Every day discovering something brand new
I'm in love with your body
Oh—I—oh—I—oh—I—oh—I
I'm in love with your body
Oh—I—oh—I—oh—I—oh—I
I'm in love with your body
Oh—I—oh—I—oh—I—oh—I
I'm in love with your body
Every day discovering something brand new
I'm in love with the shape of you

One week in we let the story begin
We're going out on our first date
You and me are thrifty, so go all you can eat
Fill up your bag and I fill up a plate
We talk for hours and hours about the sweet and the sour
And how your family is doing okay
Leave and get in a taxi, then kiss in the backseat
Tell the driver make the radio play, and I'm singing like

Girl, you know I want your love
Your love was handmade for somebody like me
Come on now, follow my lead
I may be crazy, don't mind me
Say, boy, let's not talk too much
Grab on my waist and put that body on me
Come on now, follow my lead
Come, come on now, follow my lead

I'm in love with the shape of you
We push and pull like a magnet do
Although my heart is falling too
I'm in love with your body
And last night you were in my room
And now my bed sheets smell like you
Every day discovering something brand new
I'm in love with your body
Oh—I—oh—I—oh—I—oh—I
I'm in love with your body
Oh—I—oh—I—oh—I—oh—I
I'm in love with your body
Oh—I—oh—I—oh—I—oh—I
I'm in love with your body
Every day discovering something brand new
I'm in love with the shape of you

Come on, be my baby, come on
Come on, be my baby, come on
Come on, be my baby, come on
Come on, be my baby, come on
Come on, be my baby, come on
Come on, be my baby, come on
Come on, be my baby, come on
Come on, be my baby, come on

I'm in love with the shape of you
We push and pull like a magnet do
Although my heart is falling too
I'm in love with your body
Last night you were in my room
And now my bed sheets smell like you
Every day discovering something brand new
I'm in love with your body
Come on, be my baby, come on
Come on, be my baby, come on
I'm in love with your body
Come on, be my baby, come on
Come on, be my baby, come on
I'm in love with your body
Come on, be my baby, come on
Come on, be my baby, come on
I'm in love with your body
Every day discovering something brand new
I'm in love with the shape of you
",0.0,Shape of You,pop,80.0,https://p.scdn.co/mp3-preview/84462d8e1e4d0f9e5ccd06f0da390f65843774a2?cid=b3cdb16d0df2409abf6a8f6c2f6c2e0c,0.0802,95.977,4.0,https://api.spotify.com/v1/tracks/0FE9t6xYkqWXU2ahLh6D8X,track_32,1.0,spotify:track:0FE9t6xYkqWXU2ahLh6D8X,0.931,track
0.301,6ZudtFGegLxFJx8KQX40Yk,https://api.spotify.com/v1/audio-analysis/4sI7exQBHsJ1NRwjJqWRo2,['70tutLzvBrNYvlvuVanzI9'],Taylor Swift,"['AD', 'AE', 'AR', 'AT', 'AU', 'BE', 'BG', 'BH', 'BO', 'BR', 'CA', 'CH', 'CL', 'CO', 'CR', 'CY', 'CZ', 'DE', 'DK', 'DO', 'DZ', 'EC', 'EE', 'EG', 'ES', 'FI', 'FR', 'GB', 'GR', 'GT', 'HK', 'HN', 'HU', 'ID', 'IE', 'IL', 'IN', 'IS', 'IT', 'JO', 'JP', 'KW', 'LB', 'LI', 'LT', 'LU', 'LV', 'MA', 'MC', 'MT', 'MX', 'MY', 'NI', 'NL', 'NO', 'NZ', 'OM', 'PA', 'PE', 'PH', 'PL', 'PS', 'PT', 'PY', 'QA', 'RO', 'SA', 'SE', 'SG', 'SK', 'SV', 'TH', 'TN', 'TR', 'TW', 'US', 'UY', 'VN', 'ZA']",AR,0.628,1.0,209143.0,0.779,https://api.spotify.com/v1/tracks/4sI7exQBHsJ1NRwjJqWRo2,4sI7exQBHsJ1NRwjJqWRo2,4.76e-06,0.0,0.16,-5.773,"
Verse 1
I can see it in your eyes
The sun is fading as we light the fire
And there’s no reason for us to deny
Only living for this tonight
Pre Chorus
Ah, i wanna take it slower and slower (slower and slower)
Ah, I wanna play it over and over (over and over)
Verse 2
Something in the way you move
Star crossed lovers in a darken room
Shadows fading into something new
Take a picture and enjoy the view
Pre Chorus
Ah, i wanna take it slower and slower (slower and slower)
Ah, I wanna play it over and over (over and over)
Bridge:
Ah, i wanna take it slower and slower (over and over)
Ah, i wanna play it over and over (over and over)
",0.0,Cruel Summer,pop,61.0,https://p.scdn.co/mp3-preview/9daaea281a9c7d556010aa272d34d7a49e3f2a30?cid=b3cdb16d0df2409abf6a8f6c2f6c2e0c,0.0595,105.04,4.0,https://api.spotify.com/v1/tracks/4sI7exQBHsJ1NRwjJqWRo2,track_42,1.0,spotify:track:4sI7exQBHsJ1NRwjJqWRo2,0.35,track
0.184,2vD3zSQr8hNlg0obNel4TE,https://api.spotify.com/v1/audio-analysis/1rfofaqEpACxVEHIZBJe6W,"['4nDoRrQiYLoBzwC5BhVJzF', '50co4Is1HCEo8bhOyUWKpn']",Camila Cabello,"['AD', 'AE', 'AR', 'AT', 'AU', 'BE', 'BG', 'BH', 'BO', 'BR', 'CA', 'CH', 'CL', 'CO', 'CR', 'CY', 'CZ', 'DE', 'DK', 'DO', 'DZ', 'EC', 'EE', 'EG', 'ES', 'FI', 'FR', 'GB', 'GR', 'GT', 'HK', 'HN', 'HU', 'ID', 'IE', 'IL', 'IN', 'IS', 'IT', 'JO', 'JP', 'KW', 'LB', 'LI', 'LT', 'LU', 'LV', 'MA', 'MC', 'MT', 'MX', 'MY', 'NI', 'NL', 'NO', 'NZ', 'OM', 'PA', 'PE', 'PH', 'PL', 'PS', 'PT', 'PY', 'QA', 'RO', 'SA', 'SE', 'SG', 'SK', 'SV', 'TH', 'TN', 'TR', 'TW', 'US', 'UY', 'VN', 'ZA']",AR,0.765,1.0,217307.0,0.523,https://api.spotify.com/v1/tracks/1rfofaqEpACxVEHIZBJe6W,1rfofaqEpACxVEHIZBJe6W,3.56e-05,2.0,0.132,-4.333,"

Hey

Havana, ooh na-na (ayy)
Half of my heart is in Havana, ooh na-na (ayy, ayy)
He took me back to East Atlanta, na-na-na, ah
Oh, but my heart is in Havana (ayy)
There's somethin' 'bout his manners (uh huh)
Havana, ooh na-na (uh)

He didn't walk up with that ""how you doin'?"" (uh)
When he came in the room
He said there's a lot of girls I can do with (uh)
But I can't without you
I knew him forever in a minute (hey)
That summer night in June
And papa says he got malo in him (uh)
He got me feelin' like...

Ooh, ooh-ooh-ooh-ooh-ooh-ooh-ooh (ayy)
I knew it when I met him (ayy), I loved him when I left him
Got me feelin' like, ooh, ooh-ooh-ooh-ooh-ooh-ooh-ooh
And then I had to tell him, I had to go
Oh na-na-na-na-na (woo)

Havana, ooh na-na (ayy, ayy)
Half of my heart is in Havana, ooh na-na (ayy, ayy)
He took me back to East Atlanta, na-na-na (uh huh)
Oh, but my heart is in Havana (ayy)
My heart is in Havana (ayy)
Havana, ooh na-na

Jeffery, just graduated, fresh on campus, mmm
Fresh out East Atlanta with no manners, damn (fresh out East Atlanta)
Bump on her bumper like a traffic jam
Hey, I was quick to pay that girl like Uncle Sam (here you go, ayy)
Back it on me
Shawty cravin' on me, get to eatin' on me (on me)
She waited on me (then what?)
Shawty cakin' on me, got the bacon on me (wait up)
This is history in the makin', on me (on me)
Point blank, close range, that B
If it cost a million, that's me (that's me)
I was gettin' mula, baby

Havana, ooh na-na (ayy, ayy)
Half of my heart is in Havana, ooh na-na (oh, ayy, ayy)
He took me back (uh huh) to East Atlanta, na-na-na (oh, no)
Oh, but my heart is in Havana (ayy)
My heart is in Havana (ayy)
Havana, ooh na-na

Ooh na-na, oh, na-na-na (ooh, ooh-ooh-ooh-ooh-ooh-ooh)
Take me back, back, back like...
Ooh na-na, oh, na-na-na (yeah, babe)
Take me back, back, back like...
Ooh na-na, oh, na-na-na (yeah, yeah)
Take me back, back, back like...
Ooh na-na, oh, na-na-na (yeah, babe)
Take me back, back, back
Hey, hey...
Ooh, ooh-ooh-ooh-ooh-ooh-ooh-ooh (hey)
Ooh, ooh-ooh-ooh-ooh-ooh-ooh-ooh (hey)
Take me back to my Havana...

Havana, ooh na-na (hey)
Half of my heart is in Havana, ooh na-na (oh, yeah)
He took me back to East Atlanta, (ayy, ayy) na-na-na
Oh, but my heart is in Havana
My heart is in Havana (ayy)
Havana, ooh na-na

Uh huh
Oh, na-na-na (oh, na, yeah)
Oh, na-na-na
Oh, na-na-na (no, no, no, take me back)
Oh, na-na-na
Havana, ooh na-na
",1.0,Havana,pop,88.0,https://p.scdn.co/mp3-preview/663b794c2fc8da8f9bbe33698cb1bac567126a23?cid=b3cdb16d0df2409abf6a8f6c2f6c2e0c,0.03,104.988,4.0,https://api.spotify.com/v1/tracks/1rfofaqEpACxVEHIZBJe6W,track_30,4.0,spotify:track:1rfofaqEpACxVEHIZBJe6W,0.394,track
0.000542,29XqVvSQHLPmVA3eD3fya7,https://api.spotify.com/v1/audio-analysis/4EOkkNiPEj9UViBt7JuDPj,"['4KF0B66rZU4yV2hruz7YN4', '58Kt4cBPuMwGmCpmIqPWpw']",Ed Sheeran,"['AD', 'AE', 'AR', 'AT', 'AU', 'BE', 'BG', 'BH', 'BO', 'BR', 'CA', 'CH', 'CL', 'CO', 'CR', 'CY', 'CZ', 'DE', 'DK', 'DO', 'DZ', 'EC', 'EE', 'EG', 'ES', 'FI', 'FR', 'GB', 'GR', 'GT', 'HK', 'HN', 'HU', 'ID', 'IE', 'IL', 'IN', 'IS', 'IT', 'JO', 'JP', 'KW', 'LB', 'LI', 'LT', 'LU', 'LV', 'MA', 'MC', 'MT', 'MX', 'MY', 'NI', 'NL', 'NO', 'NZ', 'OM', 'PA', 'PE', 'PH', 'PL', 'PS', 'PT', 'PY', 'QA', 'RO', 'SA', 'SE', 'SG', 'SK', 'SV', 'TH', 'TN', 'TR', 'TW', 'US', 'UY', 'VN', 'ZA']",AR,0.311,1.0,242000.0,0.565,https://api.spotify.com/v1/tracks/4EOkkNiPEj9UViBt7JuDPj,4EOkkNiPEj9UViBt7JuDPj,0.0359,6.0,0.155,-6.419,"

I feel static in my veins
Every second like slow motion
Every time you walk away
Like if I close my eyes we change
From two strangers in a building
Or some ghost who only fade away

Smoke can clear a crowded room
See I don't want you
See I don't need you
To make it out alive

And I know I got bad habits I should break
And when the morning comes smoke can clear away
And I know I got some secrets I can't shake
And when the morning comes smoke can clear away
And I know I got bad habits I should break
And when the morning comes smoke can clear away
And I know I got some secrets I can't shake
And when the morning comes smoke and clear away

Keep every inch out on display
With a simple conversation
And a moment to erase

Smoke can clear a crowded room
See I don't want you
See I don't need you
To make it out alive

And I know I got bad habits I should break
And when the morning comes smoke can clear away
And I know I got some secrets I can't shake
And when the morning comes smoke can clear away
And I know I got bad habits I should break
And when the morning comes smoke can clear away
And I know I got some secrets I can't shake
And when the morning comes smoke can clear away

Smoke can clear a crowded room
See I don't want you
See I don't need you
To make it out alive

And I know I got bad habits I should break
And when the morning comes smoke can clear away
And I know I got some secrets I can't shake
And when the morning comes smoke can clear away
And I know I got bad habits I should break
And when the morning comes smoke can clear away
And I know I got some secrets I can't shake
And when the morning comes smoke can clear away

See I don't want you
See I don't need you
",1.0,Bad Habits,pop,37.0,https://p.scdn.co/mp3-preview/56ef331d677dc96bccd739f254de08a3f488f37e?cid=b3cdb16d0df2409abf6a8f6c2f6c2e0c,0.0405,138.293,5.0,https://api.spotify.com/v1/tracks/4EOkkNiPEj9UViBt7JuDPj,track_38,1.0,spotify:track:4EOkkNiPEj9UViBt7JuDPj,0.291,track
0.000513,2uFw9VFcoj6TwxSFPj8ZYI,https://api.spotify.com/v1/audio-analysis/5QigTZgYVndnuDlPQA1lG2,['0Vw76uk7P8yVtTClWyOhac'],Lady Gaga,"['AD', 'AE', 'AR', 'AT', 'AU', 'BE', 'BG', 'BH', 'BO', 'BR', 'CA', 'CH', 'CL', 'CO', 'CR', 'CY', 'CZ', 'DE', 'DK', 'DO', 'DZ', 'EC', 'EE', 'EG', 'ES', 'FI', 'FR', 'GB', 'GR', 'GT', 'HK', 'HN', 'HU', 'ID', 'IE', 'IL', 'IS', 'IT', 'JO', 'JP', 'KW', 'LB', 'LI', 'LT', 'LU', 'LV', 'MA', 'MC', 'MT', 'MX', 'MY', 'NI', 'NL', 'NO', 'NZ', 'OM', 'PA', 'PE', 'PH', 'PL', 'PS', 'PT', 'PY', 'QA', 'RO', 'SA', 'SE', 'SG', 'SK', 'SV', 'TH', 'TN', 'TR', 'TW', 'US', 'UY', 'VN', 'ZA']",AR,0.726,1.0,212421.0,0.798,https://api.spotify.com/v1/tracks/5QigTZgYVndnuDlPQA1lG2,5QigTZgYVndnuDlPQA1lG2,0.0221,9.0,0.355,-4.708,"

This might sound OTT, oh, but you plus me
Equals a feeling that I just cannot explain
Hey, BRB, oh, and a min or three
I need a minute to myself to comprehend
Why did I just see to my eyes for me?
'Cause I can't believe she's talking to me
And I'm sat here, just hoping my dream's come true
So are you, just dance

Wrap both your arms around my body
And dance like you are with nobody
I could not care what anyone thinks
Definitely not after those drinks
I have found my weakness in the shape of you
There's a kind of sweetness oozing out of you

What is going on? It's tricky
Giving the impression that this isn't a dead end
How did this come on so quickly?
Give me a sec 'cause I should check and seal her friends
Wait, where have they gone?
Have they upped and left?
How long have I been here?
My time is a mess
And I'm sat here, just hoping my dream's come true

But I was afraid this would happen
That this would happen
And that I only came for a quick one
And now I'm on one
Just dance

Wrap both your arms around my body
And dance like you are with nobody
I could not care what anyone thinks
Definitely not after those drinks
I have found my weakness in the shape of you
There's a kind of sweetness oozing out of you

Just dance
Just dance
Just dance
Just dance
",0.0,Just Dance,pop,46.0,https://p.scdn.co/mp3-preview/76a874309d10781fd66589c6c60fdd20df615410?cid=b3cdb16d0df2409abf6a8f6c2f6c2e0c,0.0749,120.016,4.0,https://api.spotify.com/v1/tracks/5QigTZgYVndnuDlPQA1lG2,track_46,1.0,spotify:track:5QigTZgYVndnuDlPQA1lG2,0.816,track
0.073,2tve5DGwub1TtbX1khPX5j,https://api.spotify.com/v1/audio-analysis/4fixebDZAVToLbUCuEloa2,['26dSoYclwsYLMAKD3tpOr4'],Britney Spears,"['AD', 'AE', 'AR', 'AT', 'AU', 'BE', 'BG', 'BH', 'BO', 'BR', 'CA', 'CH', 'CL', 'CO', 'CR', 'CY', 'CZ', 'DE', 'DK', 'DO', 'DZ', 'EC', 'EE', 'EG', 'ES', 'FI', 'FR', 'GB', 'GR', 'GT', 'HK', 'HN', 'HU', 'ID', 'IE', 'IL', 'IN', 'IS', 'IT', 'JO', 'JP', 'KW', 'LB', 'LI', 'LT', 'LU', 'LV', 'MA', 'MC', 'MT', 'MX', 'MY', 'NI', 'NL', 'NO', 'NZ', 'OM', 'PA', 'PE', 'PH', 'PL', 'PS', 'PT', 'PY', 'QA', 'RO', 'SA', 'SE', 'SG', 'SK', 'SV', 'TH', 'TN', 'TR', 'TW', 'US', 'UY', 'VN', 'ZA']",AR,0.724,1.0,224400.0,0.695,https://api.spotify.com/v1/tracks/4fixebDZAVToLbUCuEloa2,4fixebDZAVToLbUCuEloa2,0.0,11.0,0.0889,-5.226,"

Superstar, where you from? How's it going?
I know you got a clue what you're doing
You can play brand new to all the other chicks out here
But I know what you are, what you are, baby
Look at you, getting more than just a re-up
Baby, you got all the puppets with their strings up
Faking like a good one, but I call 'em like I see 'em
I know what you are, what you are, baby

Womanizer, woman-womanizer, you're a womanizer
Oh, womanizer, oh, you're a womanizer, baby
You-you-you are, you-you-you are
Womanizer, womanizer, womanizer

Boy, don't try to front, I-I know just, just what you are
Boy, don't try to front, I-I know just, just what you are
You got me going, you're oh-so-charming
But I can't do it, you womanizer
Boy, don't try to front, I-I know just, just what you are
Boy, don't try to front, I-I know just, just what you are
You say I'm crazy, I got you crazy
You're nothing but a womanizer

Daddy-O, you got the swagger of a champion
Too bad for you, you just can't find the right companion
I guess when you have one too, many makes it hard, it could be easy
Who you are, that's just who you are, baby
Lollipop, must mistake me for a sucker
To think that I would be a victim, not another
Say it, play it how you wanna, but no way, I'm never gonna fall for you
Never you, baby

Womanizer, woman-womanizer, you're a womanizer
Oh, womanizer, oh, you're a womanizer, baby
You-you-you are, you-you-you are
Womanizer, womanizer, womanizer

Boy, don't try to front, I-I know just, just what you are
Boy, don't try to front, I-I know just, just what you are
You got me going, you're oh-so-charming
But I can't do it, you womanizer
Boy, don't try to front, I-I know just, just what you are
Boy, don't try to front, I-I know just, just what you are
You say I'm crazy, I got you crazy
You're nothing but a womanizer

Maybe if we both lived in a different world
Womanizer, womanizer, womanizer, womanizer
It would be all good, and maybe I could be your girl
But I can't 'cause we don't, you...

Womanizer, woman-womanizer, you're a womanizer
Oh, womanizer, oh, you're a womanizer, baby
You-you-you are, you-you-you are
Womanizer, womanizer, womanizer

Boy, don't try to front, I-I know just, just what you are
Boy, don't try to front, I-I know just, just what you are
You got me going, you're oh-so-charming
But I can't do it, you womanizer
Boy, don't try to front, I-I know just, just what you are
Boy, don't try to front, I-I know just, just what you are
You say I'm crazy, I got you crazy
You're nothing but a womanizer

Boy, don't try to front, I-I know just, just what you are
Boy, don't try to front, I-I know just, just what you are
Womanizer, woman-womanizer, you're a womanizer
Oh, womanizer, oh, you're a womanizer, baby
",1.0,Womanizer,pop,76.0,https://p.scdn.co/mp3-preview/40c87bb00fe6bab71f758643b2d1e598c5374410?cid=b3cdb16d0df2409abf6a8f6c2f6c2e0c,0.0622,139.0,4.0,https://api.spotify.com/v1/tracks/4fixebDZAVToLbUCuEloa2,track_30,1.0,spotify:track:4fixebDZAVToLbUCuEloa2,0.235,track
0.202,3WNxdumkSMGMJRhEgK80qx,https://api.spotify.com/v1/audio-analysis/3MjUtNVVq3C8Fn0MP3zhXa,['26dSoYclwsYLMAKD3tpOr4'],Britney Spears,"['AD', 'AR', 'AT', 'AU', 'BE', 'BG', 'BO', 'BR', 'CA', 'CH', 'CL', 'CO', 'CR', 'CY', 'CZ', 'DE', 'DK', 'DO', 'DZ', 'EC', 'EE', 'ES', 'FI', 'FR', 'GB', 'GR', 'GT', 'HN', 'HU', 'ID', 'IE', 'IL', 'IS', 'IT', 'JP', 'LI', 'LT', 'LU', 'LV', 'MA', 'MC', 'MT', 'MX', 'NI', 'NL', 'NO', 'NZ', 'PA', 'PE', 'PH', 'PL', 'PT', 'PY', 'RO', 'SE', 'SK', 'SV', 'TN', 'TR', 'US', 'UY', 'ZA']",AR,0.759,1.0,211067.0,0.699,https://api.spotify.com/v1/tracks/3MjUtNVVq3C8Fn0MP3zhXa,3MjUtNVVq3C8Fn0MP3zhXa,0.000131,0.0,0.443,-5.745,"

Oh baby, baby
Oh baby, baby

Oh baby, baby, how was I supposed to know
That something wasn't right here?
Oh baby, baby, I shouldn't have let you go
And now you're out of sight, yeah

Show me how you want it to be
Tell me, baby, 'cause I need to know now, oh, because

My loneliness is killing me
(And I) I must confess I still believe (Still believe)
When I'm not with you, I lose my mind
Give me a sign
Hit me baby one more time

Oh baby, baby, the reason I breathe is you
Boy, you got me blinded
Oh pretty baby, there's nothing that I wouldn't do
It's not the way I planned it

Show me how you want it to be
Tell me, baby, 'cause I need to know now, oh, because

My loneliness is killing me
(And I) I must confess I still believe (Still believe)
When I'm not with you, I lose my mind
Give me a sign
Hit me baby one more time

Oh baby, baby
Oh baby, baby
Oh baby, baby, how was I supposed to know?
Oh pretty baby, I shouldn't have let you go

I must confess that my loneliness is killing me now
Don't you know I still believe
That you will be here and give me a sign
Hit me baby one more time

My loneliness is killing me
(And I) I must confess I still believe (Still believe)
When I'm not with you, I lose my mind
Give me a sign
Hit me baby one more time

I must confess that my loneliness is killing me now
Don't you know I still believe?
That you will be here and give me a sign
Hit me baby one more time
",0.0,...Baby One More Time,pop,78.0,https://p.scdn.co/mp3-preview/da2134a161f1cb34d17c2d6d7e77cc93d1c1e6f7?cid=b3cdb16d0df2409abf6a8f6c2f6c2e0c,0.0307,92.96,4.0,https://api.spotify.com/v1/tracks/3MjUtNVVq3C8Fn0MP3zhXa,track_3,1.0,spotify:track:3MjUtNVVq3C8Fn0MP3zhXa,0.907,track
