acousticness,album_id,analysis_url,artists_id,artists_name,available_markets,country,danceability,disc_number,duration_ms,energy,href,id,instrumentalness,key,liveness,loudness,lyrics,mode,name,playlist,popularity,preview_url,speechiness,tempo,time_signature,track_href,track_name_prev,track_number,uri,valence,type
0.589,5dBRId1uDgpkTfgFYUBOdn,https://api.spotify.com/v1/audio-analysis/5D56w7a5llMD2j1RVAN0X8,"['5QzHVAsWhm0WNTmgYeBCYy', '3Wyz9iwnEla2PDdqwFCh5x', '6Fi8CHfO8WGtu3yO8c2Mc4']",Survivor,"['AD', 'AE', 'AR', 'AT', 'AU', 'BE', 'BG', 'BH', 'BO', 'BR', 'CA', 'CH', 'CL', 'CO', 'CR', 'CY', 'CZ', 'DE', 'DK', 'DO', 'DZ', 'EC', 'EE', 'EG', 'ES', 'FI', 'FR', 'GB', 'GR', 'GT', 'HK', 'HN', 'HU', 'ID', 'IE', 'IL', 'IN', 'IS', 'IT', 'JO', 'JP', 'KW', 'LB', 'LI', 'LT', 'LU', 'LV', 'MA', 'MC', 'MT', 'MX', 'MY', 'NI', 'NL', 'NO', 'NZ', 'OM', 'PA', 'PE', 'PH', 'PL', 'PS', 'PT', 'PY', 'QA', 'RO', 'SA', 'SE', 'SG', 'SK', 'SV', 'TH', 'TN', 'TR', 'TW', 'US', 'UY', 'VN', 'ZA']",BE,0.615,1.0,244416.0,0.687,https://api.spotify.com/v1/tracks/5D56w7a5llMD2j1RVAN0X8,5D56w7a5llMD2j1RVAN0X8,0.593,0.0,0.124,-5.393,"
Tammin:
Risin up
Back on the street
Did my time took my chances
Tammin and Victoria:
Went the distance now I'm back on my feet
Just a girl and her will to survive
Tammin and Nolan:
So many timesIt happens too fast
You trade your passion for glory
Don't lose your grip on the dreams of the past
You must fight just to keep them alive
Tammin, Nola, Victoria, and Simon:
It's the eye of the tiger
It's the thrill of the night
Risin up to the challenge of our rivals
And the last known survivor stalks his prey in the night
And he's watching us all with the eye of the tiger
Tammin and Nolan:
Face to face
Out in the heat
Hanging tough
Stayin hungry
Tammin:
The stack the odds still we take to the street
For the kill with the skill to survive...
Tammin, Nolan, Simon, and Victoria:
It's the eye of the tiger
It's the thrill of the night
Risin up to the challenge of our rivals
And the last known survivor stalks his prey in the night
And he's watching us all with the eye of the tiger
Tammin:
Risin up
Straight to the top
Had the guts got the glory
Went the distance now I'm not gonna stop
Just a girl and her will to survive
Tammin, Nolan, Victoria, and Simon:
It's the eye of the tiger
It's the thrill of the night
Risin up to the challenge of our rivals
And the last known survivor stalks his prey in the night
And he's watching us all with the eye of the tiger
The eye of the tiger...
The eye of the tiger...
The eye of the tiger...
",0.0,Eye of the Tiger,rock,36.0,https://p.scdn.co/mp3-preview/1d8ac8db9857391a2435c8b367f2ca5263f56f88?cid=b3cdb16d0df2409abf6a8f6c2f6c2e0c,0.0517,131.01,4.0,https://api.spotify.com/v1/tracks/5D56w7a5llMD2j1RVAN0X8,track_18,1.0,spotify:track:5D56w7a5llMD2j1RVAN0X8,0.566,track
9.64e-05,0pTJUNFD07wV1oFSD8Zflc,https://api.spotify.com/v1/audio-analysis/0gNfYuNUfuMiZxYvVST4zU,['1DFr97A9HnbV3SKTJFu62M'],Rolling Stones,"['AD', 'AE', 'AR', 'AT', 'AU', 'BE', 'BG', 'BH', 'BO', 'BR', 'CH', 'CL', 'CO', 'CR', 'CY', 'CZ', 'DE', 'DK', 'DO', 'DZ', 'EC', 'EE', 'EG', 'ES', 'FI', 'FR', 'GB', 'GR', 'GT', 'HK', 'HN', 'HU', 'ID', 'IE', 'IL', 'IS', 'IT', 'JO', 'KW', 'LB', 'LI', 'LT', 'LU', 'LV', 'MA', 'MC', 'MT', 'MX', 'MY', 'NI', 'NL', 'NO', 'NZ', 'OM', 'PA', 'PE', 'PH', 'PL', 'PS', 'PT', 'PY', 'QA', 'RO', 'SA', 'SE', 'SG', 'SK', 'SV', 'TH', 'TN', 'TR', 'TW', 'US', 'UY', 'VN', 'ZA']",BE,0.546,1.0,335250.0,0.925,https://api.spotify.com/v1/tracks/0gNfYuNUfuMiZxYvVST4zU,0gNfYuNUfuMiZxYvVST4zU,0.475,1.0,0.126,-6.812,"

Please allow me to introduce myself
I'm a man of wealth and taste
I've been around for a long, long year
Stole many a man's soul to waste
And I was 'round when Jesus Christ
Had his moment of doubt and pain
Made damn sure that Pilate washed his hands and sealed his fate

Pleased to meet you
Hope you guess my name
But what's confusing you
Is just the nature of my game

I stuck around St. Petersburg
When I saw it was a time for a change
I killed the Tsar and his ministers, Anastasia screamed in vain
I rode a tank, held a general's rank
When the blitzkrieg raged and the bodies stank

Pleased to meet you
Hope you guess my name
Cause what's puzzling you
Is the nature of my game
(Come on) x3

Pleased to meet you
Hope you guess my name
Ah yeah, but what's confusing you
Is the nature of my game

I watched with glee while your kings and queens
Fought for ten decades for the gods they made
I shouted out, who killed the Kennedys ?
When after all, it was you and me
Let me, please introduce myself
I'm a man of wealth and taste
And I laid traps for the troubadours
Who get killed before they reached Bombay

Pleased to meet you
Hope you guessed my name, oh yeah
But what's confusing you
It's just the nature of my game

Just as every cop is a criminal and all the sinners saints
As heads is tails, just call me Lucifer
Cause I'm in need of some restraint
So if you meet me, have some courtesy
Have some sympathy and some taste
Use all your well-learned politeness or I'll lay your soul to waste
Oh yeah

Pleased to meet you
Hope you guessed my name, Ohh yeah
But what's puzzling you
Is just the nature of my game
Ah yeah, Get down

What's my name?
What's my name?
Lucifer, That's my name baby!
Oh yeah
Oh yeah
Oh yeah
",1.0,Sympathy For The Devil,rock,41.0,https://p.scdn.co/mp3-preview/f45550b6e8ca9c392242cff191248d7b3353b405?cid=b3cdb16d0df2409abf6a8f6c2f6c2e0c,0.0935,119.999,4.0,https://api.spotify.com/v1/tracks/0gNfYuNUfuMiZxYvVST4zU,track_20,7.0,spotify:track:0gNfYuNUfuMiZxYvVST4zU,0.428,track
0.0194,6lsVXC9dQAi4x1sHQP5jaA,https://api.spotify.com/v1/audio-analysis/6QZtmgaUkxWk3Rlq3Upll6,['7r8xR0LmnaAM623MmRDn1V'],Fleetwood Mac,"['AD', 'AE', 'AR', 'AT', 'AU', 'BE', 'BG', 'BH', 'BO', 'BR', 'CA', 'CH', 'CL', 'CO', 'CR', 'CY', 'CZ', 'DE', 'DK', 'DO', 'DZ', 'EC', 'EE', 'EG', 'ES', 'FI', 'FR', 'GB', 'GR', 'GT', 'HK', 'HN', 'HU', 'ID', 'IE', 'IL', 'IS', 'IT', 'JO', 'JP', 'KW', 'LB', 'LI', 'LT', 'LU', 'LV', 'MA', 'MC', 'MT', 'MX', 'MY', 'NI', 'NL', 'NO', 'NZ', 'OM', 'PA', 'PE', 'PH', 'PL', 'PS', 'PT', 'PY', 'QA', 'RO', 'SA', 'SE', 'SG', 'SK', 'SV', 'TH', 'TN', 'TR', 'TW', 'US', 'UY', 'VN', 'ZA']",FI,0.8,1.0,214080.0,0.626,https://api.spotify.com/v1/tracks/6QZtmgaUkxWk3Rlq3Upll6,6QZtmgaUkxWk3Rlq3Upll6,0.00416,7.0,0.103,-6.043,"

Halos of diamonds dancing over your head
My eyes are silver lining lace in your bed
Chasing golden days
Here they come, here they come
You keep my satisfaction for yourself
I give you something real with no one else
You take the money
And I take you as you are

Tell me what you want
Don't you know that you got everything you need (oh, oh)
I wanna take it all
I could satisfy your dollar sign dreams (dollar sign dreams)

Walking on water to an island of sand
Drown in the fantasy as deep as you can
Weighted on your waist
Here they come, here they come
I'm just your dusty bottle up on the shelf
Wish I could realize your visions of wealth
You take the money
But I take you as you are

Tell me what you want
Don't you know that you got everything you need (yeah, yeah)
I wanna take it all
I could satisfy your dollar sign dreams (dollar sign dreams)

Franklin ain't no friend of mine
Tired of chasing your dollar signs
See your mink hit the marble floor
Keeps me coming back for more

Tell me what you want
Don't you know that you got everything you need (oh)
I wanna take it all
I could satisfy your dollar sign dreams (dollar sign dreams)
Tell me what you want
Don't you know that you got everything you need (everything you need)
I wanna take it all
I could satisfy your dollar sign dreams

Tell me what you want
Dollar sign dreams
",1.0,$Dreams,rock,51.0,https://p.scdn.co/mp3-preview/c7b20302c0f8d6fb92f0e0df2f355d13aae7e557?cid=b3cdb16d0df2409abf6a8f6c2f6c2e0c,0.0482,106.974,4.0,https://api.spotify.com/v1/tracks/6QZtmgaUkxWk3Rlq3Upll6,track_77,5.0,spotify:track:6QZtmgaUkxWk3Rlq3Upll6,0.792,track
0.432,0cZ1OEo71vd1UhXLgEUawI,https://api.spotify.com/v1/audio-analysis/5d3sLZIj0gEw0VZnNa3BER,['5vX0WprQ4MlULvoIdH071u'],Aerosmith,"['AD', 'AE', 'AR', 'AT', 'BE', 'BG', 'BH', 'BO', 'BR', 'CA', 'CH', 'CL', 'CO', 'CR', 'CY', 'CZ', 'DE', 'DK', 'DO', 'DZ', 'EC', 'EE', 'EG', 'ES', 'FI', 'FR', 'GB', 'GR', 'GT', 'HN', 'HU', 'IE', 'IL', 'IS', 'IT', 'JO', 'JP', 'KW', 'LB', 'LI', 'LT', 'LU', 'LV', 'MA', 'MC', 'MT', 'MX', 'NI', 'NL', 'NO', 'OM', 'PA', 'PE', 'PL', 'PS', 'PT', 'PY', 'QA', 'RO', 'SA', 'SE', 'SK', 'SV', 'TN', 'TR', 'US', 'UY', 'ZA']",BE,0.679,1.0,218013.0,0.819,https://api.spotify.com/v1/tracks/5d3sLZIj0gEw0VZnNa3BER,5d3sLZIj0gEw0VZnNa3BER,0.0,1.0,0.0711,-4.57,"
Sunshine dancing on my bed
Good times waiting up ahead
Nothing's gonna stop me
With a laugh and a joke and a smile
You can go like a million miles
Everything's gonna be okay
It's okay, it's okay okay
With a dream and a positive mind
You'll make it everytime
Everything's gonna be just fine
It's just fine, it's okay okay
Dream on, dream on baby
Let's go and change the world tonight
You can if you believe it
Dream on, and you will be alright
My friends; come on, let's celebrate (come on, have a celebration)
Worldwide, starting here today
Come on everybody
With a laugh and a joke and a smile
You can go like a million miles
Everything's gonna be okay
It's okay, it's okay okay
With a dream and a positive mind
You'll make it everytime
Everything's gonna be just fine
It's just fine, it's okay okay
Dream on, dream on baby
Let's go and change the world tonight
You can if you believe it
Dream on, and you will be alright
Dream on, dream on baby
Let's go and change the world tonight
You can if you believe it
Dream on, and you will be alright
When the clouds ain't kind and the sun forgets to shine
You gotta keep on trying and remember
With a laugh and a joke and a smile
You can go like a million miles
Everything's gonna be okay
It's okay, it's okay okay
With a dream and a positive mind
You'll make it everytime
Everything's gonna be just fine
It's just fine, it's okay okay
Dream on, dream on baby (dream on)
Let's go and change the world tonight
You can if you believe it (it's okay)
Dream on, and you will be alright
Dream on, dream on baby (with a positive mind)
Let's go and change the world tonight
You can if you believe it (just remember)
Dream on, and you will be alright (you will be alright)
Dream on, dream on baby (oh, heeey)
Let's go and change the world tonight
You can if you believe it
Dream on, and you will be alright
(I said) Dream on, dream on baby
Let's go and change the world tonight (I said dream on)
You can if you believe it
Dream on, and you will be alright (I said come on)
",1.0,Dream On,rock,37.0,https://p.scdn.co/mp3-preview/e40d57ca67fe8fb3ff04d58738c89856864ba51a?cid=b3cdb16d0df2409abf6a8f6c2f6c2e0c,0.0418,128.03,4.0,https://api.spotify.com/v1/tracks/5d3sLZIj0gEw0VZnNa3BER,track_23,1.0,spotify:track:5d3sLZIj0gEw0VZnNa3BER,0.903,track
0.289,1dWhND56sMmlCvxdUytMxZ,https://api.spotify.com/v1/audio-analysis/05cXQMJcrM9msUYu11mOrs,['5WUlDfRSoLAfcVSX1WnrxN'],Pearl Jam,"['AD', 'AE', 'AR', 'AT', 'BE', 'BG', 'BH', 'BO', 'BR', 'CA', 'CH', 'CL', 'CO', 'CR', 'CY', 'CZ', 'DE', 'DK', 'DO', 'DZ', 'EC', 'EE', 'EG', 'ES', 'FI', 'FR', 'GB', 'GR', 'GT', 'HK', 'HN', 'HU', 'ID', 'IE', 'IL', 'IN', 'IS', 'IT', 'JO', 'JP', 'KW', 'LB', 'LI', 'LT', 'LU', 'LV', 'MA', 'MC', 'MT', 'MX', 'MY', 'NI', 'NL', 'NO', 'OM', 'PA', 'PE', 'PH', 'PL', 'PS', 'PT', 'PY', 'QA', 'RO', 'SA', 'SE', 'SG', 'SK', 'SV', 'TH', 'TN', 'TR', 'TW', 'US', 'UY', 'VN', 'ZA']",BE,0.32,1.0,263893.0,0.752,https://api.spotify.com/v1/tracks/05cXQMJcrM9msUYu11mOrs,05cXQMJcrM9msUYu11mOrs,0.000101,6.0,0.102,-4.91,"

I was born in a thunderstorm
I grew up overnight
I played alone
I played on my own
I survived
Hey
I wanted everything I never had
Like the love that comes with light
I wore envy and I hated that
But I survived

I had a one-way ticket to a place where all the demons go
Where the wind don't change
And nothing in the ground can ever grow
No hope, just lies
And you're taught to cry into your pillow
But I survived

I'm still breathing, I'm still breathing
I'm still breathing, I'm still breathing
I'm alive
I'm alive
I'm alive
I'm alive

I found solace in the strangest place
Way in the back of my mind
I saw my life in a stranger's face
And it was mine

I had a one-way ticket to a place where all the demons go
Where the wind don't change
And nothing in the ground can ever grow
No hope, just lies
And you're taught to cry into your pillow
But I survived

I'm still breathing, I'm still breathing
I'm still breathing, I'm still breathing
I'm alive
I'm alive
I'm alive
I'm alive

You took it all, but I'm still breathing
You took it all, but I'm still breathing
You took it all, but I'm still breathing
You took it all, but I'm still breathing
You took it all, but I'm still breathing
You took it all, but I'm still breathing
You took it all, but I'm still breathing
You took it all, but I'm still breathing

I have made every single mistake
That you could ever possibly make
I took and I took and I took what you gave
But you never noticed that I was in pain
I knew what I wanted; I went in and got it
Did all the things that you said that I wouldn't
I told you that I would never be forgotten
And all in spite of you

And I'm still breathing, I'm still breathing
I'm still breathing, I'm still breathing
I'm alive (You took it all, but I'm still breathing)
(You took it all, but I'm still breathing)
I'm alive (You took it all, but I'm still breathing)
(You took it all, but I'm still breathing)
I'm alive (You took it all, but I'm still breathing)
(You took it all, but I'm still breathing)
I'm alive

I'm alive
I'm alive
I'm alive
I'm alive
",0.0,Alive,rock,58.0,https://p.scdn.co/mp3-preview/ddb8d9461b5ebcc43a10eb95092c89a87e821749?cid=b3cdb16d0df2409abf6a8f6c2f6c2e0c,0.056,98.88,4.0,https://api.spotify.com/v1/tracks/05cXQMJcrM9msUYu11mOrs,track_19,1.0,spotify:track:05cXQMJcrM9msUYu11mOrs,0.392,track
0.783,2x7QaKvvJ45DcYl78JCf25,https://api.spotify.com/v1/audio-analysis/3tNyFKxcFszV0TiDDJsYVx,['43ZHCT0cAZBISjO8DG9PnE'],The Beatles,"['AD', 'AE', 'AR', 'AT', 'AU', 'BE', 'BG', 'BH', 'BO', 'BR', 'CA', 'CH', 'CL', 'CO', 'CR', 'CY', 'CZ', 'DE', 'DK', 'DO', 'DZ', 'EC', 'EE', 'EG', 'ES', 'FI', 'FR', 'GB', 'GR', 'GT', 'HK', 'HN', 'HU', 'ID', 'IE', 'IL', 'IN', 'IS', 'IT', 'JO', 'JP', 'KW', 'LB', 'LI', 'LT', 'LU', 'LV', 'MA', 'MC', 'MT', 'MX', 'MY', 'NI', 'NL', 'NO', 'NZ', 'OM', 'PA', 'PE', 'PH', 'PL', 'PS', 'PT', 'PY', 'QA', 'RO', 'SA', 'SE', 'SG', 'SK', 'SV', 'TH', 'TN', 'TR', 'TW', 'US', 'UY', 'VN', 'ZA']",FI,0.334,1.0,271573.0,0.338,https://api.spotify.com/v1/tracks/3tNyFKxcFszV0TiDDJsYVx,3tNyFKxcFszV0TiDDJsYVx,0.000116,3.0,0.11,-15.48,"

Hey Jude, don't be a fool
Take a sad song and make it better
The minute you let her into your heart
Then you can start to make it better

Hey Jude, don't let me down
Take a sad song and make it better
The minute you let her into your heart
Then you can start to make it better

Let it out and let in
Hey Jude begin
To making the world a little better
Don't you know that it's a fool
Who plays it cool
In making the world a little better




Na na na na na na na
Na na na na na na na
Na na na na na na na
",1.0,Hey Jude,rock,41.0,https://p.scdn.co/mp3-preview/62f1abc30037c19352ff31885aba4ec723430a4f?cid=b3cdb16d0df2409abf6a8f6c2f6c2e0c,0.0278,78.628,4.0,https://api.spotify.com/v1/tracks/3tNyFKxcFszV0TiDDJsYVx,track_29,3.0,spotify:track:3tNyFKxcFszV0TiDDJsYVx,0.627,track
0.222,4RggYxkf40auRlIEyjBiXo,https://api.spotify.com/v1/audio-analysis/3oAV5Aa8zx9buAu15zHNlq,['0rvjqX7ttXeg3mTy8Xscbt'],Journey,"['AD', 'AE', 'AR', 'AU', 'BE', 'BG', 'BH', 'BO', 'BR', 'CA', 'CH', 'CL', 'CO', 'CR', 'CY', 'CZ', 'DK', 'DO', 'DZ', 'EC', 'EE', 'EG', 'ES', 'FI', 'FR', 'GB', 'GR', 'GT', 'HK', 'HN', 'HU', 'ID', 'IE', 'IL', 'IN', 'IS', 'IT', 'JO', 'JP', 'KW', 'LB', 'LI', 'LT', 'LU', 'LV', 'MA', 'MC', 'MT', 'MX', 'MY', 'NI', 'NL', 'NO', 'NZ', 'OM', 'PA', 'PE', 'PH', 'PL', 'PS', 'PT', 'PY', 'QA', 'RO', 'SA', 'SE', 'SG', 'SK', 'SV', 'TH', 'TN', 'TR', 'TW', 'UY', 'VN', 'ZA']",BE,0.492,1.0,248827.0,0.782,https://api.spotify.com/v1/tracks/3oAV5Aa8zx9buAu15zHNlq,3oAV5Aa8zx9buAu15zHNlq,0.0,4.0,0.47,-7.649,"

Just a small town girl
Living in a lonely world
She took the midnight train
Going anywhere

Just a city boy
Born and raised in South Detroit
He took the midnight train
Going anywhere

A singer in a smoky room
A smell of wine and cheap perfume
For a smile they can share the night
It goes on and on and on and on

Strangers waiting
Up and down the boulevard
Their shadows searching in the night
Streetlights, people
Living just to find emotion
Hiding somewhere in the night

Working hard to get my fill
Everybody wants a thrill
Payin' anything to roll the dice
Just one more time

Some will win, some will lose
Some were born to sing the blues
Oh, the movie never ends
It goes on and on and on and on

Strangers waiting
Up and down the boulevard
Their shadows searching in the night
Streetlights, people
Living just to find emotion
Hiding somewhere in the night


Don't stop believin'
Hold on to that feeling
Streetlights, people
Ohohohhhhhhhhhh
Don't stop believin'
Hold on
Streetlights, people
Ohohohhhhhhhhhh
Don't stop believin'
Hold on to that feeling
Streetlights, people
Ohohohhhhhhhhhh
",1.0,Don't Stop Believin',rock,34.0,https://p.scdn.co/mp3-preview/48831ef76845712fdb3b0f036ae97d74c740c0c4?cid=b3cdb16d0df2409abf6a8f6c2f6c2e0c,0.0404,119.24,4.0,https://api.spotify.com/v1/tracks/3oAV5Aa8zx9buAu15zHNlq,track_21,2.0,spotify:track:3oAV5Aa8zx9buAu15zHNlq,0.472,track
0.0913,4uI60dVqyZ6pVU36oUb0j2,https://api.spotify.com/v1/audio-analysis/2Qx7S6Dj4vMVQlZyOCmMGI,['0LFsP7WPfu5inz9a1amcE4'],Black Sabbath,"['AD', 'AE', 'AR', 'AT', 'AU', 'BE', 'BG', 'BH', 'BO', 'BR', 'CA', 'CH', 'CL', 'CO', 'CR', 'CY', 'CZ', 'DE', 'DK', 'DO', 'DZ', 'EC', 'EE', 'EG', 'ES', 'FI', 'FR', 'GB', 'GR', 'GT', 'HK', 'HN', 'HU', 'ID', 'IE', 'IL', 'IN', 'IS', 'IT', 'JO', 'JP', 'KW', 'LB', 'LI', 'LT', 'LU', 'LV', 'MA', 'MC', 'MT', 'MX', 'MY', 'NI', 'NL', 'NO', 'NZ', 'OM', 'PA', 'PE', 'PH', 'PL', 'PS', 'PT', 'PY', 'QA', 'RO', 'SA', 'SE', 'SG', 'SK', 'SV', 'TH', 'TN', 'TR', 'TW', 'US', 'UY', 'VN', 'ZA']",FI,0.803,1.0,144211.0,0.624,https://api.spotify.com/v1/tracks/2Qx7S6Dj4vMVQlZyOCmMGI,2Qx7S6Dj4vMVQlZyOCmMGI,3.71e-06,2.0,0.0996,-6.82,"

I need to testify if the church will hear me/
I been going through some things it wasn't pretty/
Stress up on my shoulders it was very heavy/
And it almost drove me to a fifth of Henny/
They say they love are they with me?/
I could spell it but still, they wouldn't get me/
And I looked for help but there was barely any/
I would ring-ring but they wouldn't hear me/
Now I'm going off like a loaded semi/
Or a broken levy. Nothing you can tell me/
Get these wheels spinning like I'm Penny Penny/
Gotta take my shot coz we don't get that many/
And I lost my faith, oh lord please forgive me/
Now I'm riding shotgun Jesus with me/
Got my armour on in case these demons tempt me/
Can I get an amen swear that yall don't hear me!/

Once I get into my zone, watch me watch me switch it up
I've been gone for a minute now I'm back to pick it up
Ok ok this my song,  DJ turn that record up/
I just love the way it's hitting when
I'm twisted with my cup//

Sometimes t feels like I'm way too young
Rushing to be one of the greats to much
Missing my blessings coz I don;t pray enough
And really can't focus my thoughts stray too much
Had to ask myself some questions to help me to be a better man/
Instead of being jealous of niggas I'm clearly better than/
Thoughts would race like adrenaline, dealt with storms like the weatherman/
I was down at the bottom, was never planning on settling/
So please pardon all these sad boy raps/
I've been bobbing and weaving these bears claw traps/
Enemies claim to be friends, with their claws in you back/
Niggas for the birds, I been giving scarecrows daps/
Still, miss people that I can't call on the phone/
I love them to death, but it's best that we just leave it alone/
I'm not the kid they used to know anymore now that I'm grown/
They probably don't get me its cool, I guess it's each to his own/
I'm sure this is how Esco was feeling when it was written/
I pray to let my thoughts all spill, Lord willing/
Imma make a difference. And I put that on my life though/
Put my life into these bars so forgive me if I write slow/
I wear the flaws on my skin and I embrace every typo/
When all the city light blow, imma let my light show/
Niggas still got wack bars like bad tenants/
Its safe to say that I hear it, I just can't live with it

Once I get into my zone, watch me watch me switch it up
I've been gone for a minute now I'm back to pick it up
Ok ok this my song,  DJ turn that record up/
I just love the way it's hitting when
I'm twisted with my cup//
",0.0,Paranoid,rock,36.0,https://p.scdn.co/mp3-preview/a0638b7ab3abfadddda2ada4ebdad35efdbc6bc1?cid=b3cdb16d0df2409abf6a8f6c2f6c2e0c,0.277,100.027,4.0,https://api.spotify.com/v1/tracks/2Qx7S6Dj4vMVQlZyOCmMGI,track_11,7.0,spotify:track:2Qx7S6Dj4vMVQlZyOCmMGI,0.681,track
0.721,3nIxtIMxYqCiD7ZDE0payb,https://api.spotify.com/v1/audio-analysis/3MGNretkjfPdtL1YfZY34Z,['7nwUJBm0HE4ZxD3f5cy5ok'],Simon & Garfunkel,"['AD', 'AE', 'AR', 'AT', 'AU', 'BE', 'BG', 'BH', 'BO', 'BR', 'CA', 'CH', 'CL', 'CO', 'CR', 'CY', 'CZ', 'DE', 'DK', 'DO', 'DZ', 'EC', 'EE', 'EG', 'ES', 'FI', 'FR', 'GB', 'GR', 'GT', 'HK', 'HN', 'HU', 'ID', 'IE', 'IL', 'IS', 'IT', 'JO', 'JP', 'KW', 'LB', 'LI', 'LT', 'LU', 'LV', 'MA', 'MC', 'MT', 'MX', 'MY', 'NI', 'NL', 'NO', 'NZ', 'OM', 'PA', 'PE', 'PH', 'PL', 'PS', 'PT', 'PY', 'QA', 'RO', 'SA', 'SE', 'SG', 'SK', 'SV', 'TH', 'TN', 'TR', 'TW', 'US', 'UY', 'VN', 'ZA']",FI,0.481,1.0,331360.0,0.395,https://api.spotify.com/v1/tracks/3MGNretkjfPdtL1YfZY34Z,3MGNretkjfPdtL1YfZY34Z,4.93e-05,10.0,0.451,-9.017,"

(Don't trouble the water)
I won't (leave it alone)
(Why don't you, why don't you, let it be?)
Um hum hum
(Still water run deep... yes it do)
I know that
(Whoa-o-o-yeah)
If you only believe
(Don't trouble the water)
Said I wouldn't (leave it alone)
(Why don't you, why don't you, let it be?)
Umm (still water run deep)
Yes it do
(Yes it do whoa-oh-ho yeah), if you only believe

When you're down and out
When you're on the street
When evening falls so hard
I will comfort you
I'll take your part
Oh when darkness comes
And pain is all, is all around

Just like a bridge over troubled water
I will lay me down
(Like a bridge)
Just like a bridge
(Over troubled) over troubled water
I will lay me down

Sail on silver girl
Sail on by
Your time has come to shine
All of your dreams are on their way
(See how they shine?)
Ooooh and if you ever need a friend
(Need a friend)
Look around, I'm sailing right behind

Just like a bridge
(Bridge (over) over (troubled) water
I'll be there to lay me down
(Like a bridge)
Like a bridge over (troubled water) troubled water
I will lay me down
Ooooh I'll be your bridge
Yes I will

(Don't trouble the water)
Said I wouldn't
(Leave it alone)
Well (why don't you, why don't you, let it be?)
Uh-huh (still water run deep)
I know that
(Yes it do) yeah (oh-oh-oh yeah)
Still water (don't trouble the water)
Yeah
(Leave it alone, why don't you, why don't you, let it be)
Talking bout still water
(Still water run deep)
You know they run deep
(Yes it do) uh-huh (oh-ho-ho-yeah)
Well I'm gonna be your bridge yeah!
(Don't trouble the water)
The troubled water (leave it alone)
Oh!

(Why don't you, why don't you, let it be?)
Come on come on
Walk out on me
(Still water run deep)
Oh
(Yes it do)...
",1.0,Bridge over Troubled Water,rock,46.0,https://p.scdn.co/mp3-preview/7c3f2eb0a745f438c69d38f2e58802fe08149df1?cid=b3cdb16d0df2409abf6a8f6c2f6c2e0c,0.0319,77.89,4.0,https://api.spotify.com/v1/tracks/3MGNretkjfPdtL1YfZY34Z,track_21,43.0,spotify:track:3MGNretkjfPdtL1YfZY34Z,0.373,track
0.0149,0QWjK3wGoCug92yQIeBdxu,https://api.spotify.com/v1/audio-analysis/38bHLl4pznhxzRJLuw1OA7,['34jw2BbxjoYalTp8cJFCPv'],Heart,"['AD', 'AE', 'AR', 'AT', 'BE', 'BG', 'BH', 'BO', 'BR', 'CA', 'CH', 'CL', 'CO', 'CR', 'CY', 'CZ', 'DE', 'DK', 'DO', 'DZ', 'EC', 'EE', 'EG', 'ES', 'FI', 'FR', 'GB', 'GR', 'GT', 'HK', 'HN', 'HU', 'ID', 'IE', 'IL', 'IN', 'IS', 'IT', 'JO', 'JP', 'KW', 'LB', 'LI', 'LT', 'LU', 'LV', 'MA', 'MC', 'MT', 'MX', 'MY', 'NI', 'NL', 'NO', 'OM', 'PA', 'PE', 'PH', 'PL', 'PS', 'PT', 'PY', 'QA', 'RO', 'SA', 'SE', 'SG', 'SK', 'SV', 'TH', 'TN', 'TR', 'TW', 'US', 'UY', 'VN', 'ZA']",BE,0.544,1.0,262160.0,0.73,https://api.spotify.com/v1/tracks/38bHLl4pznhxzRJLuw1OA7,38bHLl4pznhxzRJLuw1OA7,0.0983,4.0,0.146,-12.046,"


So this ain't the end, I saw you again today
I had to turn my heart away
Smile like the sun, kisses for everyone
And tales, it never fails!

You lying so low into the weeds
I bet you gonna ambush me
You'd have me down, down, down, down on my knees
Now won't you, Barracuda?


Back over time, we were all trying for free
You met the porpoise and me
No right, no wrong, you're selling a song, a name
Whisper game

And if the real thing don't do the trick
You better make up something quick
You gonna burn, burn, burn, burn burn to the wick
Ooh, Barracuda

""Sell me sell you"" the porpoise said
Dive down deep to save my head
I think that you got the blues, too
All that night and all the next
Swam without looking back
Made for the western pools, silly, silly fools!


If the real thing don't do the trick, no
You better make up something quick
You gonna burn, burn, burn, burn, burn it to the wick
Ohh, Bara-Barracuda

",0.0,Barracuda,rock,56.0,https://p.scdn.co/mp3-preview/e495eb60d192a4b2feb5bedb0de498e6dba4f118?cid=b3cdb16d0df2409abf6a8f6c2f6c2e0c,0.0361,137.134,4.0,https://api.spotify.com/v1/tracks/38bHLl4pznhxzRJLuw1OA7,track_2,14.0,spotify:track:38bHLl4pznhxzRJLuw1OA7,0.678,track
0.0688,0HQ1iqQe3NFFWxs8x4pfJg,https://api.spotify.com/v1/audio-analysis/0V4ZrRpuaXTjhSMvMS62R5,['0inqWv3OS4VpWt691ki8yk'],Nirvana,"['AD', 'AE', 'AR', 'AT', 'AU', 'BE', 'BG', 'BH', 'BO', 'BR', 'CA', 'CH', 'CL', 'CO', 'CR', 'CY', 'CZ', 'DE', 'DK', 'DO', 'DZ', 'EC', 'EE', 'EG', 'ES', 'FI', 'FR', 'GB', 'GR', 'GT', 'HK', 'HN', 'HU', 'ID', 'IE', 'IL', 'IN', 'IS', 'IT', 'JO', 'JP', 'KW', 'LB', 'LI', 'LT', 'LU', 'LV', 'MA', 'MC', 'MT', 'MX', 'MY', 'NI', 'NL', 'NO', 'NZ', 'OM', 'PA', 'PE', 'PH', 'PL', 'PS', 'PT', 'PY', 'QA', 'RO', 'SA', 'SE', 'SG', 'SK', 'SV', 'TH', 'TN', 'TR', 'TW', 'US', 'UY', 'VN', 'ZA']",FI,0.582,1.0,323667.0,0.85,https://api.spotify.com/v1/tracks/0V4ZrRpuaXTjhSMvMS62R5,0V4ZrRpuaXTjhSMvMS62R5,0.0,7.0,0.0947,-7.578,"
I'm so happy 'cause today
I've found my friends, they're in my head
I'm so ugly, that's OK
'Cause so are you, broke our mirrors
Sunday mornin' is every day
For all I care and I'm not scared
Light my candles in a daze
'Cause I've found God
Yeah!
Yeah!
Yeah!
Yeah!
Yeah!
Yeah!
Yeah!
I'm so lonely, that's OK
I shaved my head and I'm not sad
And just maybe I'm to blame
For all I've heard but I'm not sure
I'm so excited, I can't wait
To meet you there and I don't care
I'm so horny, that's OK
My will is good
Yeah!
Yeah!
Yeah!
Yeah!
Yeah!
Yeah!
Yeah!
I like it, I'm not gonna crack
I miss you, I'm not gonna crack
I love you, I'm not gonna crack
I kill you, I'm not gonna crack
I like it, I'm not gonna crack
I miss you, I'm not gonna crack
I love you, I'm not gonna crack
I kill you, I'm not gonna
Crack
I'm so happy 'cause today
I've found my friends, they're in my head
I'm so ugly, that's OK
'Cause so are you, broke our mirrors
Sunday mornin' is every day
For all I care and I'm not scared
Light my candles in a daze
'Cause I've found God
Yeah!
Yeah!
Yeah!
Yeah!
Yeah!
Yeah!
Yeah!
I like it, I'm not gonna crack
I miss you, I'm not gonna crack
I love you, I'm not gonna crack
I kill you, I'm not gonna crack
I like it, I'm not gonna crack
I miss you, I'm not gonna crack
I love you, I'm not gonna crack
I kill you, I'm not gonna
Crack
",1.0,Lithium,rock,43.0,https://p.scdn.co/mp3-preview/9779669cbedf41c8778b71fb989885cd0d63a8c0?cid=b3cdb16d0df2409abf6a8f6c2f6c2e0c,0.055,122.218,4.0,https://api.spotify.com/v1/tracks/0V4ZrRpuaXTjhSMvMS62R5,track_54,4.0,spotify:track:0V4ZrRpuaXTjhSMvMS62R5,0.321,track
0.0472,4hbJf24TNEaia99QuIYxEh,https://api.spotify.com/v1/audio-analysis/52SIh80AB2eSVmMfvcWUTP,['0o05MzSK2Y0ieIzF6l0EDL'],The Doors,"['AD', 'AE', 'AR', 'AT', 'AU', 'BE', 'BG', 'BH', 'BO', 'BR', 'CA', 'CH', 'CL', 'CO', 'CR', 'CY', 'CZ', 'DE', 'DK', 'DO', 'DZ', 'EC', 'EE', 'EG', 'ES', 'FI', 'FR', 'GB', 'GR', 'GT', 'HK', 'HN', 'HU', 'ID', 'IE', 'IL', 'IN', 'IS', 'IT', 'JO', 'JP', 'KW', 'LB', 'LI', 'LT', 'LU', 'LV', 'MA', 'MC', 'MT', 'MX', 'MY', 'NI', 'NL', 'NO', 'NZ', 'OM', 'PA', 'PE', 'PH', 'PL', 'PS', 'PT', 'PY', 'QA', 'RO', 'SA', 'SE', 'SG', 'SK', 'SV', 'TH', 'TN', 'TR', 'TW', 'US', 'UY', 'VN', 'ZA']",BE,0.658,1.0,256297.0,0.945,https://api.spotify.com/v1/tracks/52SIh80AB2eSVmMfvcWUTP,52SIh80AB2eSVmMfvcWUTP,0.0104,5.0,0.15,-9.44,"

Sorridi provocandomi
Con gli occhi mi incateni qui
Mi lasci andare tanto sai
Che puoi riprendermi
You're drowning in the deep for me (sei sabbie mobili)
I love the way I'm drawn to you (tu sai accendermi)
Just like oceans rise to kiss the moon
It's gravity, our love is like gravity

Tu che mi dai vita completamente
Calmami e di colpo pretendimi
Mani come nodi stringono noi
Che attraversiamo sabbie mobili
Bring me back to life when you light my fire
Makes me feel so high never coming down
It's more than just fantasy come true
I feel your love rising from deep inside of me
Up to ecstasy, fino all'estasi

Your desire's pulling me
To exaclty where I need to be
It's so good that I can hardly breathe
I feel it take over me
Mi lasci ancora immergere (you give me all you've got)
Sei acqua che sa spegnermi (you make me feel so free)
E il tuo sapore diventerà forza di gravità

Bring me back to life when you light my fire
Makes me feel so high never coming down
Take control and show me how it feels
To go from heaven up to ecstasy
Sento ogni battito del tuo cuore
Stringere i miei sensi immobili
Un sospiro appeso a un brivido qui
Che così intenso dal profondo sale su
Fino all'estasi

You're drowning in the deep for me
Don't fight it just let it be (fino all'estasi)
Now your desire's pulling me
Our love is like gravity, it's gravity, baby

Tu che mi dai vita completamente
Calmami e di colpo pretendimi
Take control and show me how it feels
To go from heaven up to ecstasy
Sento ogni battito del tuo cuore
Stringere i miei sensi immobili
It's more than just fantasy come true
I feel your love rising from deep inside of me
Up to ecstasy, fino all'estasi
Up to ecstasy
",0.0,Light My Fire,rock,35.0,https://p.scdn.co/mp3-preview/3738b52584c931a27b5d804a77ecb9e000d3981a?cid=b3cdb16d0df2409abf6a8f6c2f6c2e0c,0.0473,139.866,4.0,https://api.spotify.com/v1/tracks/52SIh80AB2eSVmMfvcWUTP,track_49,2.0,spotify:track:52SIh80AB2eSVmMfvcWUTP,0.511,track
0.942,3GLIXA3lo0L8S5LBfX7UzX,https://api.spotify.com/v1/audio-analysis/4xVtiYLS2q1r6bY1Wio7Tu,"['14eQOEJwQwEFzqlaXuSMjf', '721Thvnq29Or9LXUyfF75c']",John Lennon,"['AD', 'AE', 'AR', 'AT', 'AU', 'BE', 'BG', 'BH', 'BO', 'BR', 'CA', 'CH', 'CL', 'CO', 'CR', 'CY', 'CZ', 'DE', 'DK', 'DO', 'DZ', 'EC', 'EE', 'EG', 'ES', 'FI', 'FR', 'GB', 'GR', 'GT', 'HK', 'HN', 'HU', 'ID', 'IE', 'IL', 'IN', 'IS', 'IT', 'JO', 'JP', 'KW', 'LB', 'LI', 'LT', 'LU', 'LV', 'MA', 'MC', 'MT', 'MX', 'MY', 'NI', 'NL', 'NO', 'NZ', 'OM', 'PA', 'PE', 'PH', 'PL', 'PS', 'PT', 'PY', 'QA', 'RO', 'SA', 'SE', 'SG', 'SK', 'SV', 'TH', 'TN', 'TR', 'TW', 'US', 'UY', 'VN', 'ZA']",BE,0.481,1.0,215453.0,0.119,https://api.spotify.com/v1/tracks/4xVtiYLS2q1r6bY1Wio7Tu,4xVtiYLS2q1r6bY1Wio7Tu,0.00165,2.0,0.0876,-12.404,"
Nice to meet you, where you been?
I could show you incredible things
Magic, madness, heaven, sin
Saw you there and I thought
Oh my God, look at that face
You look like my next mistake
Love's a game, wanna play?
Cause we're young and we're reckless
We'll take this way too far
It'll leave you breathless
Or with a nasty scar
Got a long list of ex-lovers
They'll tell you I'm insane
But I've got a blank space, baby
And I'll write your name
Your name
New money, suit and tie
You can read me like a magazine
Ain't it funny, rumors fly
And I know you heard about me
So hey, let's be friends
I'm wanna see how this one ends
Grab your passport and my hand
Cause we're young and we're reckless
We'll take this way too far
It'll leave you breathless
Or with a nasty scar
Got a long list of ex-lovers
They'll tell you I'm insane
But I've got a blank space, baby
And I'll write your name
Your name
Boys only want love if it's torture
Don't say I didn't say, I didn't warn ya
Boys only want love if it's torture
Don't say I didn't say, I didn't warn ya
So it's gonna be forever
Or it's gonna go down in flames
You can tell me when it's over
If the high was worth the pain
Got a long list of ex-lovers
They'll tell you I'm insane
Cause you know I love the players
And you love the game
We're young and we're reckless
We'll take this way too far
It'll leave you breathless
Or with a nasty scar
Got a long list of ex-lovers
They'll tell you I'm insane
But I've got a blank space, baby
And I'll write your name
Your name
",1.0,Imagine,rock,38.0,https://p.scdn.co/mp3-preview/607f875166b520ab93d7fcbf61b3df23b76983fe?cid=b3cdb16d0df2409abf6a8f6c2f6c2e0c,0.0388,136.17,4.0,https://api.spotify.com/v1/tracks/4xVtiYLS2q1r6bY1Wio7Tu,track_20,1.0,spotify:track:4xVtiYLS2q1r6bY1Wio7Tu,0.259,track
0.0185,48sxpy1XGBS2dVU8ebh9lY,https://api.spotify.com/v1/audio-analysis/7pB0pcMnVka16fXA9oXzap,['5vvlfKQdn6amTImsjy9Si5'],Guns N Roses,"['AD', 'AE', 'AR', 'AT', 'AU', 'BE', 'BG', 'BH', 'BO', 'BR', 'CA', 'CH', 'CL', 'CO', 'CR', 'CY', 'CZ', 'DE', 'DK', 'DO', 'DZ', 'EC', 'EE', 'EG', 'ES', 'FI', 'FR', 'GB', 'GR', 'GT', 'HK', 'HN', 'HU', 'ID', 'IE', 'IL', 'IN', 'IS', 'IT', 'JO', 'JP', 'KW', 'LB', 'LI', 'LT', 'LU', 'LV', 'MA', 'MC', 'MT', 'MX', 'MY', 'NI', 'NL', 'NO', 'NZ', 'OM', 'PA', 'PE', 'PH', 'PL', 'PS', 'PT', 'PY', 'QA', 'RO', 'SA', 'SE', 'SG', 'SK', 'SV', 'TH', 'TN', 'TR', 'TW', 'US', 'UY', 'VN', 'ZA']",BE,0.558,1.0,216747.0,0.798,https://api.spotify.com/v1/tracks/7pB0pcMnVka16fXA9oXzap,7pB0pcMnVka16fXA9oXzap,0.0745,7.0,0.0931,-5.238,"

I want you to know
I ain’t wasting your time
Don’t wanna throw
It all away without trying
You seen my face
And you can tell that I’m sure
Don’t wanna be
Without you anymore

I’m throwing all my fears away
Let’s take a pen and write it
I’m down for you, cosign it
And even if you’re miles away
I want you to know that I’m…

Giving you all of my focus
Giving you (giving you)
All of my focus
Giving you (giving you)
All of my focus
Giving you (giving you)
All of my focus
Giving you all of my focus

All I know
You know I appreciate it
No need to be
So complicated
How ‘bout we chill
And let’s get creative
You know the deal
You know I’m dedicated

I’m throwing all my fears away
Let’s take a pen and write it
I’m down for you, cosign it
And even if you’re miles away
I want you to know that I’m…

Giving you all of my focus
Giving you (giving you)
All of my focus
Giving you (giving you)
All of my focus
Giving you (giving you)
All of my focus
Giving you all of my focus
All of my focus
Giving you (giving you)
All of my focus
Giving you (giving you)
All of my focus
Giving you (giving you)
All of my focus
Giving you all of my focus

One too many times
I lost something amazing
Too scared I kept delaying
One too many times
But now I know I’m ready…

Too give you all of my focus
Giving you (giving you)
All of my focus
Giving you (giving you)
All of my focus
Giving you (giving you)
All of my focus
Giving you all of my focus
All of my focus
Giving you (giving you)
All of my focus
Giving you (giving you)
All of my focus
Giving you (giving you)
All of my focus
Giving you all of my focus
",1.0,Sweet Child O' Mine,rock,40.0,https://p.scdn.co/mp3-preview/8377391645f26384fd3e5517a004e791bd1f3409?cid=b3cdb16d0df2409abf6a8f6c2f6c2e0c,0.0325,126.042,4.0,https://api.spotify.com/v1/tracks/7pB0pcMnVka16fXA9oXzap,track_4,6.0,spotify:track:7pB0pcMnVka16fXA9oXzap,0.779,track
6.84e-05,4j1A1HN0deBbS7ZylrF2Gh,https://api.spotify.com/v1/audio-analysis/1caNzSrwm2CP4GNHLjdgmg,['70BYFdaZbEKbeauJ670ysI'],David Bowie,"['AD', 'AE', 'AR', 'AT', 'AU', 'BE', 'BG', 'BH', 'BO', 'BR', 'CH', 'CL', 'CO', 'CR', 'CY', 'CZ', 'DE', 'DK', 'DO', 'DZ', 'EC', 'EE', 'EG', 'ES', 'FI', 'FR', 'GR', 'GT', 'HK', 'HN', 'HU', 'ID', 'IE', 'IL', 'IS', 'IT', 'JO', 'JP', 'KW', 'LB', 'LI', 'LT', 'LU', 'LV', 'MA', 'MC', 'MT', 'MX', 'MY', 'NI', 'NL', 'NO', 'NZ', 'OM', 'PA', 'PE', 'PH', 'PL', 'PS', 'PT', 'PY', 'QA', 'RO', 'SA', 'SE', 'SG', 'SK', 'SV', 'TH', 'TN', 'TR', 'TW', 'UY', 'VN', 'ZA']",BE,0.379,1.0,204027.0,0.901,https://api.spotify.com/v1/tracks/1caNzSrwm2CP4GNHLjdgmg,1caNzSrwm2CP4GNHLjdgmg,2.97e-05,0.0,0.0933,-4.81,"

Stare in wonder, who's here to bring you down?
Find your martyr, I'm sure you've made the crown
So light a fire under my bones
So when, I die for you, at least I'll die alone

Ain't nothing for me to end up like this
There's no comparing me this time

All my heroes have now become ghosts
Sold their sorrow to the ones who paid the most
All my heroes are dead and gone
But down inside of me, they still live on

Dark devotion in a vacant paradise
Shows no emotion to a willing sacrifice
You can put a man on trial, but you can't make the guilty pay
And you can cage an animal, but you can't take away the rage

Ain't nothing for me to end up like this
There's no comparing me this time

All my heroes have now become ghosts
Sold their sorrow to the ones who paid the most
All my heroes are dead and gone
But down inside of me, they still live on

All my heroes have now become ghosts
Sold their sorrow to the ones who paid the most
All my heroes are dead and gone
But down inside of me, they still live on

They're all dead and gone
",0.0,Heroes,rock,36.0,https://p.scdn.co/mp3-preview/50287d5a95c5451895c3aa5a8c36af292e5b9ef9?cid=b3cdb16d0df2409abf6a8f6c2f6c2e0c,0.0349,168.976,4.0,https://api.spotify.com/v1/tracks/1caNzSrwm2CP4GNHLjdgmg,track_22,2.0,spotify:track:1caNzSrwm2CP4GNHLjdgmg,0.691,track
0.00122,3jnpSp6PmwPhaa5PkaNYTk,https://api.spotify.com/v1/audio-analysis/0Ld77zaq65SISfHELLtBWr,['2Nvaq4y2ygxIqfwXyz0HeH'],U2,"['AD', 'AE', 'AR', 'AT', 'AU', 'BE', 'BG', 'BH', 'BO', 'BR', 'CA', 'CH', 'CL', 'CO', 'CR', 'CY', 'CZ', 'DE', 'DK', 'DO', 'DZ', 'EC', 'EE', 'EG', 'ES', 'FI', 'FR', 'GB', 'GR', 'GT', 'HK', 'HN', 'HU', 'ID', 'IE', 'IL', 'IN', 'IS', 'IT', 'JO', 'JP', 'KW', 'LB', 'LI', 'LT', 'LU', 'LV', 'MA', 'MC', 'MT', 'MX', 'MY', 'NI', 'NL', 'NO', 'NZ', 'OM', 'PA', 'PE', 'PH', 'PL', 'PS', 'PT', 'PY', 'QA', 'RO', 'SA', 'SE', 'SG', 'SK', 'SV', 'TH', 'TN', 'TR', 'TW', 'US', 'UY', 'VN', 'ZA']",BE,0.521,1.0,282387.0,0.669,https://api.spotify.com/v1/tracks/0Ld77zaq65SISfHELLtBWr,0Ld77zaq65SISfHELLtBWr,0.000883,0.0,0.094,-6.25,"

Wake up the white lights are calling
The weight of the world is pressing down
Watch out, the skyline has fallen
Transmission is lost into the crowd
For so long I've been hoping
One day we can run away
Your wild eyes have got lost forever
But just know I'll find you anyway

I've been waiting so long
I was holding out
Up in the dark, up in the Echo Park
With broken glass in my hand
We've been bleeding out
Waiting for the night
Waiting  for the night to start

Till we are one
So we just stare into the sun
Cold like the metal of a gun
Never know, never know until we run
Till we are one

Lost now, I've been searching
Washed out along the city lights
Each day the signal is stronger
So I know that there's still a fight

I've been waiting so long
I was holding out
Up in the dark, up in the Echo Park
With broken glass in my hand
We've been bleeding out
Waiting for the night
Waiting  for the night to start

Till we are one
So we just stare into the sun
Cold like the metal of a gun
Never know, never know until we run
Until we are one
Yeah we just stare into the sun
Cold like the metal of a gun
Never know, never know until we run
Until we are one


Until we are one
So we just stare into the sun
Cold like metal of a gun
Never know, never know until we run
Till we are one
Till we are one
Till we are one
Till we are one
Till we are one
Till we are one
Till we are one
",1.0,One,rock,50.0,https://p.scdn.co/mp3-preview/ce888105051a8a42914bc5f58b25dd019e154c20?cid=b3cdb16d0df2409abf6a8f6c2f6c2e0c,0.0295,103.05,4.0,https://api.spotify.com/v1/tracks/0Ld77zaq65SISfHELLtBWr,track_21,1.0,spotify:track:0Ld77zaq65SISfHELLtBWr,0.169,track
0.0018,1hg0pQJLE9dzfT1kgZtDPr,https://api.spotify.com/v1/audio-analysis/5hmRhU6fWzH0NjYmfhHjhp,['6tbjWDEIzxoDsBA1FuhfPW'],Van Halen,"['AD', 'AE', 'AR', 'AT', 'AU', 'BE', 'BG', 'BH', 'BO', 'BR', 'CA', 'CH', 'CL', 'CO', 'CR', 'CY', 'CZ', 'DE', 'DK', 'DO', 'DZ', 'EC', 'EE', 'EG', 'ES', 'FI', 'FR', 'GB', 'GR', 'GT', 'HK', 'HN', 'HU', 'ID', 'IE', 'IL', 'IS', 'IT', 'JO', 'JP', 'KW', 'LB', 'LI', 'LT', 'LU', 'LV', 'MA', 'MC', 'MT', 'MX', 'MY', 'NI', 'NL', 'NO', 'NZ', 'OM', 'PA', 'PE', 'PH', 'PL', 'PS', 'PT', 'PY', 'QA', 'RO', 'SA', 'SE', 'SG', 'SK', 'SV', 'TH', 'TN', 'TR', 'TW', 'US', 'UY', 'VN', 'ZA']",FI,0.629,1.0,238560.0,0.839,https://api.spotify.com/v1/tracks/5hmRhU6fWzH0NjYmfhHjhp,5hmRhU6fWzH0NjYmfhHjhp,0.0859,9.0,0.251,-7.061,"

There's only so much you can learn in one place
The more that I wait, the more time that I waste

I haven't got much time to waste
It's time to make my way
I'm not afraid of what I'll face
But I'm afraid to stay
I'm going down my road and I can make it alone
I'll work and I'll fight till I find a place of my own

Are you ready to jump?
Get ready to jump
Don't ever look back, oh baby
Yes, I'm ready to jump, just take my hand
Get ready to jump

We learned our lesson from the start
My sisters and me
The only thing you can depend on
Is your family
Life's gonna drop you down like the limbs of a tree
It sways and it swings and it bends until it makes you see

Are you ready to jump?
Get ready to jump
Don't ever look back, oh baby
Yes, I'm ready to jump, just take my hand
Get ready to
Are you ready?

There's only so much you can learn in one place
The more that you wait
The more time that you waste
I'll work and I'll fight till I find a place of my own
It sways and it swings and it bends until you make it your own

I can make it alone
I can make it alone
I can make it alone
I can make it alone
I can make it alone
I can make it alone
I can make it alone
I can make it alone
I can make it alone
(My sisters and me)

Are you ready to jump?
Get ready to jump
Don't ever look back, oh baby
Yes, I'm ready to jump, just take my hand
Get ready to jump
Are you ready to jump?
Get ready to jump
Don't ever look back, oh baby
Yes, I'm ready to jump, just take my hand
Get ready to jump
",1.0,Jump,rock,57.0,https://p.scdn.co/mp3-preview/5b8060d2d621d6ad4a508e471bd6df4f055be523?cid=b3cdb16d0df2409abf6a8f6c2f6c2e0c,0.0899,118.979,4.0,https://api.spotify.com/v1/tracks/5hmRhU6fWzH0NjYmfhHjhp,track_16,8.0,spotify:track:5hmRhU6fWzH0NjYmfhHjhp,0.449,track
0.175,5rOHrnrRomvSJhQLGVtfJ8,https://api.spotify.com/v1/audio-analysis/2YSbHu9XF4bNYWt3MnIhgE,['20JZFwl6HVl6yg8a4H3ZqK'],Queen,"['AD', 'AR', 'AT', 'AU', 'BE', 'BG', 'BO', 'BR', 'CA', 'CH', 'CL', 'CO', 'CR', 'CY', 'CZ', 'DE', 'DK', 'DO', 'DZ', 'EC', 'EE', 'ES', 'FI', 'FR', 'GB', 'GR', 'GT', 'HK', 'HN', 'HU', 'ID', 'IE', 'IL', 'IS', 'IT', 'LI', 'LT', 'LU', 'LV', 'MA', 'MC', 'MT', 'MX', 'MY', 'NI', 'NL', 'NO', 'NZ', 'PA', 'PE', 'PH', 'PL', 'PT', 'PY', 'RO', 'SE', 'SG', 'SK', 'SV', 'TH', 'TR', 'TW', 'US', 'UY', 'VN', 'ZA']",BE,0.386,1.0,363114.0,0.562,https://api.spotify.com/v1/tracks/2YSbHu9XF4bNYWt3MnIhgE,2YSbHu9XF4bNYWt3MnIhgE,9.17e-06,10.0,0.209,-4.363,"

Is this the real life? Is this just fantasy?
Caught in a landslide, no escape from reality
Open your eyes, look up to the skies and see
I'm just a poor boy, I need no sympathy
Because I'm easy come, easy go, little high, little low
Any way the wind blows doesn't really matter to me, to me

Mama, just killed a man
Put a gun against his head
Pulled my trigger, now he's dead
Mama, life had just begun
But now I've gone and thrown it all away
Mama, ooh, didn't mean to make you cry
If I'm not back again this time tomorrow
Carry on, carry on as if nothing really matters
Too late, my time has come
Sends shivers down my spine, body's aching all the time
Goodbye, everybody, I've got to go
Gotta leave you all behind and face the truth
Mama, ooh
I don't want to die
I sometimes wish I'd never been born at all


I see a little silhouetto of a man
Scaramouche, Scaramouche, will you do the Fandango
Thunderbolt and lightning, very, very fright'ning me
(Galileo) Galileo, (Galileo) Galileo, Galileo figaro magnifico
I'm just a poor boy, nobody loves me
He's just a poor boy from a poor family
Spare him his life from this monstrosity
Easy come, easy go, will you let me go?
Bismillah! No, we will not let you go
(Let him go) Bismillah! We will not let you go
(Let him go) Bismillah! We will not let you go
(Let me go) Will not let you go
(Let me go) Will not let you go
(Let me go) Ah, no, no, no, no, no, no, no
(Oh mamma mia, mamma mia) Mamma mia, let me go
Beelzebub has a devil put aside for me, for me, for me

So you think you can stone me and spit in my eye?
So you think you can love me and leave me to die?
Oh, baby, can't do this to me, baby!
Just gotta get out, just gotta get right outta here!

Nothing really matters, anyone can see
Nothing really matters
Nothing really matters to me
Any way the wind blows
",1.0,Bohemian Rhapsody,rock,68.0,https://p.scdn.co/mp3-preview/1f8e6abafd07e2e9dde3cf35ba5827a7f2790533?cid=b3cdb16d0df2409abf6a8f6c2f6c2e0c,0.03,72.945,4.0,https://api.spotify.com/v1/tracks/2YSbHu9XF4bNYWt3MnIhgE,track_18,11.0,spotify:track:2YSbHu9XF4bNYWt3MnIhgE,0.228,track
0.545,3Gx0Yoem0yyteJnSZ9j77l,https://api.spotify.com/v1/audio-analysis/7fu3lFEf8dVfFuvKxhTPwP,['1I5eQkzyM8jCVZIM3k2bKL'],Radiohead,"['AD', 'AE', 'AR', 'AT', 'AU', 'BE', 'BG', 'BH', 'BO', 'BR', 'CA', 'CH', 'CL', 'CO', 'CR', 'CY', 'CZ', 'DE', 'DK', 'DO', 'DZ', 'EC', 'EE', 'EG', 'ES', 'FI', 'FR', 'GB', 'GR', 'GT', 'HK', 'HN', 'HU', 'ID', 'IE', 'IL', 'IN', 'IS', 'IT', 'JO', 'JP', 'KW', 'LB', 'LI', 'LT', 'LU', 'LV', 'MA', 'MC', 'MT', 'MX', 'MY', 'NI', 'NL', 'NO', 'NZ', 'OM', 'PA', 'PE', 'PH', 'PL', 'PS', 'PT', 'PY', 'QA', 'RO', 'SA', 'SE', 'SG', 'SK', 'SV', 'TH', 'TN', 'TR', 'TW', 'US', 'UY', 'VN', 'ZA']",BE,0.17,1.0,177144.0,0.349,https://api.spotify.com/v1/tracks/7fu3lFEf8dVfFuvKxhTPwP,7fu3lFEf8dVfFuvKxhTPwP,0.000341,2.0,0.341,-10.992,"
When you were here before
Couldn't look you in the eye
You're just like an angel
Your skin makes me cry
You float like a feather
In a beautiful world
I wish I was special
You're so very special
But I'm a creep
I'm a weirdo
What the hell am I doing here?
I don't belong here
I don't care if it hurts
I wanna have control
I want a perfect body
I want a perfect soul
I want you to notice
When I'm not around
I wish I was special
You're so very special
She's running out again
And, And she run
She run run run run
She run
But I'm a creep
I'm a weirdo
What the hell am I doing here?
I don't belong here
I don't belong here
",1.0,Creep,rock,53.0,https://p.scdn.co/mp3-preview/7dfde9c133006a3aa03326ca0894670a270e3edb?cid=b3cdb16d0df2409abf6a8f6c2f6c2e0c,0.04,184.057,4.0,https://api.spotify.com/v1/tracks/7fu3lFEf8dVfFuvKxhTPwP,track_33,1.0,spotify:track:7fu3lFEf8dVfFuvKxhTPwP,0.115,track
0.566,0AblfKOKyR8WmLvkE5Xx2F,https://api.spotify.com/v1/audio-analysis/2jyfk9fine86lnvW997j9J,['0PFtn5NtBbbUNbU9EAmIWF'],Toto,"['AD', 'AE', 'AR', 'AT', 'AU', 'BE', 'BG', 'BH', 'BO', 'BR', 'CA', 'CH', 'CL', 'CO', 'CR', 'CY', 'CZ', 'DE', 'DK', 'DO', 'DZ', 'EC', 'EE', 'EG', 'ES', 'FI', 'FR', 'GB', 'GR', 'GT', 'HK', 'HN', 'HU', 'ID', 'IE', 'IL', 'IN', 'IS', 'IT', 'JO', 'JP', 'KW', 'LB', 'LI', 'LT', 'LU', 'LV', 'MA', 'MC', 'MT', 'MX', 'MY', 'NI', 'NL', 'NO', 'NZ', 'OM', 'PA', 'PE', 'PH', 'PL', 'PS', 'PT', 'PY', 'QA', 'RO', 'SA', 'SE', 'SG', 'SK', 'SV', 'TH', 'TN', 'TR', 'TW', 'US', 'UY', 'VN', 'ZA']",BE,0.634,1.0,261440.0,0.567,https://api.spotify.com/v1/tracks/2jyfk9fine86lnvW997j9J,2jyfk9fine86lnvW997j9J,3.78e-05,9.0,0.0672,-8.184,"

I hear the drums echoing tonight
But she hears only whispers of some quiet conversation
She's coming in, 12:30 flight
The moonlit wings reflect the stars that guide me towards salvation
I stopped an old man along the way
Hoping to find some old forgotten words or ancient melodies
He turned to me as if to say
""Hurry boy, it's waiting there for you""

It's gonna take a lot to drag me away from you
There's nothing that a hundred men or more could ever do
I bless the rains down in Africa
Gonna take some time to do the things we never had

The wild dogs cry out in the night
As they grow restless longing for some solitary company
I know that I must do what's right
As sure as Kilimanjaro rises like Olympus above the Serengeti
I seek to cure what's deep inside
Frightened of this thing that I've become

It's gonna take a lot to drag me away from you
There's nothing that a hundred men or more could ever do
I bless the rains down in Africa
Gonna take some time to do the things we never had

Hurry boy, she's waiting there for you

It's gonna take a lot to drag me away from you
There's nothing that a hundred men or more could ever do
I bless the rains down in Africa
I bless the rains down in Africa
I bless the rains down in Africa
I bless the rains down in Africa
I bless the rains down in Africa
Gonna take some time to do the things we never had
",1.0,Africa,rock,42.0,https://p.scdn.co/mp3-preview/829030ffa17d0b59231ca40df12fcfc95f8e8a6a?cid=b3cdb16d0df2409abf6a8f6c2f6c2e0c,0.0427,92.212,4.0,https://api.spotify.com/v1/tracks/2jyfk9fine86lnvW997j9J,track_1,2.0,spotify:track:2jyfk9fine86lnvW997j9J,0.7,track
0.000676,2eAhp8bMVO4djz2PYoR3gM,https://api.spotify.com/v1/audio-analysis/4yBiZFLXn0n9AUJ5sWO88k,['2DaxqgrOhkeH0fpeiQq2f4'],Oasis,"['AD', 'AE', 'AR', 'AU', 'BG', 'BH', 'BO', 'BR', 'CL', 'CO', 'CR', 'CY', 'CZ', 'DO', 'DZ', 'EC', 'EE', 'EG', 'GR', 'GT', 'HK', 'HN', 'HU', 'ID', 'IL', 'IN', 'IT', 'JO', 'KW', 'LB', 'LI', 'LT', 'LV', 'MA', 'MT', 'MX', 'MY', 'NI', 'NZ', 'OM', 'PA', 'PE', 'PH', 'PL', 'PS', 'PY', 'QA', 'RO', 'SA', 'SG', 'SK', 'SV', 'TH', 'TN', 'TR', 'TW', 'UY', 'VN', 'ZA']",BE,0.402,2.0,258717.0,0.845,https://api.spotify.com/v1/tracks/4yBiZFLXn0n9AUJ5sWO88k,4yBiZFLXn0n9AUJ5sWO88k,0.0,2.0,0.158,-6.459,"

Today is gonna be the day that they're gonna throw it back to you
By now, you should have somehow realised what you gotta do
I don't believe that anybody feels the way I do, about you now

Backbeat, the word is on the street that the fire in your heart is out
I'm sure you've heard it all before but you never really had a doubt
I don't believe that anybody feels the way I do, about you now

And all the roads we have to walk are winding
And all the lights that lead us there are blinding
There are many things that I would like to say to you
But I don't know how

Because maybe
You're gonna be the one that saves me
And after all
You're my wonderwall

Today was gonna be the day but they'll never throw it back to you
By now you should've somehow realised what you're not to do
I don't believe that anybody feels the way I do, about you now

And all the roads that lead you there were winding
And all the lights that light the way are blinding
There are many things that I would like to say to you
But I don't know how

I said maybe
You're gonna be the one that saves me
And after all
You're my wonderwall
I said maybe (I said maybe)
You're gonna be the one that saves me
And after all
You're my wonderwall
I said maybe (I said maybe)
You're gonna be the one that saves me (That saves me)
You're gonna be the one that saves me (That saves me)
You're gonna be the one that saves me

",1.0,Wonderwall,rock,54.0,https://p.scdn.co/mp3-preview/2cfc1adf20f44a1523c1b5b5bedd4bdd8420d6f1?cid=b3cdb16d0df2409abf6a8f6c2f6c2e0c,0.0319,174.727,4.0,https://api.spotify.com/v1/tracks/4yBiZFLXn0n9AUJ5sWO88k,track_13,1.0,spotify:track:4yBiZFLXn0n9AUJ5sWO88k,0.686,track
0.804,466yqXpT3oIlEG4QLwIfc6,https://api.spotify.com/v1/audio-analysis/1ZyBSeyX7ISulW1NARgWFS,['4KWTAlx2RvbpseOGMEmROg'],REM,"['AD', 'AE', 'AR', 'AT', 'AU', 'BE', 'BG', 'BH', 'BO', 'BR', 'CA', 'CH', 'CL', 'CO', 'CR', 'CY', 'CZ', 'DE', 'DK', 'DO', 'DZ', 'EC', 'EE', 'EG', 'ES', 'FI', 'FR', 'GB', 'GR', 'GT', 'HK', 'HN', 'HU', 'ID', 'IE', 'IL', 'IS', 'IT', 'JO', 'JP', 'KW', 'LB', 'LT', 'LU', 'LV', 'MA', 'MC', 'MT', 'MX', 'MY', 'NI', 'NL', 'NO', 'NZ', 'OM', 'PA', 'PE', 'PH', 'PL', 'PT', 'PY', 'QA', 'RO', 'SA', 'SE', 'SG', 'SK', 'SV', 'TH', 'TN', 'TR', 'TW', 'US', 'UY', 'VN', 'ZA']",FI,0.692,1.0,293867.0,0.781,https://api.spotify.com/v1/tracks/1ZyBSeyX7ISulW1NARgWFS,1ZyBSeyX7ISulW1NARgWFS,0.0,9.0,0.929,-6.257,"


Oh, life is bigger
It's bigger than you and you are not me
The lengths that I will go to
The distance in your eyes
Oh no, I've said too much
I set it up

That's me in the corner
That's me in the spotlight
Losing my religion
Trying to keep up with you
And I don't know if I can do it
Oh no, I've said too much
I haven't said enough

I thought that I heard you laughing
I thought that I heard you sing
I think I thought I saw you try

Every whisper of every waking hour
I'm choosing my confessions
Trying to keep an eye on you
Like a hurt lost and blinded fool, fool
Oh no, I've said too much
I set it up

Consider this, consider this
The hint of the century
Consider this the slip
That brought me to my knees, failed
What if all these fantasies come flailing around?
Now I've said too much

I thought that I heard you laughing
I thought that I heard you sing
I think I thought I saw you try

But that was just a dream
That was just a dream

That's me in the corner
That's me in the spotlight
Losing my religion
Trying to keep up with you
And I don't know if I can do it
Oh no, I've said too much
I haven't said enough

I thought that I heard you laughing
I thought that I heard you sing
I think I thought I saw you try

But that was just a dream
Try, cry, why try?
That was just a dream, just a dream
Just a dream, dream
",0.0,Losing My Religion,rock,62.0,https://p.scdn.co/mp3-preview/e9d31f0e5fe84806a49c5b04a5c51f3f48a270c7?cid=b3cdb16d0df2409abf6a8f6c2f6c2e0c,0.0381,121.811,4.0,https://api.spotify.com/v1/tracks/1ZyBSeyX7ISulW1NARgWFS,track_16,10.0,spotify:track:1ZyBSeyX7ISulW1NARgWFS,0.716,track
0.0158,7tWPIz3f0HUGmzZlCDxqLh,https://api.spotify.com/v1/audio-analysis/3mxxAmuF5mRj3y6hoOaWnE,['3j4FHbC5zwmYGJ7r0ZgaMt'],Fleetwood Mac,"['AD', 'AE', 'AR', 'AT', 'AU', 'BE', 'BG', 'BH', 'BO', 'BR', 'CH', 'CL', 'CO', 'CR', 'CY', 'CZ', 'DE', 'DK', 'DO', 'DZ', 'EC', 'EE', 'EG', 'ES', 'FI', 'FR', 'GB', 'GR', 'GT', 'HK', 'HN', 'HU', 'ID', 'IE', 'IL', 'IN', 'IS', 'IT', 'JO', 'JP', 'KW', 'LB', 'LI', 'LT', 'LU', 'LV', 'MA', 'MC', 'MT', 'MX', 'MY', 'NI', 'NL', 'NO', 'NZ', 'OM', 'PA', 'PE', 'PH', 'PL', 'PS', 'PT', 'PY', 'QA', 'RO', 'SA', 'SE', 'SG', 'SK', 'SV', 'TH', 'TN', 'TR', 'UY', 'VN', 'ZA']",FI,0.509,1.0,214173.0,0.456,https://api.spotify.com/v1/tracks/3mxxAmuF5mRj3y6hoOaWnE,3mxxAmuF5mRj3y6hoOaWnE,0.00137,3.0,0.108,-8.604,"
Loving you
Isn't the right thing to do
How can I ever change things
That I feel
If I could
Baby I'd give you my world
How can I
When you won't take it from me
You can go your own way
Go your own way
You can call it
Another lonely day
You can go your own way
Go your own way
Tell me why
Everything turned around
Packing up
Shacking up's all you want to do
If I could
Baby I'd give you my world
Open up
Everything's waiting for you
You can go your own way
Go your own way
You can call it
Another lonely day
You can go your own way
Go your own way
You can call it
Another lonely day
Yeah yeah yeah...
Yeah yeah yeah...
Yeah yeah yeah...
Yeah yeah yeah...
You can go your own way
You can go your own way
",1.0,Go Your Own Way,rock,36.0,https://p.scdn.co/mp3-preview/9e145262c62a4bfe4b44465979838e56683dcd16?cid=b3cdb16d0df2409abf6a8f6c2f6c2e0c,0.0308,113.889,4.0,https://api.spotify.com/v1/tracks/3mxxAmuF5mRj3y6hoOaWnE,track_7,2.0,spotify:track:3mxxAmuF5mRj3y6hoOaWnE,0.0507,track
0.392,4Ib1mzr9xEDpZcwQmdTlAD,https://api.spotify.com/v1/audio-analysis/11X4lVdKIgcq5ZlJwb4X0i,['2d5lQo9YQ1DkAsBKTRp7Iu'],The Police,"['AD', 'AE', 'AR', 'AT', 'AU', 'BE', 'BG', 'BH', 'BO', 'BR', 'CA', 'CH', 'CL', 'CO', 'CR', 'CY', 'CZ', 'DE', 'DK', 'DO', 'DZ', 'EC', 'EE', 'EG', 'ES', 'FI', 'FR', 'GB', 'GR', 'GT', 'HK', 'HN', 'HU', 'ID', 'IE', 'IL', 'IN', 'IS', 'IT', 'JO', 'JP', 'KW', 'LB', 'LI', 'LT', 'LU', 'LV', 'MA', 'MC', 'MT', 'MX', 'MY', 'NI', 'NL', 'NO', 'NZ', 'OM', 'PA', 'PE', 'PH', 'PL', 'PS', 'PT', 'PY', 'QA', 'RO', 'SA', 'SE', 'SG', 'SK', 'SV', 'TH', 'TN', 'TR', 'TW', 'US', 'UY', 'VN', 'ZA']",FI,0.774,2.0,167653.0,0.422,https://api.spotify.com/v1/tracks/11X4lVdKIgcq5ZlJwb4X0i,11X4lVdKIgcq5ZlJwb4X0i,0.0,0.0,0.202,-9.942,"
Every breath you take, every move you make
Every bond you break, every step you take
I'll be watching you
Every single day, every word you say
Every game you play, every night you stay
I'll be watching you
Oh, can't you see you belong to me
How my poor heart aches with every step you take
Every move you make, every vow you break
Every smile you fake, every claim you stake
I'll be watching you
Since you've gone I been lost without a trace
I dream at night, I can only see your face
I look around but it's you I can't replace
I feel so cold and I long for your embrace
I keep crying baby, baby, please
Oh, can't you see you belong to me
How my poor heart aches with every breath you take
Every move you make, every vow you break
Every smile you fake, every claim you stake
I'll be watching you
Every smile you fake, every claim you stake
I'll be watching you
",1.0,Every Breath You Take,rock,43.0,https://p.scdn.co/mp3-preview/7e9810a405bc7f7d6f025ac310b232e1d45f2ee0?cid=b3cdb16d0df2409abf6a8f6c2f6c2e0c,0.0324,119.997,4.0,https://api.spotify.com/v1/tracks/11X4lVdKIgcq5ZlJwb4X0i,track_28,16.0,spotify:track:11X4lVdKIgcq5ZlJwb4X0i,0.457,track
0.635,1qEJG8kgMcLSZ3dwdjQvr3,https://api.spotify.com/v1/audio-analysis/1fz735l9WBXIjO0Y9Rk2r6,['3tFvFDca4inwWMY5vupFbX'],Deep Purple,"['AD', 'AE', 'AR', 'AT', 'AU', 'BE', 'BG', 'BH', 'BO', 'BR', 'CA', 'CH', 'CL', 'CO', 'CR', 'CY', 'CZ', 'DE', 'DK', 'DO', 'DZ', 'EC', 'EE', 'EG', 'ES', 'FI', 'FR', 'GB', 'GR', 'GT', 'HK', 'HN', 'HU', 'ID', 'IE', 'IL', 'IN', 'IS', 'IT', 'JO', 'JP', 'KW', 'LB', 'LI', 'LT', 'LU', 'LV', 'MA', 'MC', 'MT', 'MX', 'MY', 'NI', 'NL', 'NO', 'NZ', 'OM', 'PA', 'PE', 'PH', 'PL', 'PS', 'PT', 'PY', 'QA', 'RO', 'SA', 'SE', 'SG', 'SK', 'SV', 'TH', 'TN', 'TR', 'TW', 'US', 'UY', 'VN', 'ZA']",FI,0.76,1.0,264640.0,0.39,https://api.spotify.com/v1/tracks/1fz735l9WBXIjO0Y9Rk2r6,1fz735l9WBXIjO0Y9Rk2r6,0.000343,5.0,0.115,-11.522,"
We all came out to montreux
On the lake geneva shoreline
To make records with a mobile
We didn't have much time
Frank zappa and the mothers
Were at the best place around
But some stupid with a flare gun
Burned the place to the ground
Smoke on the water, fire in the sky
They burned down the gambling house
It died with an awful sound
Funky claude was running in and out
Pulling kids out the ground
When it all was over
We had to find another place
But swiss time was running out
It seemed that we would lose the race
Smoke on the water, fire in the sky
We ended up at the grand hotel
It was empty cold and bare
But with the rolling truck stones thing just outside
Making our music there
With a few red lights and a few old beds
We make a place to sweat
No matter what we get out of this
I know well never forget
Smoke on the water, fire in the sky
",1.0,Smoke on the Water,rock,46.0,https://p.scdn.co/mp3-preview/2e4cd72926e4806ec5c797a2ca8b9d86f0ef9511?cid=b3cdb16d0df2409abf6a8f6c2f6c2e0c,0.0294,116.007,4.0,https://api.spotify.com/v1/tracks/1fz735l9WBXIjO0Y9Rk2r6,track_23,4.0,spotify:track:1fz735l9WBXIjO0Y9Rk2r6,0.255,track
0.00172,5o8IrQOjfnuWNpQtzvZEOP,https://api.spotify.com/v1/audio-analysis/5KVll4Si4pL02nmrUvAHrc,['3YUrEElXpqiPSbffh9XXZd'],Jimi Hendrix,"['AD', 'AE', 'AR', 'AT', 'AU', 'BE', 'BG', 'BH', 'BO', 'BR', 'CA', 'CH', 'CL', 'CO', 'CR', 'CY', 'CZ', 'DE', 'DK', 'DO', 'DZ', 'EC', 'EE', 'EG', 'ES', 'FI', 'FR', 'GB', 'GR', 'GT', 'HK', 'HN', 'HU', 'ID', 'IE', 'IL', 'IN', 'IS', 'IT', 'JO', 'KW', 'LB', 'LI', 'LT', 'LU', 'LV', 'MA', 'MC', 'MT', 'MX', 'MY', 'NI', 'NL', 'NO', 'NZ', 'OM', 'PA', 'PE', 'PH', 'PL', 'PS', 'PT', 'PY', 'QA', 'RO', 'SA', 'SE', 'SG', 'SK', 'SV', 'TH', 'TN', 'TR', 'TW', 'US', 'UY', 'VN', 'ZA']",AR,0.652,1.0,237720.0,0.959,https://api.spotify.com/v1/tracks/5KVll4Si4pL02nmrUvAHrc,5KVll4Si4pL02nmrUvAHrc,0.000325,4.0,0.115,-5.047,"

You're like Voodoo baby
You just take hold
Put your cards on the table baby
Do I twist, do I fold?
You're like Voodoo honey
All silver and gold
Why don't you tell me my future?
Why don't I sell you my soul

So here it comes, the sound of drums
Here comes the drums, here comes the drums

Baby, baby, baby
You are my Voodoo Child, my Voodoo Child
Don't say maybe, maybe
It's supernatural, I'm coming undone
Baby, baby, baby
You are my Voodoo Child, my Voodoo Child
Don't say maybe, maybe
It's supernatural, I'm coming undone

You're like Voodoo baby
Your kisses are cold
Feel your poison running through me
Let me never grow old
You're like Voodoo honey
My pictures you stole
You play me like a puppet
Sticking pins in a doll!

So here it comes, the sound of drums
Here comes the drums, here comes the drums

Baby, baby, baby
You are my Voodoo Child, my Voodoo Child
Don't say maybe, maybe
It's supernatural, I'm coming undone
Baby, baby, baby
You are my Voodoo Child, my Voodoo Child
Don't say maybe, maybe
It's supernatural, I'm coming undone


Here comes the drums, here comes the drums

Baby, baby, baby
You are my Voodoo Child, my Voodoo Child
Don't say maybe, maybe
It's supernatural, I'm coming undone
Baby, baby, baby
You just take hold
Don't say maybe, maybe
Do I twist, do I fold?
",1.0,Voodoo Child,rock,56.0,https://p.scdn.co/mp3-preview/86a40566551fadc1fd6a7d1c94a7567a559d7eb4?cid=b3cdb16d0df2409abf6a8f6c2f6c2e0c,0.0375,132.453,4.0,https://api.spotify.com/v1/tracks/5KVll4Si4pL02nmrUvAHrc,track_14,1.0,spotify:track:5KVll4Si4pL02nmrUvAHrc,0.803,track
0.0249,3VNTh6evo3MyUsStAiatcY,https://api.spotify.com/v1/audio-analysis/2vX5WL7s6UdeQyweZEx7PP,['7Ey4PD4MYsKc5I2dolUwbH'],Aerosmith,"['AD', 'AE', 'AR', 'AT', 'AU', 'BE', 'BG', 'BH', 'BO', 'BR', 'CA', 'CH', 'CL', 'CO', 'CR', 'CY', 'CZ', 'DE', 'DK', 'DO', 'DZ', 'EC', 'EE', 'EG', 'ES', 'FI', 'FR', 'GB', 'GR', 'GT', 'HK', 'HN', 'HU', 'ID', 'IE', 'IL', 'IN', 'IS', 'IT', 'JO', 'JP', 'KW', 'LB', 'LI', 'LT', 'LU', 'LV', 'MA', 'MC', 'MT', 'MX', 'MY', 'NI', 'NL', 'NO', 'NZ', 'OM', 'PA', 'PE', 'PH', 'PL', 'PS', 'PT', 'PY', 'QA', 'RO', 'SA', 'SE', 'SG', 'SK', 'SV', 'TH', 'TN', 'TR', 'TW', 'US', 'UY', 'VN', 'ZA']",AR,0.629,1.0,211027.0,0.785,https://api.spotify.com/v1/tracks/2vX5WL7s6UdeQyweZEx7PP,2vX5WL7s6UdeQyweZEx7PP,9.45e-06,5.0,0.0522,-10.761,"

Backstroking lover
Always hiding 'neath the covers
'Till I talked to my daddy, he say
He said, ""You ain't seen nothing
'Til you're down on a muffin
Then you're sure to be a-changing your ways.""
I met a cheerleader
Was a real young bleeder
All the times I could reminisce
Cause the best things of loving
With her sister and her cousin
Only started with a little kiss
Like this

See-saw swinging with the boys in the school
With your feet flying up in the air
Singing hey diddle-diddle
With your kitty in the middle
Of the swing like I didn't care
So I took a big chance
At the high school dance
With a missy who was ready to play
Wasn't me she was fooling
Cause she knew what she was doing
And I knew love was here to stay
When she told me to

""Walk this way, talk this way""
""Walk this way, walk this way""
""Walk this way, walk this way""
""Walk this way, talk this way""
Ah, just give me a kiss
Like this

School girl sweetie
With the classy kinda sassy
Little skirt's climbing way up her knee
There was three young ladies
In the school gym locker
When I noticed they was looking at me
I was a high school loser
Never made it with a lady
Till the boys told me something I missed
Then my next door neighbor
With a daughter had a favor
So I gave her just a little kiss
Like this

See-saw swinging with the boys in the school
With your feet flying up in the air
Singing hey diddle-diddle
With your kitty in the middle
Of the swing like I didn't care
So I took a big chance
At the high school dance
With a missy who was ready to play
Wasn't me she was fooling
Cause she knew what she was doing
When she taught me how to walk this way
She told me to

""Walk this way, talk this way""
""Walk this way, walk this way""
""Walk this way, walk this way""
""Walk this way, talk this way""
Just give me a kiss
Like this
",1.0,Walk This Way,rock,67.0,https://p.scdn.co/mp3-preview/d8d7971797e5d917ee589ade9962ea9196fae562?cid=b3cdb16d0df2409abf6a8f6c2f6c2e0c,0.0471,108.531,4.0,https://api.spotify.com/v1/tracks/2vX5WL7s6UdeQyweZEx7PP,track_38,4.0,spotify:track:2vX5WL7s6UdeQyweZEx7PP,0.869,track
0.0502,6jeH7G1F2CZ5StHtlt0NB1,https://api.spotify.com/v1/audio-analysis/5dg1IuhKJlqicUOEPJMqOj,['5NFB7dL4b4ZtcMAk2wCOoi'],Van Halen,"['AD', 'AE', 'AR', 'AT', 'AU', 'BE', 'BG', 'BH', 'BO', 'BR', 'CA', 'CH', 'CL', 'CO', 'CR', 'CY', 'CZ', 'DE', 'DK', 'DO', 'DZ', 'EC', 'EE', 'EG', 'ES', 'FI', 'FR', 'GB', 'GR', 'GT', 'HK', 'HN', 'HU', 'ID', 'IE', 'IL', 'IN', 'IS', 'IT', 'JO', 'JP', 'KW', 'LB', 'LI', 'LT', 'LU', 'LV', 'MA', 'MC', 'MT', 'MX', 'MY', 'NI', 'NL', 'NO', 'NZ', 'OM', 'PA', 'PE', 'PH', 'PL', 'PS', 'PT', 'PY', 'QA', 'RO', 'SA', 'SE', 'SG', 'SK', 'SV', 'TH', 'TN', 'TR', 'TW', 'US', 'UY', 'VN', 'ZA']",AR,0.806,1.0,319784.0,0.569,https://api.spotify.com/v1/tracks/5dg1IuhKJlqicUOEPJMqOj,5dg1IuhKJlqicUOEPJMqOj,0.0703,7.0,0.0818,-6.573,"
My heartbeat
My heartbeat
Should have known better, better
You hang around
Only call me when you feel down
And it’s not for me
All I seem to do is disagree
You hang around
Only call me when you feel down
And you disagree
All I know is you’re enough for me
My heartbeat
Should have known better
So I wrote it in a love…
My heartbeat
Should have known better, better
So I wrote it in a love…
My heartbeat
Should have known better
So I wrote it in a love…
My heartbeat
Should have known better, better
So I wrote it in a love...
So S.O.S. it’s time you give me your best guess
S.O.S. can’t believe you left me in this mess
S.O.S. it’s time you give me your best guess
S.O.S. can’t believe you left me in this mess
My heartbeat
Should have known better
So I wrote it in a love letter
My heartbeat
Should have known better
So I wrote it in a love letter
Should have known better
My heartbeat
Should have known better
So I wrote it in a love...
My heartbeat
Should have known better, better
So I wrote it in a love (S.O.S.)
My heartbeat
Should have known better (S.O.S.)
So I wrote it in a love… (S.O.S.)
My heartbeat
Should have known better, better (S.O.S.)
So I wrote it in a love… (S.O.S.)
My heartbeat
(S.O.S., S.O.S.)
My heartbeat
Should have know better (S.O.S.)
In a love letter
My Heartbeat
So I wrote it
My heartbeat
So I wrote it
",0.0,Panama,rock,38.0,https://p.scdn.co/mp3-preview/9dc9a720a1ab161ed4508c25c180671cc5200ccf?cid=b3cdb16d0df2409abf6a8f6c2f6c2e0c,0.0324,121.984,4.0,https://api.spotify.com/v1/tracks/5dg1IuhKJlqicUOEPJMqOj,track_24,1.0,spotify:track:5dg1IuhKJlqicUOEPJMqOj,0.0863,track
0.112,2tVMm9s19LuuDaEVZaP4XJ,https://api.spotify.com/v1/audio-analysis/0HAYF4R4Mz2XywJ5pj3Mal,['06Q5VlSAku57lFzyME3HrM'],Eagles,"['AD', 'AE', 'AR', 'AT', 'AU', 'BE', 'BG', 'BH', 'BO', 'CA', 'CH', 'CL', 'CO', 'CR', 'CY', 'CZ', 'DE', 'DK', 'DO', 'DZ', 'EC', 'EE', 'EG', 'ES', 'FI', 'FR', 'GB', 'GR', 'GT', 'HK', 'HN', 'HU', 'ID', 'IE', 'IL', 'IS', 'IT', 'JO', 'JP', 'KW', 'LB', 'LI', 'LT', 'LU', 'LV', 'MA', 'MC', 'MT', 'MY', 'NI', 'NL', 'NO', 'NZ', 'OM', 'PA', 'PE', 'PH', 'PL', 'PS', 'PT', 'PY', 'QA', 'RO', 'SA', 'SE', 'SG', 'SK', 'SV', 'TH', 'TN', 'TR', 'TW', 'US', 'UY', 'VN', 'ZA']",AR,0.568,1.0,169569.0,0.234,https://api.spotify.com/v1/tracks/0HAYF4R4Mz2XywJ5pj3Mal,0HAYF4R4Mz2XywJ5pj3Mal,0.0,1.0,0.13,-17.807,"

Uh, uh, yeah, come on

Please me, baby
Turn around and just tease me, baby
You know what I want and what I need, baby
(Let me hear you say)
Please
(Let me hear you say)
Please (Woo)
Please me, baby
Turn around and just tease me, baby
You know what I want and what I need, baby
(Let me hear you say)
Please
(Let me hear you say)
Please (Woo)

Lollipoppin' (Poppin'), twerkin' in some J's (Ooh)
On the dance floor (Uh-huh), no panties in the way (Nope)
I take my time with it (Ow), bring you close to me (Ow)
Don't want no young dumb shit
Better fuck me like we listenin' to Jodeci
I was tryna lay low (Low), takin' it slow (Slow)
When I'm fuckin' again (Ayy)
Gotta celebrate, do you man look good? Better put him away
If you can't sweat the weave out, you shouldn't even be out
Dinner reservations like the pussy, you gon' eat out

I'm gonna ride it, do it just how you like it
Tonight and after that
Let's do it one more time
Girl, I ain't one for beggin', but now you got me beggin'

Please me, baby
Turn around and just tease me, baby
You know what I want and what I need, baby
(Let me hear you say)
Please
(Let me hear you say)
Please (Woo)
Please me, baby
Turn around and just tease me, baby
You know what I want and what I need, baby
(Let me hear you say)
Please
(Let me hear you say)
Please (Woo)

Booty so round (Round), booty so soft (Soft)
Bet you wanna smack it again (Ayy)
Let me demonstrate
Hit it one time, make it levitate
Titties out like blaka (Blaka)
Broke bitches watch out now (Watch out)
Your pussy basura (Basura)
My pussy horchata (Oh)

I'm gonna ride it, do it just how you like it
Tonight and after that (Ooh)
Let's do it one more time
Girl, I ain't one for beggin', but now you got me beggin'

Please me, baby
Turn around and just tease me, baby
You know what I want and what I need, baby
(Let me hear you say)
Please
(Let me hear you say)
Please (Woo)

Come on
Come on, back it up for me
Come on
Ooh, twerk it on me slowly
Come on
Girl, let me put this lovin' on you
You better say that shit (Uh)
Cardi don't play that shit (Yeah)
Do my back like I do these records, break that shit

Please me, baby (Uh)
Turn around and tease me, baby (Uh, ooh)
You got what I want and need, baby (Yes)
(Let me hear you say)
Please
(Let me hear you say)
Please (Woo)
Please me, baby
Turn around and tease me, baby
You got what I want and need, baby
(Let me hear you say)
Please
(Let me hear you say)
Please (Woo)
",1.0,Hotel California,rock,47.0,https://p.scdn.co/mp3-preview/fdb6a8dd20a51c7b13183f4412eeed724594a5cf?cid=b3cdb16d0df2409abf6a8f6c2f6c2e0c,0.361,145.931,4.0,https://api.spotify.com/v1/tracks/0HAYF4R4Mz2XywJ5pj3Mal,track_23,1.0,spotify:track:0HAYF4R4Mz2XywJ5pj3Mal,0.505,track
5.69e-05,1zCNrbPpz5OLSr6mSpPdKm,https://api.spotify.com/v1/audio-analysis/07q6QTQXyPRCf7GbLakRPr,['7jy3rLJdDQY21OgRLCZ9sD'],Foo Fighters,"['AD', 'AE', 'AR', 'AT', 'AU', 'BE', 'BG', 'BH', 'BO', 'BR', 'CA', 'CH', 'CL', 'CO', 'CR', 'CY', 'CZ', 'DE', 'DK', 'DO', 'DZ', 'EC', 'EE', 'EG', 'ES', 'FI', 'FR', 'GB', 'GR', 'GT', 'HK', 'HN', 'HU', 'ID', 'IE', 'IL', 'IN', 'IS', 'IT', 'JO', 'JP', 'KW', 'LB', 'LI', 'LT', 'LU', 'LV', 'MA', 'MC', 'MT', 'MX', 'MY', 'NI', 'NL', 'NO', 'NZ', 'OM', 'PA', 'PE', 'PH', 'PL', 'PS', 'PT', 'PY', 'QA', 'RO', 'SA', 'SE', 'SG', 'SK', 'SV', 'TH', 'TN', 'TR', 'TW', 'US', 'UY', 'VN', 'ZA']",AR,0.415,1.0,249987.0,0.867,https://api.spotify.com/v1/tracks/07q6QTQXyPRCf7GbLakRPr,07q6QTQXyPRCf7GbLakRPr,0.000192,11.0,0.0883,-5.497,"

Hello, I've waited here for you
Everlong
Tonight, I throw myself into
And out of the red
Out of her head, she sang
Come down, and waste away with me
Down with me
Slow how you wanted it to be
And over my head, out of her head she sang

And I wonder when I sing along with you

If everything could ever feel this real forever
If anything could ever be this good again
The only thing I'll ever ask of you
You've got to promise not to stop when I say when
She sang

Breathe out, so I can breathe you in
Hold you in
And now I know you've always been
And out of your head, out of my head I sang

And I wonder when I sing along with you

If everything could ever feel this real forever
If anything could ever be this good again
The only thing I'll ever ask of you
You've got to promise not to stop when I say when
She sang


And I wonder...

If everything could ever feel this real forever
If anything could ever be this good again
The only thing I'll ever ask of you
You've got to promise not to stop when I say when
",0.0,Everlong,rock,61.0,https://p.scdn.co/mp3-preview/26f7feca8e14f27659465e336117c03fb8ee29d4?cid=b3cdb16d0df2409abf6a8f6c2f6c2e0c,0.0387,157.902,4.0,https://api.spotify.com/v1/tracks/07q6QTQXyPRCf7GbLakRPr,track_20,3.0,spotify:track:07q6QTQXyPRCf7GbLakRPr,0.36,track
0.0572,4ydl8Ci7OsndhI2ALnrpIv,https://api.spotify.com/v1/audio-analysis/1OIYK9Ya6EgwJ4fMngrPcK,['711MCceyCBcFnzjGY4Q7Un'],ACDC,"['AD', 'AE', 'AR', 'AT', 'AU', 'BE', 'BG', 'BH', 'BO', 'BR', 'CA', 'CH', 'CL', 'CO', 'CR', 'CY', 'CZ', 'DE', 'DK', 'DO', 'DZ', 'EC', 'EE', 'EG', 'ES', 'FI', 'FR', 'GB', 'GR', 'GT', 'HK', 'HN', 'HU', 'ID', 'IE', 'IL', 'IN', 'IS', 'IT', 'JO', 'JP', 'KW', 'LB', 'LI', 'LT', 'LU', 'LV', 'MA', 'MC', 'MT', 'MX', 'MY', 'NI', 'NL', 'NO', 'NZ', 'OM', 'PA', 'PE', 'PH', 'PL', 'PS', 'PT', 'PY', 'QA', 'RO', 'SA', 'SE', 'SG', 'SK', 'SV', 'TH', 'TN', 'TR', 'TW', 'US', 'UY', 'VN', 'ZA']",AR,0.577,1.0,208920.0,0.915,https://api.spotify.com/v1/tracks/1OIYK9Ya6EgwJ4fMngrPcK,1OIYK9Ya6EgwJ4fMngrPcK,0.00248,6.0,0.123,-4.845,"


Living easy, living free
Season ticket on a one way ride
Asking nothing, leave me be
Taking everythin' in my stride
Don't need reason
Don't need rhyme
Ain't nothing I’d rather do
Goin' down
Party time
My friends are gonna be there too, yeah

I’m on the highway to hell
On the highway to hell
Highway to hell
I’m on the highway to hell

No stop signs
Speed limit
Nobody's gonna slow me down
Like a wheel
Gonna spin it
Nobody's gonna mess me around
Hey Satan
Payin' my dues
Playing in a rocking band
Hey mama
Look at me
I’m on the way to the promised land
Woo!

I’m on the highway to hell
Highway to hell
I’m on the highway to hell
Highway to hell

Don't stop me
Heh, heh!


I’m on the highway to hell
On the highway to hell
Highway to hell
I’m on the highway to hell
(Highway to hell) I’m on the highway to hell
(Highway to hell) highway to hell
(Highway to hell) highway to hell
(Highway to hell)

And I’m going down
All the way
I’m on the highway to hell
",0.0,Highway to Hell,rock,53.0,https://p.scdn.co/mp3-preview/bcc054043b10e4c0b097aa081bc707854da3c506?cid=b3cdb16d0df2409abf6a8f6c2f6c2e0c,0.128,115.759,4.0,https://api.spotify.com/v1/tracks/1OIYK9Ya6EgwJ4fMngrPcK,track_40,15.0,spotify:track:1OIYK9Ya6EgwJ4fMngrPcK,0.467,track
0.00385,6hTAZunKYWscuAzBYHuEkd,https://api.spotify.com/v1/audio-analysis/5pZW82iUXjNqrH2QcVnBl5,"['24gnQWn25ndZMSOoE1p0yL', '3Ua6Djs88uWZoCRe4d3Byu']",Dire Straits,"['AD', 'AE', 'AR', 'AT', 'AU', 'BE', 'BG', 'BH', 'BO', 'BR', 'CA', 'CH', 'CL', 'CO', 'CR', 'CY', 'CZ', 'DE', 'DK', 'DO', 'DZ', 'EC', 'EE', 'EG', 'ES', 'FI', 'FR', 'GB', 'GR', 'GT', 'HK', 'HN', 'HU', 'ID', 'IE', 'IL', 'IN', 'IS', 'IT', 'JO', 'JP', 'KW', 'LB', 'LI', 'LT', 'LU', 'LV', 'MA', 'MC', 'MT', 'MX', 'MY', 'NI', 'NL', 'NO', 'NZ', 'OM', 'PA', 'PE', 'PH', 'PL', 'PS', 'PT', 'PY', 'QA', 'RO', 'SA', 'SE', 'SG', 'SK', 'SV', 'TH', 'TN', 'TR', 'TW', 'US', 'UY', 'VN', 'ZA']",AR,0.679,1.0,194400.0,0.596,https://api.spotify.com/v1/tracks/5pZW82iUXjNqrH2QcVnBl5,5pZW82iUXjNqrH2QcVnBl5,0.00373,2.0,0.303,-9.801,"

I pull up in the passenger side
Of my best friends' ride
But I am no scrub
So baby left them eyes
I had to check them thighs
You're perfection size
I wanna get inside your Calvins
So let them slide
Baby swing my way
Everyday's Friday
We eat, I pay
We can do night-day
We can get a pack and
You can smoke on the highway
You went from bestie
To my bae
Miss Innocent but you're freaky
And behind closed doors
You never leave me
And I got a Merc'
You got a TT
And you are always waved
When you see me, fleeky
Started with textses
Now you're in my bedroom protected
You're the baddest one
Out of all of your collective
And you ain't worried about
The girls that I've slept with
There's no buttons to push now
When I phone exes

You wanna get intimate
I can see it in your eyes
So why you playin' innocent?
When you're this close to me girl
Yeah I like it like that
Yeah I like it
Yeah I like it like that
All this body contact
Yeah I like it
Yeah I like it like that

I pull up in the driver seat
Of that Mercedes Jeep
Yeah your hair on fleek
And your body petite
It took about 7 days
To have your body all weak
Yeah you can do it sexy
Or street
AND you know that I like that
We can go Valencia and you could
Throw it right back
I used to be a dog but
You know how to bite back
You're the best of both worlds
And you don't have to hide that
Yeah, your body's got me sidetracked

Yungen you know She wants your company
And she be thinking about you constantly
I got her overthinking
She's on the sofa drinking
She ain't really into open linking
I know that you don't do this normally
But this girl got a different energy
Bro Imma take your
Word for that
So we can take that
Swerving back

You wanna get intimate
I can see it in your eyes
So why you playin' innocent?
When you're this close to me girl
Yeah I like it like that
Yeah I like it
Yeah I like it like that
All this body contact
Yeah I like it
Yeah I like it like that

Early in the mornin'
She keeps calling
Keeps calling me like
I know what she wanting
Imma put it on her
Early in the mornin'
She keeps calling
Keeps calling me like
I know what she wanting
Imma put it on her

You wanna get intimate
I can see it in your eyes
So why you playin' innocent?
When you're this close to me girl
Yeah I like it like that
Yeah I like it
Yeah I like it like that
All this body contact
Yeah I like it
Yeah I like it like that
You wanna get intimate
I can see it in your eyes
So why you playin' innocent?
When you're this close to me girl
Yeah I like it like that
Yeah I like it
Yeah I like it like that
All this body contact
Yeah I like it
Yeah I like it like that

Early in the mornin'
She keeps calling
Keeps calling me like
I know what she wanting
Imma put it on her
",0.0,Sultans of Swing,rock,40.0,https://p.scdn.co/mp3-preview/24583210103d448eac0e8334ff12061078a1f14c?cid=b3cdb16d0df2409abf6a8f6c2f6c2e0c,0.0385,125.044,4.0,https://api.spotify.com/v1/tracks/5pZW82iUXjNqrH2QcVnBl5,track_78,1.0,spotify:track:5pZW82iUXjNqrH2QcVnBl5,0.584,track
0.00206,6QdCohkHKNTVoaSx1ZzitH,https://api.spotify.com/v1/audio-analysis/5BIMPccDwShpXq784RJlJp,['2ye2Wgw4gimLv2eAKyk1NB'],Metallica,"['CA', 'US']",AR,0.579,1.0,331573.0,0.824,https://api.spotify.com/v1/tracks/5BIMPccDwShpXq784RJlJp,5BIMPccDwShpXq784RJlJp,0.00903,6.0,0.059,-8.71,"

Say your prayers, little one
Don't forget, my son
To include everyone
I tuck you in, warm within
Keep you free from sin
Until the sandman he comes

Sleep with one eye open
Gripping your pillow tight

Exit light
Enter night
Take my hand
We're off to never never-land

Something's wrong, shut the light
Heavy thoughts tonight
And they aren't of Snow White
Dreams of war
Dreams of liars
Dreams of dragons fire
And of things that will bite, yeah

Sleep with one eye open
Gripping your pillow tight

Exit light
Enter night
Take my hand
We're off to Never Never-land


Now I lay me down to sleep
(Now I lay me down to sleep)
Pray the lord my soul to keep
(Pray the lord my soul to keep)
And
If I die before I wake
(If I die before I wake)
Pray the lord my soul to take
(Pray the lord my soul to take)

Hush, little baby, don't say a word
And never mind that noise you heard
It's just the beast under your bed
In your closet, in your head

Exit light
Enter night
Grain of sand
Exit light
Enter night
Take my hand
We're off to Never Never-land

Come on people
Hey yeah, oh oh yeah

We're off to never never-land
Take my hand
We're off to never never-land
Take my hand
We're off to never never-land
",0.0,Enter Sandman,rock,74.0,https://p.scdn.co/mp3-preview/1ee9f1b0c3e3b327dd49ebc6dd64266b01adb96a?cid=b3cdb16d0df2409abf6a8f6c2f6c2e0c,0.03,123.331,4.0,https://api.spotify.com/v1/tracks/5BIMPccDwShpXq784RJlJp,track_1,1.0,spotify:track:5BIMPccDwShpXq784RJlJp,0.635,track
0.00501,43YIoHKSrEw2GJsWmhZIpu,https://api.spotify.com/v1/audio-analysis/6hTcuIQa0sxrrByu9wTD7s,['3eqjTLE0HfPfh78zjh6TqT'],Bruce Springsteen,"['AD', 'AE', 'AR', 'AT', 'AU', 'BE', 'BG', 'BH', 'BO', 'BR', 'CA', 'CH', 'CL', 'CO', 'CR', 'CY', 'CZ', 'DE', 'DK', 'DO', 'DZ', 'EC', 'EE', 'EG', 'ES', 'FI', 'FR', 'GB', 'GR', 'GT', 'HK', 'HN', 'HU', 'ID', 'IE', 'IL', 'IN', 'IS', 'IT', 'JO', 'JP', 'KW', 'LB', 'LI', 'LT', 'LU', 'LV', 'MA', 'MC', 'MT', 'MX', 'MY', 'NI', 'NL', 'NO', 'NZ', 'OM', 'PA', 'PE', 'PH', 'PL', 'PS', 'PT', 'PY', 'QA', 'RO', 'SA', 'SE', 'SG', 'SK', 'SV', 'TH', 'TN', 'TR', 'TW', 'US', 'UY', 'VN', 'ZA']",AR,0.27,1.0,269920.0,0.944,https://api.spotify.com/v1/tracks/6hTcuIQa0sxrrByu9wTD7s,6hTcuIQa0sxrrByu9wTD7s,2.05e-05,4.0,0.116,-4.199,"
In the day we sweat it out on the streets of a runaway American dream
At night we ride through mansions of glory in suicide machines
Sprung from cages out on Highway 9
Chrome wheeled, fuel injected and steppin' out over the line
Oh, baby this town rips the bones from your back
It's a death trap, it's a suicide rap
We gotta get out while we're young
`Cause tramps like us, baby we were born to run
Wendy let me in, I wanna be your friend
I want to guard your dreams and visions
Just wrap your legs round these velvet rims
And strap your hands across my engines
Together we could break this trap
We'll run till we drop, baby we'll never go back
Oh, will you walk with me out on the wire?
`Cause baby I'm just a scared and lonely rider
But I gotta find out how it feels
I want to know if love is wild, babe, I want to know if love is real
Oh can you show me?
Beyond the palace hemi-powered drones scream down the boulevard
The girls comb their hair in rearview mirrors
And the boys try to look so hard
The amusement park rises bold and stark
Kids are huddled on the beach in a mist
I wanna die with you, Wendy, on the streets tonight
In an everlasting kiss
(1, 2, 3, 4) The highways jammed with broken heroes on a last chance power drive
Everybody's out on the run tonight but there's no place left to hide
Together, Wendy, we can live with the sadness
I'll love you with all the madness in my soul
Oh, someday girl, I don't know when, we're gonna get to that place
Where we really want to go and we'll walk in the sun
But till then tramps like us - baby we were born to run
Oh honey, tramps like us, baby we were born to run
Tramps like us, baby we were born to run
",1.0,Born to Run,rock,73.0,https://p.scdn.co/mp3-preview/bac7b351bb2f85c715f66be9b36b8a1922081404?cid=b3cdb16d0df2409abf6a8f6c2f6c2e0c,0.0975,146.347,4.0,https://api.spotify.com/v1/tracks/6hTcuIQa0sxrrByu9wTD7s,track_20,5.0,spotify:track:6hTcuIQa0sxrrByu9wTD7s,0.606,track
0.513,28Cz12vvLOxYkqzXNwAbnl,https://api.spotify.com/v1/audio-analysis/1KDsONFxp3YtnJTaLeWFIi,['2rc78XDH9zuJP6bm78lU8Z'],Derek and the Dominos,"['JP', 'MX', 'US']",AR,0.405,1.0,428387.0,0.799,https://api.spotify.com/v1/tracks/1KDsONFxp3YtnJTaLeWFIi,1KDsONFxp3YtnJTaLeWFIi,0.375,5.0,0.221,-6.615,"

Fam, I've got these bitches on lock doh
Fam, I've got these bitches on lock doh
They drag me in the house and then they lock door
They fighting for the number one spot though, whoa
I've got these bitches on lock doh
Fam, I've got these bitches on lock doh
They drag me in the house and then they lock door
They fighting for the number one spot though, whoa

Man have got, damn, I've got
And I got, cause man have got
Man ah clock that man are cleaning up now
Cause man are cloths
And dem man are opps, but I don't deal with animosity
Cause them man are soft
Man ah cough, throw a spanner in the works now
Straight shot, man ah box
Pull my sword out your stone
Camelot
I'm at Hannah's house, and the hammering that Hannah got
When the hammer drop
She likes to hold my hand a lot
Look, Hannah, stop
And my manner was kinda digital and analog
And I got

Fam, I've got these bitches on lock doh
Fam, I've got these bitches on lock doh
They drag me in the house and then they lock door
They fighting for the number one spot though, whoa
I've got these bitches on lock doh
Fam, I've got these bitches on lock doh
They drag me in the house and then they lock door
They fighting for the number one spot though, whoa

Stephanie, Beverly and Bethany
Definitely
And I've got that loud pack
Even deafen me
And when I'm chilling out, she wanna ask me questions
Jeopardy
Heavy weaponry, my nigga to the left of me
Secondary
Man, I've got the pussy on lock doh
Grabbing up my willy made my cock grow
Baby, maybe so or maybe not so
But I want that pussy quite a lot though, yo
Equity, they're feeling neck and neck with me
Better be
Energy, Ella came with Emily
And Ebony

Fam, I've got these bitches on lock doh
Fam, I've got these bitches on lock doh
They drag me in the house and then they lock door
They fighting for the number one spot though, whoa
I've got these bitches on lock doh
Fam, I've got these bitches on lock doh
They drag me in the house and then they lock door
They fighting for the number one spot though, whoa
",1.0,Layla,rock,47.0,https://p.scdn.co/mp3-preview/5bdd06920ee98f45975149f8e3d41c5bbaa4adee?cid=b3cdb16d0df2409abf6a8f6c2f6c2e0c,0.0635,113.991,4.0,https://api.spotify.com/v1/tracks/1KDsONFxp3YtnJTaLeWFIi,track_44,10.0,spotify:track:1KDsONFxp3YtnJTaLeWFIi,0.274,track
0.0168,53tvjWbVNZKd3CvpENkzOC,https://api.spotify.com/v1/audio-analysis/23NPGXlSaIqWzvxIRhM2oG,['0L8ExT028jH3ddEcZwqJJ5'],Red Hot Chili Peppers,"['AR', 'AT', 'AU', 'BE', 'BG', 'BO', 'BR', 'CA', 'CH', 'CL', 'CO', 'CR', 'CY', 'CZ', 'DE', 'DK', 'DO', 'EC', 'EE', 'ES', 'FI', 'FR', 'GB', 'GR', 'GT', 'HK', 'HN', 'HU', 'ID', 'IE', 'IL', 'IT', 'JP', 'LT', 'LU', 'LV', 'MT', 'MX', 'MY', 'NI', 'NL', 'NO', 'NZ', 'PA', 'PE', 'PH', 'PL', 'PT', 'PY', 'RO', 'SE', 'SG', 'SK', 'SV', 'TH', 'TR', 'TW', 'US', 'UY', 'VN', 'ZA']",AR,0.554,1.0,265507.0,0.49,https://api.spotify.com/v1/tracks/23NPGXlSaIqWzvxIRhM2oG,23NPGXlSaIqWzvxIRhM2oG,0.000534,4.0,0.136,-8.046,"

Sometimes I feel like I don't have a partner
Sometimes I feel like my only friend
Is the city I live in, the city of angels
Lonely as I am, together we cry
I drive on her streets 'cause she's my companion
I walk through her hills 'cause she knows who I am
She sees my good deeds and she kisses me windy
Well, I never worry, now that is a lie

I don't ever wanna feel like I did that day
But take me to the place I love, take me all the way
I don't ever wanna feel like I did that day
But take me to the place I love, take me all the way, yeah, yeah, yeah

It's hard to believe that there's nobody out there
It's hard to believe that I'm all alone
At least I have her love, the city, she loves me
Lonely as I am, together we cry

I don't ever wanna feel like I did that day
But take me to the place I love, take me all the way
I don't ever wanna feel like I did that day
But take me to the place I love, take me all the way, yeah, yeah, yeah
Oh, no, no, no, yeah yeah
Love me, I say, yeah yeah
One time

Under the bridge downtown
Is where I drew some blood
Under the bridge downtown
I could not get enough
Under the bridge downtown
Forgot about my love
Under the bridge downtown
I gave my life away
Yeah yeah yeah
Oh, no, no, no, yeah yeah
Here I stay yeah yeah
Here I stay
",1.0,Under The Bridge,rock,68.0,https://p.scdn.co/mp3-preview/5c052c976f9ad6610a1e8daf79e467e1e3943632?cid=b3cdb16d0df2409abf6a8f6c2f6c2e0c,0.0457,84.275,4.0,https://api.spotify.com/v1/tracks/23NPGXlSaIqWzvxIRhM2oG,track_13,1.0,spotify:track:23NPGXlSaIqWzvxIRhM2oG,0.513,track
0.25,7IKUTIc9UWuVngyGPtqNHS,https://api.spotify.com/v1/audio-analysis/14XWXWv5FoCbFzLksawpEe,['22WZ7M8sxp5THdruNY3gXt'],The Doors,"['AD', 'AE', 'AR', 'AT', 'AU', 'BE', 'BG', 'BH', 'BO', 'BR', 'CA', 'CH', 'CL', 'CO', 'CR', 'CY', 'CZ', 'DE', 'DK', 'DO', 'DZ', 'EC', 'EE', 'EG', 'ES', 'FI', 'FR', 'GB', 'GR', 'GT', 'HK', 'HN', 'HU', 'ID', 'IE', 'IL', 'IS', 'IT', 'JO', 'JP', 'KW', 'LB', 'LI', 'LT', 'LU', 'LV', 'MA', 'MC', 'MT', 'MX', 'MY', 'NI', 'NL', 'NO', 'NZ', 'OM', 'PA', 'PE', 'PH', 'PL', 'PT', 'PY', 'QA', 'RO', 'SA', 'SE', 'SG', 'SK', 'SV', 'TH', 'TN', 'TR', 'TW', 'US', 'UY', 'VN', 'ZA']",AR,0.549,1.0,434720.0,0.722,https://api.spotify.com/v1/tracks/14XWXWv5FoCbFzLksawpEe,14XWXWv5FoCbFzLksawpEe,0.0138,11.0,0.11,-11.729,"

Riders on the storm
Riders on the storm
Into this house we're born
Into this world we're thrown
Like a dog without a bone
An actor out on loan
Riders on the storm

There's a killer on the road
His brain is squirmin' like a toad
Take a long holiday
Let your children play
If you give this man a ride
Sweet family will die
Killer on the road

Girl you gotta love your man
Girl you gotta love your man
Take him by the hand
Make him understand
The world on you depends
Our life will never end
Gotta love your man

Riders on the storm
Riders on the storm
Into this house we're born
Into this world we're thrown
Like a dog without a bone
An actor out on loan

Riders on the storm
Riders on the storm
Riders on the storm
Riders on the storm
Riders on the storm
",0.0,Riders on the Storm,rock,74.0,https://p.scdn.co/mp3-preview/3caccf01f5b9bdedbbc308568f1db7a5631ff5b9?cid=b3cdb16d0df2409abf6a8f6c2f6c2e0c,0.0283,103.885,4.0,https://api.spotify.com/v1/tracks/14XWXWv5FoCbFzLksawpEe,track_4,10.0,spotify:track:14XWXWv5FoCbFzLksawpEe,0.716,track
0.448,6TLTd0P2CUI0Q29AQ1LyFi,https://api.spotify.com/v1/audio-analysis/7MRyJPksH3G2cXHN8UKYzP,['4tX2TplrkIP4v05BNC903e'],Tom Petty,"['AD', 'AE', 'AR', 'AT', 'AU', 'BE', 'BG', 'BH', 'BO', 'BR', 'CA', 'CH', 'CL', 'CO', 'CR', 'CY', 'CZ', 'DE', 'DK', 'DO', 'DZ', 'EC', 'EE', 'EG', 'ES', 'FI', 'FR', 'GB', 'GR', 'GT', 'HK', 'HN', 'HU', 'ID', 'IE', 'IL', 'IS', 'IT', 'JO', 'JP', 'KW', 'LB', 'LT', 'LU', 'LV', 'MA', 'MC', 'MT', 'MX', 'MY', 'NI', 'NL', 'NO', 'NZ', 'OM', 'PA', 'PE', 'PH', 'PL', 'PT', 'PY', 'QA', 'RO', 'SA', 'SE', 'SG', 'SK', 'SV', 'TH', 'TN', 'TR', 'TW', 'US', 'UY', 'VN', 'ZA']",AR,0.55,1.0,214733.0,0.824,https://api.spotify.com/v1/tracks/7MRyJPksH3G2cXHN8UKYzP,7MRyJPksH3G2cXHN8UKYzP,0.000127,2.0,0.366,-5.988,"

Well, she was an American girl
Raised on promises
She couldn't help thinkin' that there
Was a little more to life somewhere else
After all, it was a great big world
With lots of places to run to
And if she had to die tryin', she
Had one little promise she was gonna keep

Oh yeah, all right
Take it easy, baby
Make it last all night (Make it last all night)
She was an American girl

Well, it was kinda cold that night
She stood alone on her balcony (Ooh)
Yeah, she could hear the cars roll by
Out on 441 like waves crashin' on the beach
And for one desperate moment there
He crept back in her memory
God, it's so painful when something that is so close
Is still so far out of reach

Oh yeah, all right
Take it easy, baby
Make it last all night (Make it last all night)
She was an American girl (Ooh)
",1.0,American Girl,rock,72.0,https://p.scdn.co/mp3-preview/36d69a9c5b7a78b378f349e319ca49075993717b?cid=b3cdb16d0df2409abf6a8f6c2f6c2e0c,0.0334,114.512,4.0,https://api.spotify.com/v1/tracks/7MRyJPksH3G2cXHN8UKYzP,track_17,10.0,spotify:track:7MRyJPksH3G2cXHN8UKYzP,0.777,track
0.0491,7jvcSnCnugLcisBCNBm60s,https://api.spotify.com/v1/audio-analysis/4yqtwO7MQIIXqoiRBPHAgR,['0WwSkZ7LtFUFjGjMZBMt6T'],Dire Straits,['US'],AR,0.667,1.0,506400.0,0.655,https://api.spotify.com/v1/tracks/4yqtwO7MQIIXqoiRBPHAgR,4yqtwO7MQIIXqoiRBPHAgR,0.000894,2.0,0.0641,-9.339,"

I want my MTV


Now look at them yo-yo's, that's the way you do it
You play the guitar on the MTV
That ain't workin' that's the way you do it
Money for nothin' and chicks for free
Now that ain't workin' that's the way you do it
Lemme tell ya them guys ain't dumb
Maybe get a blister on your little finger
Maybe get a blister on your thumb

We got to install microwave ovens
Custom kitchen deliveries
We got to move these refrigerators
We got to move these colour TV's

See the little faggot with the earring and the makeup?
Yeah buddy, that's his own hair
That little faggot got his own jet airplane
That little faggot, he's a millionaire

We got to install microwave ovens
Custom kitchen deliveries
We got to move these refrigerators
We got to move these colour TV's

Mover, mover

We got to install microwave ovens
Custom kitchen deliveries
We got to move these refrigerators
We got to move these colour TV's

Looky here, look out

I shoulda learned to play the guitar
I shoulda learned to play them drums
Look at that mama, she got it stickin' in the camera, man
We could have some
And he's up there, what's that? Hawaiian noises?
Bangin' on the bongos like a chimpanzee
That ain't workin', that's the way you do it
Get your money for nothin', get your chicks for free

We got to install microwave ovens
Custom kitchen deliveries
We got to move these refrigerators
We got to move these colour TV's

Listen here, now that ain't workin' that's the way you do it
You play the guitar on the MTV
That ain't workin', that's the way you do it
Money for nothin', and your chicks for free
Money for nothin',  and chicks for free
Money for nothin'
And your chicks for free
Money for nothin'
And your chicks for free
Money for nothin'
And your chicks for free
Money for nothin' (money for nothing)
And your chicks for free
Money for nothin'
And your chicks for free
Money for nothin'
And your chicks for free
Money for nothin'
And your chicks for free
Look at that, look at that
Money for nothin' (I want my, I want my)
And your chicks for free (I want my MTV)
Money for nothin' (I want my, I want my)
And your chicks for free (I want my MTV)
Money for nothin' (I want my, I want my)
And your chicks for free (I want my MTV)
Money for nothin' (I want my, I want my)
And your chicks for free (I want my MTV)
Easy easy money for nothin' (I want my, I want my)
Easy easy chicks for free (I want my MTV)
Easy easy money for nothin' (I want my, I want my)
Chicks for free (I want my MTV)
That ain't workin'
Money for nothing
Chicks for free
Money for nothing
Chicks for free
",0.0,Money for Nothing,rock,63.0,https://p.scdn.co/mp3-preview/de29252ad3422a46bf0b4f2ee128ef09ec543c5e?cid=b3cdb16d0df2409abf6a8f6c2f6c2e0c,0.0367,134.212,4.0,https://api.spotify.com/v1/tracks/4yqtwO7MQIIXqoiRBPHAgR,track_29,2.0,spotify:track:4yqtwO7MQIIXqoiRBPHAgR,0.657,track
0.011,6mUdeDZCsExyJLMdAfDuwh,https://api.spotify.com/v1/audio-analysis/08mG3Y1vljYA6bvDt4Wqkj,['711MCceyCBcFnzjGY4Q7Un'],ACDC,"['AD', 'AE', 'AR', 'AT', 'AU', 'BE', 'BG', 'BH', 'BO', 'BR', 'CA', 'CH', 'CL', 'CO', 'CR', 'CY', 'CZ', 'DE', 'DK', 'DO', 'DZ', 'EC', 'EE', 'EG', 'ES', 'FI', 'FR', 'GB', 'GR', 'GT', 'HK', 'HN', 'HU', 'ID', 'IE', 'IL', 'IN', 'IS', 'IT', 'JO', 'JP', 'KW', 'LB', 'LI', 'LT', 'LU', 'LV', 'MA', 'MC', 'MT', 'MX', 'MY', 'NI', 'NL', 'NO', 'NZ', 'OM', 'PA', 'PE', 'PH', 'PL', 'PS', 'PT', 'PY', 'QA', 'RO', 'SA', 'SE', 'SG', 'SK', 'SV', 'TH', 'TN', 'TR', 'TW', 'US', 'UY', 'VN', 'ZA']",AR,0.31,1.0,255493.0,0.7,https://api.spotify.com/v1/tracks/08mG3Y1vljYA6bvDt4Wqkj,08mG3Y1vljYA6bvDt4Wqkj,0.00965,9.0,0.0828,-5.678,"

Back in black, I hit the sack
I've been too long, I'm glad to be back
Yes, I'm let loose from the noose
That's kept me hanging about
I'm just looking at the sky 'cause it's getting me high
Forget the hearse, 'cause I'll never die
I got nine lives, cat's eyes
Abusing every one of them and running wild

'Cause I'm back, yes I'm back
Well, I'm back, yes I'm back
Well, I'm back, back
Well, I'm back in black
Yes, I'm back in black

Back in the back of a Cadillac
Number one with a bullet, I'm a power pack
Yes, I'm in a bang with a gang
They've got to catch me if they want me to hang
'Cause I'm back on the track and I'm beatin' the flack
Nobody's gonna get me on another rap
So, look at me now, I'm just making my play
Don't try to push your luck, just get out of my way

'Cause I'm back, yes I'm back
Well, I'm back, yes I'm back
Well, I'm back, back
Well, I'm back in black
Yes, I'm back in black

Well, I'm back, yes I'm back
Well, I'm back, yes I'm back
Well, I'm back, back
Well, I'm back in black
Yes, I'm back in black, yow

Ah, yeah
Oh, yeah
Take my love
Yeah, yeah
Yeah
Ah, hey yeah
Ooh, yeah
Well, I'm back (I'm back)
Back, well I'm (I'm back)
Back (I'm back)
Back (I'm back)
Back (I'm back)
Back
Back in black
Yes, I'm back in black
I've hit the sack
",1.0,Back In Black,rock,84.0,https://p.scdn.co/mp3-preview/506bc9a0485990973449b0467791e06174371284?cid=b3cdb16d0df2409abf6a8f6c2f6c2e0c,0.047,188.386,4.0,https://api.spotify.com/v1/tracks/08mG3Y1vljYA6bvDt4Wqkj,track_2,6.0,spotify:track:08mG3Y1vljYA6bvDt4Wqkj,0.763,track
0.0379,1NXFOGXg0mgLKZH8NAjvSc,https://api.spotify.com/v1/audio-analysis/0rKOm4HSCjkmnETVF0CAR0,"['65mhagJ8xm9ikucFZ0sK3X', '3t96ooAg7YcJQF7lPpcMiU']",Jimi Hendrix,"['AD', 'AE', 'AR', 'AT', 'AU', 'BE', 'BG', 'BH', 'BO', 'BR', 'CA', 'CH', 'CL', 'CO', 'CR', 'CY', 'CZ', 'DE', 'DK', 'DO', 'DZ', 'EC', 'EE', 'EG', 'ES', 'FI', 'FR', 'GB', 'GR', 'GT', 'HK', 'HN', 'HU', 'ID', 'IE', 'IL', 'IN', 'IS', 'IT', 'JO', 'JP', 'KW', 'LB', 'LI', 'LT', 'LU', 'LV', 'MA', 'MC', 'MT', 'MX', 'MY', 'NI', 'NL', 'NO', 'NZ', 'OM', 'PA', 'PE', 'PH', 'PL', 'PS', 'PT', 'PY', 'QA', 'RO', 'SA', 'SE', 'SG', 'SK', 'SV', 'TH', 'TN', 'TR', 'TW', 'US', 'UY', 'VN', 'ZA']",AR,0.773,1.0,196500.0,0.57,https://api.spotify.com/v1/tracks/0rKOm4HSCjkmnETVF0CAR0,0rKOm4HSCjkmnETVF0CAR0,0.0,5.0,0.265,-6.625,"

I've been captivated ever since the first time I saw you
You were like a non-stop train on the move
Taking me places I never thought I'd go to
Now I realize how much I love you
Ooh...
If only I wasn't so blind, I will have you by my side
Now that were living our separate lives
I hope that true love never passed me by
CHORUS
This thing of ours so beautiful never needed more
Just like a flower you did it all without touching the floor
It is what it is my love (x2)
Ah yeah

Yo Fiji I knew you'd always be the one to complete me
Since the day we met its always been so easy
To love you up (x2)
You won my heart every time you hold me in your arms
Your tender love and charm when I look into your eyes
I recognize that our love will never die
CHORUS
This thing of ours so beautiful never needed more
Just like a warrior you did it all without touching the floor
It is what it is my love (x2)

Girl...your...eyes...your...lips...your face...your touch
Down to your hips...your...legs I love so much
If loving you was wrong girl I don't wanna be right
I was in the dark until you showed me the light
Never did I think that I would experience
Something so ridiculously beautiful as you
CHORUS...(x2)
",1.0,Purple Haze,rock,36.0,https://p.scdn.co/mp3-preview/c895147266dc29cff0d61347d90dd2249790a59e?cid=b3cdb16d0df2409abf6a8f6c2f6c2e0c,0.0466,80.036,4.0,https://api.spotify.com/v1/tracks/0rKOm4HSCjkmnETVF0CAR0,track_41,1.0,spotify:track:0rKOm4HSCjkmnETVF0CAR0,0.96,track
0.0404,5B4PYA7wNN4WdEXdIJu58a,https://api.spotify.com/v1/audio-analysis/62nQ8UZVqR2RMvkJHkcO2o,['1w5Kfo2jwwIPruYS2UWh56'],Pearl Jam,"['AD', 'AE', 'AR', 'AT', 'AU', 'BE', 'BG', 'BH', 'BO', 'BR', 'CA', 'CH', 'CL', 'CO', 'CR', 'CY', 'CZ', 'DE', 'DK', 'DO', 'DZ', 'EC', 'EE', 'EG', 'ES', 'FI', 'FR', 'GB', 'GR', 'GT', 'HK', 'HN', 'HU', 'ID', 'IE', 'IL', 'IN', 'IS', 'IT', 'JO', 'JP', 'KW', 'LB', 'LI', 'LT', 'LU', 'LV', 'MA', 'MC', 'MT', 'MX', 'MY', 'NI', 'NL', 'NO', 'NZ', 'OM', 'PA', 'PE', 'PH', 'PL', 'PS', 'PT', 'PY', 'QA', 'RO', 'SA', 'SE', 'SG', 'SK', 'SV', 'TH', 'TN', 'TR', 'TW', 'US', 'UY', 'VN', 'ZA']",AR,0.285,1.0,318227.0,0.846,https://api.spotify.com/v1/tracks/62nQ8UZVqR2RMvkJHkcO2o,62nQ8UZVqR2RMvkJHkcO2o,0.0,2.0,0.182,-6.472,"

At home drawin' pictures of mountain tops
With him on top, lemon yellow sun
Arms raised in a ""v""
And the dead lay in pools of maroon below

Daddy didn't give attention
To the fact that mommy didn't care
King Jeremy the wicked
Ruled his world

Jeremy spoke in class today
Jeremy spoke in class today

Clearly I remember picking on the boy
Seemed a harmless little fuck
But we unleashed a lion
Gnashed his teeth and bit the recess lady's breast
How could I forget?
And he hit me with a surprise left
My jaw left hurting, dropped wide open
Just like the day, oh, like the day I heard

Daddy didn't give affection, no
And the boy was something that mommy wouldn't wear
King Jeremy the wicked
Ruled his world

Jeremy spoke in class today
Jeremy spoke in class today
Jeremy spoke in class today

Try to forget this (Try to forget this)
Try to erase this (Try to erase this)
From the blackboard

Jeremy spoke in class today
Jeremy spoke in class today
Jeremy spoke in, spoke in
Jeremy spoke in, spoke in
Jeremy spoke in class today
(spoke in, spoke in, spoke in...)
(spoke in, spoke in, spoke in...)
(spoke in, spoke in, spoke in...)
",1.0,Jeremy,rock,74.0,https://p.scdn.co/mp3-preview/c5742cc09643dc0704b397d938b425c575f89b57?cid=b3cdb16d0df2409abf6a8f6c2f6c2e0c,0.0438,108.808,4.0,https://api.spotify.com/v1/tracks/62nQ8UZVqR2RMvkJHkcO2o,track_5,6.0,spotify:track:62nQ8UZVqR2RMvkJHkcO2o,0.287,track
0.212,2mFcOZBh8JmZdwIiOVeTw7,https://api.spotify.com/v1/audio-analysis/5IRWgQiN0c2i4U97iE3OoY,['6v8FB84lnmJs434UJf2Mrm'],Neil Young,"['AD', 'AE', 'AR', 'AT', 'AU', 'BE', 'BG', 'BH', 'BO', 'BR', 'CA', 'CH', 'CL', 'CO', 'CR', 'CY', 'CZ', 'DE', 'DK', 'DO', 'DZ', 'EC', 'EE', 'EG', 'ES', 'FI', 'FR', 'GB', 'GR', 'GT', 'HK', 'HN', 'HU', 'ID', 'IE', 'IL', 'IS', 'IT', 'JO', 'JP', 'KW', 'LB', 'LI', 'LT', 'LU', 'LV', 'MA', 'MC', 'MT', 'MX', 'MY', 'NI', 'NL', 'NO', 'NZ', 'OM', 'PA', 'PE', 'PH', 'PL', 'PS', 'PT', 'PY', 'QA', 'RO', 'SA', 'SE', 'SG', 'SK', 'SV', 'TH', 'TN', 'TR', 'TW', 'US', 'UY', 'VN', 'ZA']",AR,0.542,1.0,187013.0,0.444,https://api.spotify.com/v1/tracks/5IRWgQiN0c2i4U97iE3OoY,5IRWgQiN0c2i4U97iE3OoY,0.0519,4.0,0.102,-11.567,"


I want to live, I want to give
I've been a miner for a heart of gold
It's these expressions I never give

That keep me searchin' for a heart of gold
And I'm getting old
Keep me searchin' for a heart of gold
And I'm getting old


I've been to Hollywood, I've been to Redwood
I crossed the ocean for a heart of gold
I've been in my mind, it's such a fine line

That keeps me searchin' for a heart of gold
And I'm getting old
Keeps me searchin' for a heart of gold
And I'm getting old


Keep me searchin' for a heart of gold
You keep me searchin' and I'm growing old
Keep me searchin' for a heart of gold
I've been a miner for a heart of gold
",0.0,Heart of Gold,rock,59.0,https://p.scdn.co/mp3-preview/580fe6fe1db0ad2f84c2b970007ef2a930198b8f?cid=b3cdb16d0df2409abf6a8f6c2f6c2e0c,0.0295,171.719,4.0,https://api.spotify.com/v1/tracks/5IRWgQiN0c2i4U97iE3OoY,track_30,22.0,spotify:track:5IRWgQiN0c2i4U97iE3OoY,0.827,track
0.15,5Dbax7G8SWrP9xyzkOvy2F,https://api.spotify.com/v1/audio-analysis/5HNCy40Ni5BZJFw1TKzRsC,['0k17h0D3J5VfsdmQ1iZtE9'],Pink Floyd,"['AE', 'AR', 'AU', 'BH', 'BO', 'BR', 'CA', 'CL', 'CO', 'CR', 'DO', 'EC', 'EG', 'GT', 'HK', 'HN', 'ID', 'IL', 'IN', 'JO', 'JP', 'KW', 'LB', 'MX', 'MY', 'NI', 'NZ', 'OM', 'PA', 'PE', 'PH', 'PS', 'PY', 'QA', 'SA', 'SG', 'SV', 'TH', 'TN', 'TW', 'US', 'UY', 'VN', 'ZA']",AR,0.472,2.0,382297.0,0.366,https://api.spotify.com/v1/tracks/5HNCy40Ni5BZJFw1TKzRsC,5HNCy40Ni5BZJFw1TKzRsC,0.308,11.0,0.0837,-12.595,"


Hello? (Hello, hello, hello)
Is there anybody in there?
Just nod if you can hear me
Is there anyone home?
Come on, now (Come on, come on)
I hear you're feeling down
Well I can ease your pain
And get you on your feet again
Relax (Relax, relax, relax)
I need some information first
Just the basic facts
Can you show me where it hurts?

There is no pain, you are receding
A distant ship, smoke on the horizon
You are only coming through in waves
Your lips move, but I can't hear what you're saying
When I was a child, I had a fever
My hands felt just like two balloons
Now I've got that feeling once again
I can't explain, you would not understand
This is not how I am
I have become comfortably numb


I have become comfortably numb

Okay (Okay, okay, okay)
Just a little pinprick 
There'll be no more ""AHHHHHHHHHHHHH!""
But you may feel a little sick
Can you stand up? (Stand up, stand up)
I do believe it's working, good
That'll keep you going through the show
Come on, it's time to go

There is no pain, you are receding
A distant ship, smoke on the horizon
You are only coming through in waves
Your lips move, but I can't hear what you're saying
When I was a child, I caught a fleeting glimpse
Out of the corner of my eye
I turned to look, but it was gone
I cannot put my finger on it now
The child is grown
The dream is gone
I have become comfortably numb

",0.0,Comfortably Numb,rock,75.0,https://p.scdn.co/mp3-preview/daf1a7a5cf0ca8fc212ce61ac3d058fb12e2814f?cid=b3cdb16d0df2409abf6a8f6c2f6c2e0c,0.0286,127.167,4.0,https://api.spotify.com/v1/tracks/5HNCy40Ni5BZJFw1TKzRsC,track_19,6.0,spotify:track:5HNCy40Ni5BZJFw1TKzRsC,0.171,track
0.652,3usnShwygMXVZB4IV5dwnU,https://api.spotify.com/v1/audio-analysis/2RlgNHKcydI9sayD2Df2xp,['7jefIIksOi1EazgRTfW2Pk'],Electric Light Orchestra,"['AD', 'AE', 'AR', 'AT', 'AU', 'BE', 'BG', 'BH', 'BO', 'BR', 'CA', 'CH', 'CL', 'CO', 'CR', 'CY', 'CZ', 'DE', 'DK', 'DO', 'DZ', 'EC', 'EE', 'EG', 'ES', 'FI', 'FR', 'GB', 'GR', 'GT', 'HK', 'HN', 'HU', 'ID', 'IE', 'IL', 'IN', 'IS', 'IT', 'JO', 'JP', 'KW', 'LB', 'LI', 'LT', 'LU', 'LV', 'MA', 'MC', 'MT', 'MX', 'MY', 'NI', 'NL', 'NO', 'NZ', 'OM', 'PA', 'PE', 'PH', 'PL', 'PS', 'PT', 'PY', 'QA', 'RO', 'SA', 'SE', 'SG', 'SK', 'SV', 'TH', 'TN', 'TR', 'TW', 'US', 'UY', 'VN', 'ZA']",AR,0.388,1.0,303373.0,0.338,https://api.spotify.com/v1/tracks/2RlgNHKcydI9sayD2Df2xp,2RlgNHKcydI9sayD2Df2xp,3.72e-06,10.0,0.248,-10.054,"

Morning! Today's forecast calls for blue skies

Sun is shining in the sky
There ain't a cloud in sight
It's stopped raining, everybody's in the play
And don't you know, it's a beautiful new day, hey
Running down the Avenue
See how the sun shines brightly
In the city, on the streets where once was pity
Mr. Blue Sky is living here today, hey

Mr. Blue Sky, please tell us why
You had to hide away for so long, so long
Where did we go wrong?
Mr. Blue Sky, please tell us why
You had to hide away for so long, so long
Where did we go wrong?

Hey, you with the pretty face
Welcome to the human race
A celebration, Mr. Blue Sky's up there waiting
And today is the day we've waited for

Mr. Blue Sky, please tell us why
You had to hide away for so long, so long
Where did we go wrong?
Hey there, Mr. Blue
We're so pleased to be with you
Look around, see what you do
Everybody smiles at you
Hey there, Mr. Blue
We're so pleased to be with you
Look around, see what you do
Everybody smiles at you

Mister Blue Sky!
Mister Blue Sky
Mister Blue Sky-yiy!

Mr. Blue, you did it right
But soon comes Mr. Night
Creeping over, now his hand is on your shoulder
Never mind, I'll remember you this
I'll remember you this way

Mr. Blue Sky, please tell us why
You had to hide away for so long, so long
Where did we go wrong?
Hey there, Mr. Blue (sky)
We're so pleased to be with you (sky)
Look around, see what you do (blue)
Everybody smiles at you

Please turn me over
",1.0,Mr. Blue Sky,rock,82.0,https://p.scdn.co/mp3-preview/bb98f258a01d52c9b1c86ae82c67132bd52f29af?cid=b3cdb16d0df2409abf6a8f6c2f6c2e0c,0.0328,177.784,4.0,https://api.spotify.com/v1/tracks/2RlgNHKcydI9sayD2Df2xp,track_9,13.0,spotify:track:2RlgNHKcydI9sayD2Df2xp,0.477,track
